claim_id,stable_id,owner,branch,task,claimed_at,expires_at,pr,active
PILOT-BB9070,FUN_00BB9070,coordinator,pilot/bb9070-accessors,pilot accessor recovery,2026-09-06T17:38:00Z,,,true
PILOT-BB9080,FUN_00BB9080,coordinator,pilot/bb9070-accessors,pilot accessor recovery,2026-09-06T17:38:00Z,,,true
PILOT-BB9090,FUN_00BB9090,coordinator,pilot/bb9070-accessors,pilot accessor recovery,2026-09-06T17:38:00Z,,,true
PILOT-BB90C0-CONTINUED,FUN_00BB90C0,coordinator,pilot/bb90c0-membership-continued,pilot linked-chain membership recovery,2026-09-07T19:36:02Z,,,true
SEQ-00401000,FUN_00401000,coordinator,decomp/00401000-sequential-pass-001,sequential decomp pass 001,2026-09-07T19:50:00Z,,,true
SEQ-00401010,FUN_00401010,coordinator,decomp/00401000-sequential-pass-001,sequential decomp pass 001,2026-09-07T19:50:00Z,,,true
SEQ-004010F0,FUN_004010F0,coordinator,decomp/00401000-sequential-pass-001,sequential decomp pass 001,2026-09-07T19:50:00Z,,,true
SEQ-004011B0,FUN_004011B0,coordinator,decomp/00401000-sequential-pass-001,sequential decomp pass 001,2026-09-07T19:50:00Z,,,true
SEQ-004011F0,FUN_004011F0,coordinator,decomp/00401000-sequential-pass-001,sequential decomp pass 001,2026-09-07T19:50:00Z,,,true
SEQ-00401200,FUN_00401200,coordinator,decomp/00401000-sequential-pass-001,sequential decomp pass 001,2026-09-07T19:50:00Z,,,true
SEQ-00401210,FUN_00401210,coordinator,decomp/00401000-sequential-pass-001,sequential decomp pass 001,2026-09-07T19:50:00Z,,,true
SEQ-00401220,FUN_00401220,coordinator,decomp/00401000-sequential-pass-001,sequential decomp pass 001,2026-09-07T19:50:00Z,,,true
SEQ-00401230,FUN_00401230,coordinator,decomp/00401000-sequential-pass-001,sequential decomp pass 001,2026-09-07T19:50:00Z,,,true
SEQ-00401240,FUN_00401240,coordinator,decomp/00401000-sequential-pass-001,sequential decomp pass 001,2026-09-07T19:50:00Z,,,true
SEQ-00401250,FUN_00401250,coordinator,decomp/00401000-sequential-pass-001,sequential decomp pass 001,2026-09-07T19:50:00Z,,,true
SEQ-00401260,FUN_00401260,coordinator,decomp/00401000-sequential-pass-001,sequential decomp pass 001,2026-09-07T19:50:00Z,,,true
SEQ-00401270,FUN_00401270,coordinator,decomp/00401270-sequential,sequential decomp of achievement-write loop,2026-09-07T19:50:00Z,,,true
SEQ-004012F0,FUN_004012F0,coordinator,decomp/004012f0-sequential,sequential decomp of XLive achievement enumeration wrapper,2026-09-08T18:43:51Z,,,true
SEQ-00401400,FUN_00401400,coordinator,decomp/004013b0-sequential,sequential decomp of thiscall field equality helper,2026-09-10T09:47:44Z,,,true
SEQ-00401410,FUN_00401410,coordinator,decomp/00401410-sequential,sequential decomp of conditional virtual dispatch helper,2026-09-10T10:05:00Z,,,true
SEQ-00401470,FUN_00401470,coordinator,decomp/00401470-sequential,sequential decomp of provider value query helper,2026-09-10T10:13:28Z,,,true
SEQ-004014C0,FUN_004014C0,coordinator,decomp/004014c0-sequential,sequential decomp of dual polling state helper,2026-09-10T10:28:00Z,,,true
SEQ-004015D0,FUN_004015D0,coordinator,decomp/004015d0-sequential,sequential decomp of SteamUtils IP-country mapping helper,2026-09-10T11:46:00Z,,,true
SEQ-00401640,FUN_00401640,coordinator,decomp/00401640-sequential,sequential decomp of SteamAPI_Shutdown tail thunk,2026-09-10T12:00:00Z,,,true
SEQ-00401650,FUN_00401650,coordinator,decomp/00401650-sequential,sequential decomp of SteamUserStats virtual slot +0x54 dispatch,2026-09-10T12:10:00Z,,,true
SEQ-00401670,FUN_00401670,coordinator,decomp/00401670-sequential,sequential decomp of Steam achievement clear helper,2026-09-10T12:54:00Z,,,true
SEQ-004016C0,FUN_004016C0,coordinator,decomp/004016c0-sequential,sequential decomp of Steam achievement set helper,2026-09-10T13:03:00Z,,,true
SEQ-00401730,FUN_00401730,coordinator,decomp/00401730-sequential,sequential decomp of 8-byte feedback XOR encoder,2026-09-10T13:11:00Z,,,true
SEQ-004017B0,FUN_004017B0,coordinator,decomp/004017b0-sequential,sequential decomp of exact 8-byte feedback XOR decode flow,2026-09-10T13:30:00Z,,,true
SEQ-00401830,FUN_00401830,coordinator,decomp/00401830-sequential,sequential decomp of exact byte-range equality flow,2026-09-10T13:45:00Z,,,true
SEQ-00401860,FUN_00401860,coordinator,decomp/00401860-sequential,sequential decomp of SteamUser-backed virtual slot +0x04 helper,2026-09-10T14:52:00Z,,,true
SEQ-00401880,FUN_00401880,coordinator,decomp/00401880-sequential,sequential decomp of SteamFriends slot +0x00 bounded string helper,2026-09-10T15:01:00Z,,,true
SEQ-004018C0,FUN_004018C0,coordinator,decomp/004018c0-sequential,sequential decomp of global object probe cache helper,2026-09-10T17:21:01Z,,,true
SEQ-004018F0,FUN_004018F0,coordinator,decomp/004018f0-sequential,sequential decomp of global-object branch dispatch helper,2026-09-10T17:57:55Z,,,true
SEQ-00401910,FUN_00401910,coordinator,decomp/00401910-sequential,sequential decomp of global-object cached-state query helper,2026-09-10T18:13:00Z,,,true
SEQ-00401940,FUN_00401940,coordinator,decomp/00401940-sequential,sequential decomp of positive-state byte setter,2026-09-10T18:22:00Z,,,true
SEQ-00401950,FUN_00401950,coordinator,decomp/00401950-sequential,sequential decomp of current-language classifier,2026-09-10T18:30:00Z,,,true
SEQ-00401B50,FUN_00401B50,coordinator,decomp/00401b50-sequential,sequential decomp of awarded-achievement Steam save summary helper,2026-09-10T18:40:00Z,,,true
SEQ-00401D10,FUN_00401D10,coordinator,decomp/00401d10-sequential,sequential decomp of achievement enumeration wrapper,2026-09-10T18:50:00Z,,,true
SEQ-00401D50,FUN_00401D50,coordinator,decomp/00401d50-sequential,sequential decomp of achievement callback object constructor,2026-09-10T19:02:00Z,,,true
SEQ-00401E30,FUN_00401E30,coordinator,decomp/00401e30-sequential,sequential decomp of achievement singleton allocator,2026-09-10T19:12:00Z,,,true
SEQ-00401E60,FUN_00401E60,coordinator,decomp/00401e60-sequential,sequential decomp of platform Steam initialization gate,2026-09-10T19:25:00Z,,,true
SEQ-00401FE0,FUN_00401FE0,coordinator,decomp/00401fe0-sequential,sequential decomp of variadic formatting wrapper,2026-09-10T19:38:00Z,,,true
SEQ-00402000,FUN_00402000,coordinator,decomp/00402000-sequential,sequential decomp of constant global-object thunk block,2026-09-10T19:48:00Z,,,true
SEQ-00402020,FUN_00402020,coordinator,decomp/00402020-sequential,sequential decomp of callback slot registration helper,2026-09-10T19:58:00Z,,,true
SEQ-00402060,FUN_00402060,coordinator,decomp/00402060-sequential,sequential decomp of callback slot registration helper id 0x44E,2026-09-10T20:06:00Z,,,true
SEQ-004020A0,FUN_004020A0,coordinator,decomp/004020a0-sequential,sequential decomp of callback slot registration helper id 0x44F,2026-09-10T20:16:00Z,,,true
SEQ-004020E0,FUN_004020E0,coordinator,decomp/004020e0-sequential,sequential decomp of global value getter at 0x016E1660,2026-09-10T20:58:00Z,,,true
SEQ-004020F0,FUN_004020F0,coordinator,decomp/004020f0-sequential,sequential decomp of global value getter at 0x016E1690,2026-09-10T20:59:00Z,,,true
SEQ-00402110,FUN_00402110,coordinator,decomp/00402110-sequential,sequential decomp of one-dword copy helper,2026-09-10T21:00:00Z,,,true
SEQ-00402120,FUN_00402120,coordinator,decomp/00402120-sequential,sequential decomp of aligned allocation thunk,2026-09-10T21:01:00Z,,,true
SEQ-00402250,FUN_00402250,coordinator,decomp/00402250-sequential,sequential decomp of virtual slot +0x10 value getter,2026-09-11T06:52:00Z,,,true
SEQ-00402270,FUN_00402270,coordinator,decomp/00402270-sequential,sequential classification of external tail-jump thunk,2026-09-11T06:53:00Z,,,true
SEQ-00402280,FUN_00402280,coordinator,decomp/00402280-sequential,sequential decomp of global value getter at 0x016E1D3C,2026-09-11T06:54:00Z,,,true
SEQ-00402290,FUN_00402290,coordinator,decomp/00402290-sequential,sequential decomp of vtable setter plus external tail-jump thunk,2026-09-11T06:55:00Z,,,true
SEQ-004022A0,FUN_004022A0,coordinator,decomp/004022a0-sequential,sequential decomp of four-byte initializer helper,2026-09-11T06:56:00Z,,,true
SEQ-004022C0,FUN_004022C0,coordinator,decomp/004022c0-sequential,sequential decomp of zero dword initializer helper,2026-09-11T06:57:00Z,,,true
SEQ-004022D0,FUN_004022D0,coordinator,decomp/004022d0-sequential,sequential decomp of reference-counted pointer copy helper,2026-09-11T06:58:00Z,,,true
SEQ-004022F0,FUN_004022F0,coordinator,decomp/004022f0-004023e0-sequential,sequential decomp of object/fallback string comparison,2026-09-11T07:40:00Z,,,true
SEQ-00402350,FUN_00402350,coordinator,decomp/004022f0-004023e0-sequential,sequential decomp of null-safe indirect dword getter,2026-09-11T07:41:00Z,,,true
SEQ-00402360,FUN_00402360,coordinator,decomp/004022f0-004023e0-sequential,sequential decomp of reference-counted string constructor,2026-09-11T07:42:00Z,,,true
SEQ-004023E0,FUN_004023E0,coordinator,decomp/004022f0-004023e0-sequential,sequential decomp of reference-counted string release,2026-09-11T07:43:00Z,,,true
SEQ-00402420,FUN_00402420,coordinator,decomp/00402420-00402430-sequential,sequential decomp of refcounted string data/fallback accessor,2026-09-11T07:52:00Z,,,true
SEQ-00402430,FUN_00402430,coordinator,decomp/00402420-00402430-sequential,sequential decomp of refcounted string replacement helper,2026-09-11T07:53:00Z,,,true
SEQ-00402480,FUN_00402480,coordinator,decomp/00402480-004024b0-clean,sequential decomp of aligned allocation wrapper,2026-09-16T12:00:00Z,,,true
SEQ-004024A0,FUN_004024A0,coordinator,decomp/00402480-004024b0-clean,sequential decomp of global value getter,2026-09-16T12:01:00Z,,,true
SEQ-004024B0,FUN_004024B0,coordinator,decomp/00402480-004024b0-clean,sequential decomp of reverse-order callback loop,2026-09-16T12:02:00Z,,,true
SEQ-00402560,FUN_00402560,coordinator,decomp/00402560-00402640,sequential decomp of recursive node count/log traversal,2026-09-16T20:48:00Z,,,true
SEQ-004025D0,FUN_004025D0,coordinator,decomp/00402560-00402640,sequential decomp of recursive node collector,2026-09-16T20:49:00Z,,,true
SEQ-00402640,FUN_00402640,coordinator,decomp/00402560-00402640,sequential decomp of global table lookup predicate,2026-09-16T20:50:00Z,,,true
SEQ-004026C0,FUN_004026C0,coordinator,decomp/004026c0-00402770,sequential decomp of global table value lookup,2026-09-17T00:00:00Z,,,true
SEQ-00402770,FUN_00402770,coordinator,decomp/004026c0-00402770,sequential decomp of string formatter request wrapper,2026-09-17T00:01:00Z,,,true
SEQ-00402B10,FUN_00402B10,coordinator,decomp/00402b10-tree-registration,sequential decomp of recursive node/table registration pass,2026-09-17T00:10:00Z,,,true
SEQ-00402DF0,FUN_00402DF0,coordinator,decomp/00402df0-dispatch,sequential decomp of formatted registry dispatch wrapper,2026-09-17T00:20:00Z,,,true
SEQ-00402E70,FUN_00402E70,coordinator,decomp/00402df0-dispatch,sequential decomp of list iterator/state-machine label selector,2026-09-17T00:30:00Z,,,true
SEQ-00402FC0,FUN_00402FC0,coordinator,decomp/00402fc0-state-machine,sequential decomp of four-state registry dispatch machine,2026-09-17T00:40:00Z,,,true
SEQ-00403150,FUN_00403150,coordinator,decomp/00403150-session-check,sequential decomp of recursive resource walker,2026-09-17T00:50:00Z,,,true
SEQ-00403640,FUN_00403640,coordinator,decomp/00403640-pointer-state,sequential decomp of registry-backed recursive resource binder,2026-09-17T01:00:00Z,,,true
SEQ-00403AF0,FUN_00403AF0,coordinator,decomp/00403af0-next,sequential decomp of registry-table resource scanner,2026-09-21T00:00:00Z,,,true
SEQ-00403F50,FUN_00403F50,coordinator,decomp/00403f50-next,sequential decomp of resource scan batch initializer,2026-09-21T00:10:00Z,,,true
SEQ-00404E60,FUN_00404E60,coordinator,decomp/00404e60-next,sequential decomp of effect resource scan dispatcher,2026-09-21T17:18:00Z,,,true
SEQ-00404F90,FUN_00404F90,coordinator,decomp/00404f90-next,sequential decomp of table registration candidate block,2026-09-21T17:28:00Z,,,true
SEQ-00405710,FUN_00405710,coordinator,decomp/00405710-next,sequential decomp of guarded request child registration pass,2026-09-21T17:45:00Z,,,true
SEQ-00405BD0,FUN_00405BD0,coordinator,decomp/00405bd0-next,sequential decomp of message resource registration pass,2026-09-21T21:08:22Z,,,true
SEQ-00405DF0,FUN_00405DF0,coordinator,decomp/00405df0-next,sequential decomp of message-resource registration batch,2026-09-21T21:03:00Z,,,true
SEQ-00405A60,FUN_00405A60,coordinator,decomp/00405a60-next,sequential decomp of static six-entry resource registration pass,2026-09-21T21:45:00Z,,,true
SEQ-00405930,FUN_00405930,coordinator,decomp/00405930-next,sequential decomp of three-state node conversion worker,2026-09-21T21:00:00Z,,,true
SEQ-004064E0,FUN_004064E0,coordinator,decomp/004064e0-next,sequential decomp of GameResource forwarding wrapper,2026-09-21T22:06:00Z,,,true
SEQ-00406010,FUN_00406010,coordinator,decomp/00406010-next,sequential decomp of recursive convertDir resource walker,2026-09-21T22:04:00Z,,,true
SEQ-00406510,FUN_00406510,coordinator,decomp/00406510-next,sequential decomp of ShowGameResource forwarding wrapper,2026-09-21T22:18:00Z,,,true
SEQ-004061F0,FUN_004061F0,coordinator,decomp/004061f0-next,sequential decomp of generalized archive resource registration helper,2026-09-21T22:04:00Z,,,true
SEQ-00406540,FUN_00406540,coordinator,decomp/00406540-next,sequential decomp of Game2Resource forwarding wrapper,2026-09-21T22:29:00Z,,,true
SEQ-00406570,FUN_00406570,coordinator,decomp/00406570-next,sequential decomp of TitleResource registration wrapper,2026-09-21T22:45:26Z,,,true
SEQ-004065A0,FUN_004065A0,coordinator,decomp/004065a0-next,sequential decomp of Title2Resource forwarding wrapper,2026-09-21T22:48:56Z,,,true
SEQ-004065D0,FUN_004065D0,coordinator,decomp/004065d0-next,sequential decomp of ShowTitleResource forwarding wrapper,2026-09-21T23:04:12Z,,,true
SEQ-00406600,FUN_00406600,coordinator,decomp/00406600-next,sequential decomp of MenuResource forwarding wrapper,2026-09-21T23:13:03Z,,,true
SEQ-00406620,FUN_00406620,coordinator,decomp/00406620-next,sequential decomp of Menu2Resource forwarding wrapper,2026-09-21T23:08:00Z,,,true
SEQ-004066C0,FUN_004066C0,coordinator,decomp/004066c0-next,sequential decomp of VersusResource forwarding wrapper,2026-09-21T23:22:00Z,,,true
SEQ-00406680,FUN_00406680,coordinator,decomp/00406680-next,sequential decomp of ShopResource forwarding wrapper,2026-09-21T23:25:29Z,,,true
SEQ-004066E0,FUN_004066E0,coordinator,decomp/004066e0-next,sequential decomp of MerceResource forwarding wrapper,2026-09-21T23:35:00Z,,,true
SEQ-00406700,FUN_00406700,coordinator,decomp/00406700-next,sequential decomp of Extra1Resource forwarding wrapper,2026-09-21T23:33:00Z,,,true
SEQ-00406720,FUN_00406720,coordinator,decomp/00406720-next,sequential decomp of Extra2Resource forwarding wrapper,2026-09-21T23:48:00Z,,,true
SEQ-00406740,FUN_00406740,coordinator,decomp/00406740-next,sequential decomp of Extra1End forwarding wrapper,2026-09-21T23:56:54Z,,,true
SEQ-00406760,FUN_00406760,coordinator,decomp/00406760-next,sequential decomp of Extra2End forwarding wrapper,2026-09-22T02:46:00+02:00,,,true
SEQ-00406780,FUN_00406780,coordinator,decomp/00406780-next,sequential decomp of Merce2Resource forwarding wrapper,2026-09-22T00:50:00Z,,,true
SEQ-004067A0,FUN_004067A0,coordinator,decomp/004067a0-next,sequential decomp of RecordResource forwarding wrapper,2026-09-22T15:50:00Z,,,true
SEQ-004067C0,FUN_004067C0,coordinator,decomp/004067c0-next,sequential decomp of ViewerResource forwarding wrapper,2026-09-22T16:39:43Z,,,true
SEQ-00406800,FUN_00406800,coordinator,decomp/00406800-next,sequential decomp of CreditResource forwarding wrapper,2026-09-22T16:37:00Z,,,true
SEQ-00406820,FUN_00406820,coordinator,decomp/00406820-next,sequential decomp of Credit2Resource forwarding wrapper,2026-09-22T18:37:00+02:00,,,true
SEQ-004067E0,FUN_004067E0,coordinator,decomp/004067e0-next,sequential decomp of FigureResource forwarding wrapper,2026-09-22T16:36:00Z,,,true
SEQ-00406840,FUN_00406840,coordinator,decomp/00406840-next,sequential decomp of indexed ChapterEnd forwarding wrapper,2026-09-23T18:02:00Z,,,true
SEQ-004068A0,FUN_004068A0,coordinator,decomp/004068a0-next,sequential decomp of indexed MerceResult01-08 forwarding wrapper,2026-09-23T18:03:00Z,,,true
SEQ-004068D0,FUN_004068D0,coordinator,decomp/004068d0-next,sequential decomp of BenchResource forwarding wrapper,2026-09-23T20:04:00+02:00,,,true
SEQ-00406870,FUN_00406870,coordinator,decomp/00406870-next,sequential decomp of VersusResult01-08 selector forwarding wrapper,2026-09-23T18:03:00Z,,,true
SEQ-00406910,FUN_00406910,coordinator,decomp/00406910-next,sequential decomp of guarded Merce-DC stage conversion worker,2026-09-23T18:12:00Z,,,true
SEQ-00406B20,FUN_00406B20,coordinator,decomp/00406b20-next,sequential decomp of LoadResource batch coordinator,2026-09-23T20:04:00+02:00,,,true
SEQ-00406CA0,FUN_00406CA0,coordinator,decomp/00406ca0-next,sequential decomp of Game2Resource eleven-message forwarding loop,2026-09-23T18:40:00Z,,,true
SEQ-00406CD0,FUN_00406CD0,coordinator,decomp/00406cd0-next,sequential decomp of eight-group resource registration batch,2026-09-23T18:23:00Z,,,true
SEQ-00406DB0,FUN_00406DB0,coordinator,decomp/00406db0-next,sequential decomp of resource bootstrap and message loading sequence,2026-09-23T18:55:00Z,,,true
SEQ-00407250,FUN_00407250,coordinator,decomp/00407250-next,sequential decomp of resource dispatch coordinator,2026-09-23T20:41:00+02:00,,,true
SEQ-00407A30,FUN_00407A30,coordinator,decomp/00407a30-next,sequential decomp of resource-conversion phase helper,2026-09-23T23:06:33Z,,,true
SEQ-00407AF0,FUN_00407AF0,coordinator,decomp/00407af0-next,sequential decomp of RTTI-proven std::bad_alloc copy constructor wrapper,2026-09-23T23:15:00Z,,,true
SEQ-00407B10,FUN_00407B10,coordinator,decomp/00407b10-next,sequential decomp of conditional EnterCriticalSection wrapper,2026-09-23T23:31:04Z,,,true
SEQ-00407C00,FUN_00407C00,coordinator,decomp/00407c00-next,sequential decomp of linked-chain key lookup returning owner,2026-09-23T23:40:00Z,,,true
SEQ-00407A70,FUN_00407A70,coordinator,decomp/00407a70-next,sequential decomp of null-guarded four-byte-element count helper,2026-09-24T00:21:00Z,,,true
SEQ-00407B30,FUN_00407B30,coordinator,decomp/00407b30-next,sequential decomp of conditional LeaveCriticalSection wrapper,2026-09-24T00:21:00Z,,,true
SEQ-00407A90,FUN_00407A90,coordinator,decomp/00407a90-next,sequential decomp of 16-byte aligned allocation adapter and std::bad_alloc guard,2026-09-24T00:21:00Z,,,true
SEQ-00407B70,FUN_00407B70,coordinator,decomp/00407b70-next,sequential decomp of nullable this+0x102C address accessor,2026-09-24T00:36:00Z,,,true
SEQ-00407BC0,FUN_00407BC0,coordinator,decomp/00407bc0-next,sequential decomp of linked-chain boolean membership test,2026-09-24T00:54:00Z,,,true
SEQ-00407B50,FUN_00407B50,coordinator,decomp/00407b50-next,sequential decomp of nullable this+0x1028 address accessor,2026-09-24T00:21:00Z,,,true
SEQ-00407C40,FUN_00407C40,coordinator,decomp/00407c40-next,sequential decomp of refcounted-string wrapper constructor,2026-09-24T00:58:00Z,,,true
SEQ-00407C60,FUN_00407C60,coordinator,decomp/00407c60-next,sequential decomp of variadic refcounted-string formatter,2026-09-24T01:08:00Z,,,true
SEQ-00407CD0,FUN_00407CD0,coordinator,decomp/00407cd0-next,sequential decomp of refcounted-string release helper,2026-09-24T01:22:00Z,,,true
SEQ-00407CF0,FUN_00407CF0,coordinator,decomp/00407cf0-next,sequential decomp of pre-cleared refcounted-string wrapper constructor,2026-09-24T01:22:00Z,,,true
SEQ-00407D10,FUN_00407D10,coordinator,decomp/00407d10-next,sequential decomp of refcounted-string append helper,2026-09-24T01:23:00Z,,,true
SEQ-00407DC0,FUN_00407DC0,coordinator,decomp/00407dc0-next,sequential decomp of synchronized indexed dword setter,2026-09-24T01:47:00Z,,,true
SEQ-00407D90,FUN_00407D90,coordinator,decomp/00407d90-next,sequential decomp of refcounted-string copy-then-append wrapper,2026-09-24T01:55:00Z,,,true
SEQ-00407E10,FUN_00407E10,coordinator,decomp/00407e10-next,sequential decomp of synchronized current-slot dword setter,2026-09-24T02:00:00Z,,,true
SEQ-00407E70,FUN_00407E70,coordinator,decomp/00407e70-next,sequential decomp of thiscall allocation wrapper over FUN_00407A90,2026-09-24T02:12:00Z,,,true
SEQ-00407FD0,FUN_00407FD0,coordinator,decomp/00407fd0-next,sequential decomp of refcounted-string append helper,2026-09-24T02:22:00Z,,,true
SEQ-00408040,FUN_00408040,coordinator,decomp/00408040-next,sequential decomp of 34-byte refcounted-string copy-and-append wrapper,2026-09-24T02:32:51Z,,,true
SEQ-00408070,FUN_00408070,coordinator,decomp/00408070-next,sequential decomp of SSO string erase helper,2026-09-24T02:40:00Z,,,true
SEQ-00408100,FUN_00408100,coordinator,decomp/00408100-next,sequential decomp of SSO buffer growth/reallocation helper,2026-09-24T02:33:00Z,,,true
SEQ-004082E0,FUN_004082E0,coordinator,decomp/004082e0-next,sequential decomp of SSO substring assignment helper,2026-09-24T02:45:00Z,,,true
SEQ-004083C0,FUN_004083C0,coordinator,decomp/004083c0-next,sequential decomp of 191-byte SSO pointer-length assignment helper,2026-09-24T02:56:00Z,,,true
SEQ-00408490,FUN_00408490,coordinator,decomp/00408490-next,sequential decomp of std::logic_error SSO-message constructor,2026-09-24T03:08:00Z,,,true
SEQ-004084D0,FUN_004084D0,coordinator,decomp/004084d0-next,sequential decomp of std::logic_error layered destructor,2026-09-24T03:15:00Z,,,true
SEQ-00408510,FUN_00408510,coordinator,decomp/00408510-next,sequential decomp of SSO C-string constructor,2026-09-24T03:20:00Z,,,true
SEQ-00408550,FUN_00408550,coordinator,decomp/00408550-next,sequential decomp of 55-byte std::logic_error copy constructor,2026-09-24T03:18:00Z,,,true
SEQ-004085D0,FUN_004085D0,coordinator,decomp/004085d0-next,sequential decomp of aligned allocator virtual-dispatch thunk,2026-09-24T03:40:00Z,,,true
SEQ-004085F0,FUN_004085F0,coordinator,decomp/004085f0-next,sequential decomp of reflective Fix-property bit setter,2026-09-24T03:54:00Z,,,true
SEQ-00408610,FUN_00408610,coordinator,decomp/00408610-next,sequential decomp of global four-word PRNG advance thunk,2026-09-24T03:54:00Z,,,true
SEQ-00408620,FUN_00408620,coordinator,decomp/00408620-final,sequential decomp of fixed-address token getter,2026-09-24T19:04:00Z,,,true
SEQ-00408630,FUN_00408630,coordinator,decomp/00408630-next,sequential decomp of fixed-global pointer getter,2026-09-24T19:08:00Z,,,true
SEQ-00408640,FUN_00408640,coordinator,decomp/00408640-next,sequential decomp of 8-byte object constructor,2026-09-24T19:06:00Z,,,true
SEQ-004086A0,FUN_004086A0,coordinator,decomp/004086a0-next,sequential decomp of exact 0x1C base-constructor plus derived-vtable wrapper,2026-09-24T19:06:00Z,,,true
EXACT-BATCH-00408B50,FUN_00408B50,coordinator,decomp/00408b50-00408e00-exact,exact attachment batch recovery with complete body/guard evidence,2026-09-25T08:28:08Z,,,true
EXACT-BATCH-00408B90,FUN_00408B90,coordinator,decomp/00408b50-00408e00-exact,exact attachment batch recovery with complete body/guard evidence,2026-09-25T08:28:08Z,,,true
EXACT-BATCH-00408BC0,FUN_00408BC0,coordinator,decomp/00408b50-00408e00-exact,exact attachment batch recovery with complete body/guard evidence,2026-09-25T08:28:08Z,,,true
EXACT-BATCH-00408BE0,FUN_00408BE0,coordinator,decomp/00408b50-00408e00-exact,exact attachment batch recovery with complete body/guard evidence,2026-09-25T08:28:08Z,,,true
EXACT-BATCH-00408C10,FUN_00408C10,coordinator,decomp/00408b50-00408e00-exact,exact attachment batch recovery with complete body/guard evidence,2026-09-25T08:28:08Z,,,true
EXACT-BATCH-00408C30,FUN_00408C30,coordinator,decomp/00408b50-00408e00-exact,exact attachment batch recovery with complete body/guard evidence,2026-09-25T08:28:08Z,,,true
EXACT-BATCH-00408C50,FUN_00408C50,coordinator,decomp/00408b50-00408e00-exact,exact attachment batch recovery with complete body/guard evidence,2026-09-25T08:28:08Z,,,true
EXACT-BATCH-00408C70,FUN_00408C70,coordinator,decomp/00408b50-00408e00-exact,exact attachment batch recovery with complete body/guard evidence,2026-09-25T08:28:08Z,,,true
EXACT-BATCH-00408CA0,FUN_00408CA0,coordinator,decomp/00408b50-00408e00-exact,exact attachment batch recovery with complete body/guard evidence,2026-09-25T08:28:08Z,,,true
EXACT-BATCH-00408CD0,FUN_00408CD0,coordinator,decomp/00408b50-00408e00-exact,exact attachment batch recovery with complete body/guard evidence,2026-09-25T08:28:08Z,,,true
EXACT-BATCH-00408CF0,FUN_00408CF0,coordinator,decomp/00408b50-00408e00-exact,exact attachment batch recovery with complete body/guard evidence,2026-09-25T08:28:08Z,,,true
EXACT-BATCH-00408DD0,FUN_00408DD0,coordinator,decomp/00408b50-00408e00-exact,exact attachment batch recovery with complete body/guard evidence,2026-09-25T08:28:08Z,,,true
EXACT-BATCH-00408DE0,FUN_00408DE0,coordinator,decomp/00408b50-00408e00-exact,exact attachment batch recovery with complete body/guard evidence,2026-09-25T08:28:08Z,,,true
EXACT-BATCH-00408E00,FUN_00408E00,coordinator,decomp/00408b50-00408e00-exact,exact attachment batch recovery with complete body/guard evidence,2026-09-25T08:28:08Z,,,true
CANONICAL-200-0041D280,FUN_0041D280,coordinator,decomp/canonical-200,Verify frozen V6 membership and register existing tested field reader,2026-09-25T21:40:51Z,,,true
CANONICAL-200-004790E0,FUN_004790E0,coordinator,decomp/canonical-200,Verify frozen V6 membership and register existing tested field reader,2026-09-25T21:40:51Z,,,true
CANONICAL-200-00489E30,FUN_00489E30,coordinator,decomp/canonical-200,Verify frozen V6 membership and register existing tested field reader,2026-09-25T21:40:51Z,,,true
CANONICAL-200-00489E50,FUN_00489E50,coordinator,decomp/canonical-200,Verify frozen V6 membership and register existing tested field reader,2026-09-25T21:40:51Z,,,true
CANONICAL-200-004AF090,FUN_004AF090,coordinator,decomp/canonical-200,Verify frozen V6 membership and register existing tested field reader,2026-09-25T21:40:51Z,,,true
CANONICAL-200-004C9CF0,FUN_004C9CF0,coordinator,decomp/canonical-200,Verify frozen V6 membership and register existing tested field reader,2026-09-25T21:40:51Z,,,true
CANONICAL-200-004D8E50,FUN_004D8E50,coordinator,decomp/canonical-200,Verify frozen V6 membership and register existing tested field reader,2026-09-25T21:40:51Z,,,true
CANONICAL-200-004E17E0,FUN_004E17E0,coordinator,decomp/canonical-200,Verify frozen V6 membership and register existing tested field reader,2026-09-25T21:40:51Z,,,true
CANONICAL-200-004F2080,FUN_004F2080,coordinator,decomp/canonical-200,Verify frozen V6 membership and register existing tested field reader,2026-09-25T21:40:51Z,,,true
CANONICAL-200-004F64A0,FUN_004F64A0,coordinator,decomp/canonical-200,Verify frozen V6 membership and register existing tested field reader,2026-09-25T21:40:51Z,,,true
CANONICAL-200-004F66C0,FUN_004F66C0,coordinator,decomp/canonical-200,Verify frozen V6 membership and register existing tested field reader,2026-09-25T21:40:51Z,,,true
CANONICAL-200-004F68F0,FUN_004F68F0,coordinator,decomp/canonical-200,Verify frozen V6 membership and register existing tested field reader,2026-09-25T21:40:51Z,,,true
CANONICAL-200-004F6970,FUN_004F6970,coordinator,decomp/canonical-200,Verify frozen V6 membership and register existing tested field reader,2026-09-25T21:40:51Z,,,true
CANONICAL-200-004F8D00,FUN_004F8D00,coordinator,decomp/canonical-200,Verify frozen V6 membership and register existing tested field reader,2026-09-25T21:40:51Z,,,true
CANONICAL-200-00536530,FUN_00536530,coordinator,decomp/canonical-200,Verify frozen V6 membership and register existing tested field reader,2026-09-25T21:40:51Z,,,true
CANONICAL-200-00536640,FUN_00536640,coordinator,decomp/canonical-200,Verify frozen V6 membership and register existing tested field reader,2026-09-25T21:40:51Z,,,true
CANONICAL-200-00537650,FUN_00537650,coordinator,decomp/canonical-200,Verify frozen V6 membership and register existing tested field reader,2026-09-25T21:40:51Z,,,true
CANONICAL-200-005384A0,FUN_005384A0,coordinator,decomp/canonical-200,Verify frozen V6 membership and register existing tested field reader,2026-09-25T21:40:51Z,,,true
CANONICAL-200-00548680,FUN_00548680,coordinator,decomp/canonical-200,Verify frozen V6 membership and register existing tested field reader,2026-09-25T21:40:51Z,,,true
CANONICAL-200-0054B1B0,FUN_0054B1B0,coordinator,decomp/canonical-200,Verify frozen V6 membership and register existing tested field reader,2026-09-25T21:40:51Z,,,true
CANONICAL-200-00561E00,FUN_00561E00,coordinator,decomp/canonical-200,Verify frozen V6 membership and register existing tested field reader,2026-09-25T21:40:51Z,,,true
CANONICAL-200-00561E90,FUN_00561E90,coordinator,decomp/canonical-200,Verify frozen V6 membership and register existing tested field reader,2026-09-25T21:40:51Z,,,true
CANONICAL-200-0056AE50,FUN_0056AE50,coordinator,decomp/canonical-200,Verify frozen V6 membership and register existing tested field reader,2026-09-25T21:40:51Z,,,true
CANONICAL-200-005731E0,FUN_005731E0,coordinator,decomp/canonical-200,Verify frozen V6 membership and register existing tested field reader,2026-09-25T21:40:51Z,,,true
CANONICAL-200-006577A0,FUN_006577A0,coordinator,decomp/canonical-200,Verify frozen V6 membership and register existing tested field reader,2026-09-25T21:40:51Z,,,true
CANONICAL-200-008CCCA0,FUN_008CCCA0,coordinator,decomp/canonical-200,Verify frozen V6 membership and register existing tested field reader,2026-09-25T21:40:51Z,,,true
CANONICAL-200-0098C790,FUN_0098C790,coordinator,decomp/canonical-200,Verify frozen V6 membership and register existing tested field reader,2026-09-25T21:40:51Z,,,true
CANONICAL-200-009B5410,FUN_009B5410,coordinator,decomp/canonical-200,Verify frozen V6 membership and register existing tested field reader,2026-09-25T21:40:51Z,,,true
CANONICAL-200-009B6D00,FUN_009B6D00,coordinator,decomp/canonical-200,Verify frozen V6 membership and register existing tested field reader,2026-09-25T21:40:51Z,,,true
CANONICAL-200-00AC1140,FUN_00AC1140,coordinator,decomp/canonical-200,Verify frozen V6 membership and register existing tested field reader,2026-09-25T21:40:51Z,,,true
CANONICAL-1000-0041D2B0,FUN_0041D2B0,coordinator,decomp/canonical-1000,Register existing exact-target leaf after frozen V6 membership and byte-identical I386 revalidation,2026-09-26T00:24:00+02:00,,,true
CANONICAL-1000-0041D820,FUN_0041D820,coordinator,decomp/canonical-1000,Register existing exact-target leaf after frozen V6 membership and byte-identical I386 revalidation,2026-09-26T00:24:00+02:00,,,true
CANONICAL-1000-0041D8F0,FUN_0041D8F0,coordinator,decomp/canonical-1000,Register existing exact-target leaf after frozen V6 membership and byte-identical I386 revalidation,2026-09-26T00:24:00+02:00,,,true
CANONICAL-1000-0041F830,FUN_0041F830,coordinator,decomp/canonical-1000,Register existing exact-target leaf after frozen V6 membership and byte-identical I386 revalidation,2026-09-26T00:24:00+02:00,,,true
CANONICAL-1000-00425C70,FUN_00425C70,coordinator,decomp/canonical-1000,Register existing exact-target leaf after frozen V6 membership and byte-identical I386 revalidation,2026-09-26T00:24:00+02:00,,,true
CANONICAL-1000-00425E00,FUN_00425E00,coordinator,decomp/canonical-1000,Register existing exact-target leaf after frozen V6 membership and byte-identical I386 revalidation,2026-09-26T00:24:00+02:00,,,true
CANONICAL-1000-00426060,FUN_00426060,coordinator,decomp/canonical-1000,Register existing exact-target leaf after frozen V6 membership and byte-identical I386 revalidation,2026-09-26T00:24:00+02:00,,,true
CANONICAL-1000-004264B0,FUN_004264B0,coordinator,decomp/canonical-1000,Register existing exact-target leaf after frozen V6 membership and byte-identical I386 revalidation,2026-09-26T00:24:00+02:00,,,true
CANONICAL-1000-004264C0,FUN_004264C0,coordinator,decomp/canonical-1000,Register existing exact-target leaf after frozen V6 membership and byte-identical I386 revalidation,2026-09-26T00:24:00+02:00,,,true
CANONICAL-1000-00427080,FUN_00427080,coordinator,decomp/canonical-1000,Register existing exact-target leaf after frozen V6 membership and byte-identical I386 revalidation,2026-09-26T00:24:00+02:00,,,true
CANONICAL-1000-00427090,FUN_00427090,coordinator,decomp/canonical-1000,Register existing exact-target leaf after frozen V6 membership and byte-identical I386 revalidation,2026-09-26T00:24:00+02:00,,,true
CANONICAL-1000-00427200,FUN_00427200,coordinator,decomp/canonical-1000,Register existing exact-target leaf after frozen V6 membership and byte-identical I386 revalidation,2026-09-26T00:24:00+02:00,,,true
CANONICAL-1000-00427400,FUN_00427400,coordinator,decomp/canonical-1000,Register existing exact-target leaf after frozen V6 membership and byte-identical I386 revalidation,2026-09-26T00:24:00+02:00,,,true
CANONICAL-1000-00427410,FUN_00427410,coordinator,decomp/canonical-1000,Register existing exact-target leaf after frozen V6 membership and byte-identical I386 revalidation,2026-09-26T00:24:00+02:00,,,true
CANONICAL-1000-004275C0,FUN_004275C0,coordinator,decomp/canonical-1000,Register existing exact-target leaf after frozen V6 membership and byte-identical I386 revalidation,2026-09-26T00:24:00+02:00,,,true
CANONICAL-1000-004275D0,FUN_004275D0,coordinator,decomp/canonical-1000,Register existing exact-target leaf after frozen V6 membership and byte-identical I386 revalidation,2026-09-26T00:24:00+02:00,,,true
CANONICAL-1000-00428C10,FUN_00428C10,coordinator,decomp/canonical-1000,Register existing exact-target leaf after frozen V6 membership and byte-identical I386 revalidation,2026-09-26T00:24:00+02:00,,,true
CANONICAL-1000-00428C20,FUN_00428C20,coordinator,decomp/canonical-1000,Register existing exact-target leaf after frozen V6 membership and byte-identical I386 revalidation,2026-09-26T00:24:00+02:00,,,true
CANONICAL-1000-00428FD0,FUN_00428FD0,coordinator,decomp/canonical-1000,Register existing exact-target leaf after frozen V6 membership and byte-identical I386 revalidation,2026-09-26T00:24:00+02:00,,,true
CANONICAL-1000-00428FE0,FUN_00428FE0,coordinator,decomp/canonical-1000,Register existing exact-target leaf after frozen V6 membership and byte-identical I386 revalidation,2026-09-26T00:24:00+02:00,,,true
CANONICAL-1000-00429120,FUN_00429120,coordinator,decomp/canonical-1000,Register existing exact-target leaf after frozen V6 membership and byte-identical I386 revalidation,2026-09-26T00:24:00+02:00,,,true
CANONICAL-1000-0042A710,FUN_0042A710,coordinator,decomp/canonical-1000,Register existing exact-target leaf after frozen V6 membership and byte-identical I386 revalidation,2026-09-26T00:24:00+02:00,,,true
CANONICAL-1000-0042E560,FUN_0042E560,coordinator,decomp/canonical-1000,Register existing exact-target leaf after frozen V6 membership and byte-identical I386 revalidation,2026-09-26T00:24:00+02:00,,,true
CANONICAL-1000-0042E570,FUN_0042E570,coordinator,decomp/canonical-1000,Register existing exact-target leaf after frozen V6 membership and byte-identical I386 revalidation,2026-09-26T00:24:00+02:00,,,true
CANONICAL-1000-0042E6B0,FUN_0042E6B0,coordinator,decomp/canonical-1000,Register existing exact-target leaf after frozen V6 membership and byte-identical I386 revalidation,2026-09-26T00:24:00+02:00,,,true
CANONICAL-1000-0042E7F0,FUN_0042E7F0,coordinator,decomp/canonical-1000,Register existing exact-target leaf after frozen V6 membership and byte-identical I386 revalidation,2026-09-26T00:24:00+02:00,,,true
CANONICAL-1000-0042EAC0,FUN_0042EAC0,coordinator,decomp/canonical-1000,Register existing exact-target leaf after frozen V6 membership and byte-identical I386 revalidation,2026-09-26T00:24:00+02:00,,,true
CANONICAL-1000-0042EAD0,FUN_0042EAD0,coordinator,decomp/canonical-1000,Register existing exact-target leaf after frozen V6 membership and byte-identical I386 revalidation,2026-09-26T00:24:00+02:00,,,true
CANONICAL-1000-0042EC00,FUN_0042EC00,coordinator,decomp/canonical-1000,Register existing exact-target leaf after frozen V6 membership and byte-identical I386 revalidation,2026-09-26T00:24:00+02:00,,,true
CANONICAL-1000-0042F1D0,FUN_0042F1D0,coordinator,decomp/canonical-1000,Register existing exact-target leaf after frozen V6 membership and byte-identical I386 revalidation,2026-09-26T00:24:00+02:00,,,true
CANONICAL-1000-0042F1E0,FUN_0042F1E0,coordinator,decomp/canonical-1000,Register existing exact-target leaf after frozen V6 membership and byte-identical I386 revalidation,2026-09-26T00:24:00+02:00,,,true
CANONICAL-1000-0042F310,FUN_0042F310,coordinator,decomp/canonical-1000,Register existing exact-target leaf after frozen V6 membership and byte-identical I386 revalidation,2026-09-26T00:24:00+02:00,,,true
CANONICAL-1000-00431090,FUN_00431090,coordinator,decomp/canonical-1000,Register existing exact-target leaf after frozen V6 membership and byte-identical I386 revalidation,2026-09-26T00:24:00+02:00,,,true
CANONICAL-1000-004310A0,FUN_004310A0,coordinator,decomp/canonical-1000,Register existing exact-target leaf after frozen V6 membership and byte-identical I386 revalidation,2026-09-26T00:24:00+02:00,,,true
CANONICAL-1000-00431880,FUN_00431880,coordinator,decomp/canonical-1000,Register existing exact-target leaf after frozen V6 membership and byte-identical I386 revalidation,2026-09-26T00:24:00+02:00,,,true
CANONICAL-1000-00431890,FUN_00431890,coordinator,decomp/canonical-1000,Register existing exact-target leaf after frozen V6 membership and byte-identical I386 revalidation,2026-09-26T00:24:00+02:00,,,true
CANONICAL-1000-004319B0,FUN_004319B0,coordinator,decomp/canonical-1000,Register existing exact-target leaf after frozen V6 membership and byte-identical I386 revalidation,2026-09-26T00:24:00+02:00,,,true
CANONICAL-1000-00431AD0,FUN_00431AD0,coordinator,decomp/canonical-1000,Register existing exact-target leaf after frozen V6 membership and byte-identical I386 revalidation,2026-09-26T00:24:00+02:00,,,true
CANONICAL-1000-00431F60,FUN_00431F60,coordinator,decomp/canonical-1000,Register existing exact-target leaf after frozen V6 membership and byte-identical I386 revalidation,2026-09-26T00:24:00+02:00,,,true
CANONICAL-1000-00431F70,FUN_00431F70,coordinator,decomp/canonical-1000,Register existing exact-target leaf after frozen V6 membership and byte-identical I386 revalidation,2026-09-26T00:24:00+02:00,,,true
CANONICAL-1000-00432850,FUN_00432850,coordinator,decomp/canonical-1000,Register existing exact-target leaf after frozen V6 membership and byte-identical I386 revalidation,2026-09-26T00:24:00+02:00,,,true
CANONICAL-1000-00432860,FUN_00432860,coordinator,decomp/canonical-1000,Register existing exact-target leaf after frozen V6 membership and byte-identical I386 revalidation,2026-09-26T00:24:00+02:00,,,true
CANONICAL-1000-00432870,FUN_00432870,coordinator,decomp/canonical-1000,Register existing exact-target leaf after frozen V6 membership and byte-identical I386 revalidation,2026-09-26T00:24:00+02:00,,,true
CANONICAL-1000-00432A30,FUN_00432A30,coordinator,decomp/canonical-1000,Register existing exact-target leaf after frozen V6 membership and byte-identical I386 revalidation,2026-09-26T00:24:00+02:00,,,true
CANONICAL-1000-00432AA0,FUN_00432AA0,coordinator,decomp/canonical-1000,Register existing exact-target leaf after frozen V6 membership and byte-identical I386 revalidation,2026-09-26T00:24:00+02:00,,,true
CANONICAL-1000-00432AE0,FUN_00432AE0,coordinator,decomp/canonical-1000,Register existing exact-target leaf after frozen V6 membership and byte-identical I386 revalidation,2026-09-26T00:24:00+02:00,,,true
CANONICAL-1000-004366C0,FUN_004366C0,coordinator,decomp/canonical-1000,Register existing exact-target leaf after frozen V6 membership and byte-identical I386 revalidation,2026-09-26T00:24:00+02:00,,,true
CANONICAL-1000-004366D0,FUN_004366D0,coordinator,decomp/canonical-1000,Register existing exact-target leaf after frozen V6 membership and byte-identical I386 revalidation,2026-09-26T00:24:00+02:00,,,true
CANONICAL-1000-004366E0,FUN_004366E0,coordinator,decomp/canonical-1000,Register existing exact-target leaf after frozen V6 membership and byte-identical I386 revalidation,2026-09-26T00:24:00+02:00,,,true
CANONICAL-1000-004366F0,FUN_004366F0,coordinator,decomp/canonical-1000,Register existing exact-target leaf after frozen V6 membership and byte-identical I386 revalidation,2026-09-26T00:24:00+02:00,,,true
CANONICAL-1000-00436700,FUN_00436700,coordinator,decomp/canonical-1000,Register existing exact-target leaf after frozen V6 membership and byte-identical I386 revalidation,2026-09-26T00:24:00+02:00,,,true
CANONICAL-1000-00436710,FUN_00436710,coordinator,decomp/canonical-1000,Register existing exact-target leaf after frozen V6 membership and byte-identical I386 revalidation,2026-09-26T00:24:00+02:00,,,true
CANONICAL-1000-00437950,FUN_00437950,coordinator,decomp/canonical-1000,Register existing exact-target leaf after frozen V6 membership and byte-identical I386 revalidation,2026-09-26T00:24:00+02:00,,,true
CANONICAL-1000-00437960,FUN_00437960,coordinator,decomp/canonical-1000,Register existing exact-target leaf after frozen V6 membership and byte-identical I386 revalidation,2026-09-26T00:24:00+02:00,,,true
CANONICAL-1000-00437970,FUN_00437970,coordinator,decomp/canonical-1000,Register existing exact-target leaf after frozen V6 membership and byte-identical I386 revalidation,2026-09-26T00:24:00+02:00,,,true
CANONICAL-1000-00438330,FUN_00438330,coordinator,decomp/canonical-1000,Register existing exact-target leaf after frozen V6 membership and byte-identical I386 revalidation,2026-09-26T00:24:00+02:00,,,true
CANONICAL-1000-00438340,FUN_00438340,coordinator,decomp/canonical-1000,Register existing exact-target leaf after frozen V6 membership and byte-identical I386 revalidation,2026-09-26T00:24:00+02:00,,,true
CANONICAL-1000-004385E0,FUN_004385E0,coordinator,decomp/canonical-1000,Register existing exact-target leaf after frozen V6 membership and byte-identical I386 revalidation,2026-09-26T00:24:00+02:00,,,true
CANONICAL-1000-004385F0,FUN_004385F0,coordinator,decomp/canonical-1000,Register existing exact-target leaf after frozen V6 membership and byte-identical I386 revalidation,2026-09-26T00:24:00+02:00,,,true
CANONICAL-1000-00438D50,FUN_00438D50,coordinator,decomp/canonical-1000,Register existing exact-target leaf after frozen V6 membership and byte-identical I386 revalidation,2026-09-26T00:24:00+02:00,,,true
CANONICAL-1000-00438D60,FUN_00438D60,coordinator,decomp/canonical-1000,Register existing exact-target leaf after frozen V6 membership and byte-identical I386 revalidation,2026-09-26T00:24:00+02:00,,,true
CANONICAL-1000-004395E0,FUN_004395E0,coordinator,decomp/canonical-1000,Register existing exact-target leaf after frozen V6 membership and byte-identical I386 revalidation,2026-09-26T00:24:00+02:00,,,true
CANONICAL-1000-004395F0,FUN_004395F0,coordinator,decomp/canonical-1000,Register existing exact-target leaf after frozen V6 membership and byte-identical I386 revalidation,2026-09-26T00:24:00+02:00,,,true
CANONICAL-1000-00439640,FUN_00439640,coordinator,decomp/canonical-1000,Register existing exact-target leaf after frozen V6 membership and byte-identical I386 revalidation,2026-09-26T00:24:00+02:00,,,true
CANONICAL-1000-004396B0,FUN_004396B0,coordinator,decomp/canonical-1000,Register existing exact-target leaf after frozen V6 membership and byte-identical I386 revalidation,2026-09-26T00:24:00+02:00,,,true
CANONICAL-1000-0043B960,FUN_0043B960,coordinator,decomp/canonical-1000,Register existing exact-target leaf after frozen V6 membership and byte-identical I386 revalidation,2026-09-26T00:24:00+02:00,,,true
CANONICAL-1000-0043B970,FUN_0043B970,coordinator,decomp/canonical-1000,Register existing exact-target leaf after frozen V6 membership and byte-identical I386 revalidation,2026-09-26T00:24:00+02:00,,,true
CANONICAL-1000-0043B980,FUN_0043B980,coordinator,decomp/canonical-1000,Register existing exact-target leaf after frozen V6 membership and byte-identical I386 revalidation,2026-09-26T00:24:00+02:00,,,true
CANONICAL-1000-0043B990,FUN_0043B990,coordinator,decomp/canonical-1000,Register existing exact-target leaf after frozen V6 membership and byte-identical I386 revalidation,2026-09-26T00:24:00+02:00,,,true
CANONICAL-1000-0043B9A0,FUN_0043B9A0,coordinator,decomp/canonical-1000,Register existing exact-target leaf after frozen V6 membership and byte-identical I386 revalidation,2026-09-26T00:24:00+02:00,,,true
CANONICAL-1000-0043B9B0,FUN_0043B9B0,coordinator,decomp/canonical-1000,Register existing exact-target leaf after frozen V6 membership and byte-identical I386 revalidation,2026-09-26T00:24:00+02:00,,,true
CANONICAL-1000-0043B9C0,FUN_0043B9C0,coordinator,decomp/canonical-1000,Register existing exact-target leaf after frozen V6 membership and byte-identical I386 revalidation,2026-09-26T00:24:00+02:00,,,true
CANONICAL-1000-0043B9D0,FUN_0043B9D0,coordinator,decomp/canonical-1000,Register existing exact-target leaf after frozen V6 membership and byte-identical I386 revalidation,2026-09-26T00:24:00+02:00,,,true
CANONICAL-1000-0043B9E0,FUN_0043B9E0,coordinator,decomp/canonical-1000,Register existing exact-target leaf after frozen V6 membership and byte-identical I386 revalidation,2026-09-26T00:24:00+02:00,,,true
CANONICAL-1000-0043B9F0,FUN_0043B9F0,coordinator,decomp/canonical-1000,Register existing exact-target leaf after frozen V6 membership and byte-identical I386 revalidation,2026-09-26T00:24:00+02:00,,,true
CANONICAL-1000-0043BA00,FUN_0043BA00,coordinator,decomp/canonical-1000,Register existing exact-target leaf after frozen V6 membership and byte-identical I386 revalidation,2026-09-26T00:24:00+02:00,,,true
CANONICAL-1000-0043BA10,FUN_0043BA10,coordinator,decomp/canonical-1000,Register existing exact-target leaf after frozen V6 membership and byte-identical I386 revalidation,2026-09-26T00:24:00+02:00,,,true
CANONICAL-1000-0043BA20,FUN_0043BA20,coordinator,decomp/canonical-1000,Register existing exact-target leaf after frozen V6 membership and byte-identical I386 revalidation,2026-09-26T00:24:00+02:00,,,true
CANONICAL-1000-0043BE50,FUN_0043BE50,coordinator,decomp/canonical-1000,Register existing exact-target leaf after frozen V6 membership and byte-identical I386 revalidation,2026-09-26T00:24:00+02:00,,,true
CANONICAL-1000-0043BE60,FUN_0043BE60,coordinator,decomp/canonical-1000,Register existing exact-target leaf after frozen V6 membership and byte-identical I386 revalidation,2026-09-26T00:24:00+02:00,,,true
CANONICAL-1000-0043BE70,FUN_0043BE70,coordinator,decomp/canonical-1000,Register existing exact-target leaf after frozen V6 membership and byte-identical I386 revalidation,2026-09-26T00:24:00+02:00,,,true
CANONICAL-1000-0043BE80,FUN_0043BE80,coordinator,decomp/canonical-1000,Register existing exact-target leaf after frozen V6 membership and byte-identical I386 revalidation,2026-09-26T00:24:00+02:00,,,true
CANONICAL-1000-0043C3F0,FUN_0043C3F0,coordinator,decomp/canonical-1000,Register existing exact-target leaf after frozen V6 membership and byte-identical I386 revalidation,2026-09-26T00:24:00+02:00,,,true
CANONICAL-1000-0043C7F0,FUN_0043C7F0,coordinator,decomp/canonical-1000,Register existing exact-target leaf after frozen V6 membership and byte-identical I386 revalidation,2026-09-26T00:24:00+02:00,,,true
CANONICAL-1000-0043D6C0,FUN_0043D6C0,coordinator,decomp/canonical-1000,Register existing exact-target leaf after frozen V6 membership and byte-identical I386 revalidation,2026-09-26T00:24:00+02:00,,,true
CANONICAL-1000-0043D6D0,FUN_0043D6D0,coordinator,decomp/canonical-1000,Register existing exact-target leaf after frozen V6 membership and byte-identical I386 revalidation,2026-09-26T00:24:00+02:00,,,true
CANONICAL-1000-0043DE60,FUN_0043DE60,coordinator,decomp/canonical-1000,Register existing exact-target leaf after frozen V6 membership and byte-identical I386 revalidation,2026-09-26T00:24:00+02:00,,,true
CANONICAL-1000-0043F080,FUN_0043F080,coordinator,decomp/canonical-1000,Register existing exact-target leaf after frozen V6 membership and byte-identical I386 revalidation,2026-09-26T00:24:00+02:00,,,true
CANONICAL-1000-0043F090,FUN_0043F090,coordinator,decomp/canonical-1000,Register existing exact-target leaf after frozen V6 membership and byte-identical I386 revalidation,2026-09-26T00:24:00+02:00,,,true
CANONICAL-1000-0043F0A0,FUN_0043F0A0,coordinator,decomp/canonical-1000,Register existing exact-target leaf after frozen V6 membership and byte-identical I386 revalidation,2026-09-26T00:24:00+02:00,,,true
CANONICAL-1000-0043F0B0,FUN_0043F0B0,coordinator,decomp/canonical-1000,Register existing exact-target leaf after frozen V6 membership and byte-identical I386 revalidation,2026-09-26T00:24:00+02:00,,,true
CANONICAL-1000-0043F7B0,FUN_0043F7B0,coordinator,decomp/canonical-1000,Register existing exact-target leaf after frozen V6 membership and byte-identical I386 revalidation,2026-09-26T00:24:00+02:00,,,true
CANONICAL-1000-0043FA40,FUN_0043FA40,coordinator,decomp/canonical-1000,Register existing exact-target leaf after frozen V6 membership and byte-identical I386 revalidation,2026-09-26T00:24:00+02:00,,,true
CANONICAL-1000-0043FA50,FUN_0043FA50,coordinator,decomp/canonical-1000,Register existing exact-target leaf after frozen V6 membership and byte-identical I386 revalidation,2026-09-26T00:24:00+02:00,,,true
CANONICAL-1000-0043FE20,FUN_0043FE20,coordinator,decomp/canonical-1000,Register existing exact-target leaf after frozen V6 membership and byte-identical I386 revalidation,2026-09-26T00:24:00+02:00,,,true
CANONICAL-1000-0043FE30,FUN_0043FE30,coordinator,decomp/canonical-1000,Register existing exact-target leaf after frozen V6 membership and byte-identical I386 revalidation,2026-09-26T00:24:00+02:00,,,true
CANONICAL-1000-0043FE80,FUN_0043FE80,coordinator,decomp/canonical-1000,Register existing exact-target leaf after frozen V6 membership and byte-identical I386 revalidation,2026-09-26T00:24:00+02:00,,,true
CANONICAL-1000-00440F40,FUN_00440F40,coordinator,decomp/canonical-1000,Register existing exact-target leaf after frozen V6 membership and byte-identical I386 revalidation,2026-09-26T00:24:00+02:00,,,true
CANONICAL-1000-00440F50,FUN_00440F50,coordinator,decomp/canonical-1000,Register existing exact-target leaf after frozen V6 membership and byte-identical I386 revalidation,2026-09-26T00:24:00+02:00,,,true
CANONICAL-1000-00440F60,FUN_00440F60,coordinator,decomp/canonical-1000,Register existing exact-target leaf after frozen V6 membership and byte-identical I386 revalidation,2026-09-26T00:24:00+02:00,,,true
CANONICAL-1000-00440F70,FUN_00440F70,coordinator,decomp/canonical-1000,Register existing exact-target leaf after frozen V6 membership and byte-identical I386 revalidation,2026-09-26T00:24:00+02:00,,,true
CANONICAL-1000-00440F80,FUN_00440F80,coordinator,decomp/canonical-1000,Register existing exact-target leaf after frozen V6 membership and byte-identical I386 revalidation,2026-09-26T00:24:00+02:00,,,true
CANONICAL-1000-004438C0,FUN_004438C0,coordinator,decomp/canonical-1000,Register existing exact-target leaf after frozen V6 membership and byte-identical I386 revalidation,2026-09-26T00:24:00+02:00,,,true
CANONICAL-1000-004438D0,FUN_004438D0,coordinator,decomp/canonical-1000,Register existing exact-target leaf after frozen V6 membership and byte-identical I386 revalidation,2026-09-26T00:24:00+02:00,,,true
CANONICAL-1000-00445270,FUN_00445270,coordinator,decomp/canonical-1000,Register existing exact-target leaf after frozen V6 membership and byte-identical I386 revalidation,2026-09-26T00:24:00+02:00,,,true
CANONICAL-1000-00445280,FUN_00445280,coordinator,decomp/canonical-1000,Register existing exact-target leaf after frozen V6 membership and byte-identical I386 revalidation,2026-09-26T00:24:00+02:00,,,true
CANONICAL-1000-00445290,FUN_00445290,coordinator,decomp/canonical-1000,Register existing exact-target leaf after frozen V6 membership and byte-identical I386 revalidation,2026-09-26T00:24:00+02:00,,,true
CANONICAL-1000-00445B30,FUN_00445B30,coordinator,decomp/canonical-1000,Register existing exact-target leaf after frozen V6 membership and byte-identical I386 revalidation,2026-09-26T00:24:00+02:00,,,true
CANONICAL-1000-00445B40,FUN_00445B40,coordinator,decomp/canonical-1000,Register existing exact-target leaf after frozen V6 membership and byte-identical I386 revalidation,2026-09-26T00:24:00+02:00,,,true
CANONICAL-1000-00447790,FUN_00447790,coordinator,decomp/canonical-1000,Register existing exact-target leaf after frozen V6 membership and byte-identical I386 revalidation,2026-09-26T00:24:00+02:00,,,true
CANONICAL-1000-004477A0,FUN_004477A0,coordinator,decomp/canonical-1000,Register existing exact-target leaf after frozen V6 membership and byte-identical I386 revalidation,2026-09-26T00:24:00+02:00,,,true
CANONICAL-1000-00448400,FUN_00448400,coordinator,decomp/canonical-1000,Register existing exact-target leaf after frozen V6 membership and byte-identical I386 revalidation,2026-09-26T00:24:00+02:00,,,true
CANONICAL-1000-00448410,FUN_00448410,coordinator,decomp/canonical-1000,Register existing exact-target leaf after frozen V6 membership and byte-identical I386 revalidation,2026-09-26T00:24:00+02:00,,,true
CANONICAL-1000-00449480,FUN_00449480,coordinator,decomp/canonical-1000,Register existing exact-target leaf after frozen V6 membership and byte-identical I386 revalidation,2026-09-26T00:24:00+02:00,,,true
CANONICAL-1000-00449490,FUN_00449490,coordinator,decomp/canonical-1000,Register existing exact-target leaf after frozen V6 membership and byte-identical I386 revalidation,2026-09-26T00:24:00+02:00,,,true
CANONICAL-1000-00449BC0,FUN_00449BC0,coordinator,decomp/canonical-1000,Register existing exact-target leaf after frozen V6 membership and byte-identical I386 revalidation,2026-09-26T00:24:00+02:00,,,true
CANONICAL-1000-00449BD0,FUN_00449BD0,coordinator,decomp/canonical-1000,Register existing exact-target leaf after frozen V6 membership and byte-identical I386 revalidation,2026-09-26T00:24:00+02:00,,,true
CANONICAL-1000-0044AA70,FUN_0044AA70,coordinator,decomp/canonical-1000,Register existing exact-target leaf after frozen V6 membership and byte-identical I386 revalidation,2026-09-26T00:24:00+02:00,,,true
CANONICAL-1000-0044AA80,FUN_0044AA80,coordinator,decomp/canonical-1000,Register existing exact-target leaf after frozen V6 membership and byte-identical I386 revalidation,2026-09-26T00:24:00+02:00,,,true
CANONICAL-1000-0044AB60,FUN_0044AB60,coordinator,decomp/canonical-1000,Register existing exact-target leaf after frozen V6 membership and byte-identical I386 revalidation,2026-09-26T00:24:00+02:00,,,true
CANONICAL-1000-0044B940,FUN_0044B940,coordinator,decomp/canonical-1000,Register existing exact-target leaf after frozen V6 membership and byte-identical I386 revalidation,2026-09-26T00:24:00+02:00,,,true
CANONICAL-1000-0044B950,FUN_0044B950,coordinator,decomp/canonical-1000,Register existing exact-target leaf after frozen V6 membership and byte-identical I386 revalidation,2026-09-26T00:24:00+02:00,,,true
CANONICAL-1000-0044CA30,FUN_0044CA30,coordinator,decomp/canonical-1000,Register existing exact-target leaf after frozen V6 membership and byte-identical I386 revalidation,2026-09-26T00:24:00+02:00,,,true
CANONICAL-1000-0044CA40,FUN_0044CA40,coordinator,decomp/canonical-1000,Register existing exact-target leaf after frozen V6 membership and byte-identical I386 revalidation,2026-09-26T00:24:00+02:00,,,true
CANONICAL-1000-0044CB20,FUN_0044CB20,coordinator,decomp/canonical-1000,Register existing exact-target leaf after frozen V6 membership and byte-identical I386 revalidation,2026-09-26T00:24:00+02:00,,,true
CANONICAL-1000-0044D220,FUN_0044D220,coordinator,decomp/canonical-1000,Register existing exact-target leaf after frozen V6 membership and byte-identical I386 revalidation,2026-09-26T00:24:00+02:00,,,true
CANONICAL-1000-0044D230,FUN_0044D230,coordinator,decomp/canonical-1000,Register existing exact-target leaf after frozen V6 membership and byte-identical I386 revalidation,2026-09-26T00:24:00+02:00,,,true
CANONICAL-1000-0044D390,FUN_0044D390,coordinator,decomp/canonical-1000,Register existing exact-target leaf after frozen V6 membership and byte-identical I386 revalidation,2026-09-26T00:24:00+02:00,,,true
CANONICAL-1000-0044DD10,FUN_0044DD10,coordinator,decomp/canonical-1000,Register existing exact-target leaf after frozen V6 membership and byte-identical I386 revalidation,2026-09-26T00:24:00+02:00,,,true
CANONICAL-1000-0044DD20,FUN_0044DD20,coordinator,decomp/canonical-1000,Register existing exact-target leaf after frozen V6 membership and byte-identical I386 revalidation,2026-09-26T00:24:00+02:00,,,true
CANONICAL-1000-00451690,FUN_00451690,coordinator,decomp/canonical-1000,Register existing exact-target leaf after frozen V6 membership and byte-identical I386 revalidation,2026-09-26T00:24:00+02:00,,,true
CANONICAL-1000-00451830,FUN_00451830,coordinator,decomp/canonical-1000,Register existing exact-target leaf after frozen V6 membership and byte-identical I386 revalidation,2026-09-26T00:24:00+02:00,,,true
CANONICAL-1000-00452600,FUN_00452600,coordinator,decomp/canonical-1000,Register existing exact-target leaf after frozen V6 membership and byte-identical I386 revalidation,2026-09-26T00:24:00+02:00,,,true
CANONICAL-1000-00452610,FUN_00452610,coordinator,decomp/canonical-1000,Register existing exact-target leaf after frozen V6 membership and byte-identical I386 revalidation,2026-09-26T00:24:00+02:00,,,true
CANONICAL-1000-00452C20,FUN_00452C20,coordinator,decomp/canonical-1000,Register existing exact-target leaf after frozen V6 membership and byte-identical I386 revalidation,2026-09-26T00:24:00+02:00,,,true
CANONICAL-1000-00452C30,FUN_00452C30,coordinator,decomp/canonical-1000,Register existing exact-target leaf after frozen V6 membership and byte-identical I386 revalidation,2026-09-26T00:24:00+02:00,,,true
CANONICAL-1000-00452F80,FUN_00452F80,coordinator,decomp/canonical-1000,Register existing exact-target leaf after frozen V6 membership and byte-identical I386 revalidation,2026-09-26T00:24:00+02:00,,,true
CANONICAL-1000-00452F90,FUN_00452F90,coordinator,decomp/canonical-1000,Register existing exact-target leaf after frozen V6 membership and byte-identical I386 revalidation,2026-09-26T00:24:00+02:00,,,true
CANONICAL-1000-00453510,FUN_00453510,coordinator,decomp/canonical-1000,Register existing exact-target leaf after frozen V6 membership and byte-identical I386 revalidation,2026-09-26T00:24:00+02:00,,,true
CANONICAL-1000-00453520,FUN_00453520,coordinator,decomp/canonical-1000,Register existing exact-target leaf after frozen V6 membership and byte-identical I386 revalidation,2026-09-26T00:24:00+02:00,,,true
CANONICAL-1000-004536B0,FUN_004536B0,coordinator,decomp/canonical-1000,Register existing exact-target leaf after frozen V6 membership and byte-identical I386 revalidation,2026-09-26T00:24:00+02:00,,,true
CANONICAL-1000-004537E0,FUN_004537E0,coordinator,decomp/canonical-1000,Register existing exact-target leaf after frozen V6 membership and byte-identical I386 revalidation,2026-09-26T00:24:00+02:00,,,true
CANONICAL-1000-00455B60,FUN_00455B60,coordinator,decomp/canonical-1000,Register existing exact-target leaf after frozen V6 membership and byte-identical I386 revalidation,2026-09-26T00:24:00+02:00,,,true
CANONICAL-1000-00456BE0,FUN_00456BE0,coordinator,decomp/canonical-1000,Register existing exact-target leaf after frozen V6 membership and byte-identical I386 revalidation,2026-09-26T00:24:00+02:00,,,true
CANONICAL-1000-00456BF0,FUN_00456BF0,coordinator,decomp/canonical-1000,Register existing exact-target leaf after frozen V6 membership and byte-identical I386 revalidation,2026-09-26T00:24:00+02:00,,,true
CANONICAL-1000-00456DB0,FUN_00456DB0,coordinator,decomp/canonical-1000,Register existing exact-target leaf after frozen V6 membership and byte-identical I386 revalidation,2026-09-26T00:24:00+02:00,,,true
CANONICAL-1000-00456DC0,FUN_00456DC0,coordinator,decomp/canonical-1000,Register existing exact-target leaf after frozen V6 membership and byte-identical I386 revalidation,2026-09-26T00:24:00+02:00,,,true
CANONICAL-1000-00457180,FUN_00457180,coordinator,decomp/canonical-1000,Register existing exact-target leaf after frozen V6 membership and byte-identical I386 revalidation,2026-09-26T00:24:00+02:00,,,true
CANONICAL-1000-004572B0,FUN_004572B0,coordinator,decomp/canonical-1000,Register existing exact-target leaf after frozen V6 membership and byte-identical I386 revalidation,2026-09-26T00:24:00+02:00,,,true
CANONICAL-1000-00457A00,FUN_00457A00,coordinator,decomp/canonical-1000,Register existing exact-target leaf after frozen V6 membership and byte-identical I386 revalidation,2026-09-26T00:24:00+02:00,,,true
CANONICAL-1000-00457A10,FUN_00457A10,coordinator,decomp/canonical-1000,Register existing exact-target leaf after frozen V6 membership and byte-identical I386 revalidation,2026-09-26T00:24:00+02:00,,,true
CANONICAL-1000-00457B40,FUN_00457B40,coordinator,decomp/canonical-1000,Register existing exact-target leaf after frozen V6 membership and byte-identical I386 revalidation,2026-09-26T00:24:00+02:00,,,true
CANONICAL-1000-00457F00,FUN_00457F00,coordinator,decomp/canonical-1000,Register existing exact-target leaf after frozen V6 membership and byte-identical I386 revalidation,2026-09-26T00:24:00+02:00,,,true
CANONICAL-1000-00457F10,FUN_00457F10,coordinator,decomp/canonical-1000,Register existing exact-target leaf after frozen V6 membership and byte-identical I386 revalidation,2026-09-26T00:24:00+02:00,,,true
CANONICAL-1000-004585A0,FUN_004585A0,coordinator,decomp/canonical-1000,Register existing exact-target leaf after frozen V6 membership and byte-identical I386 revalidation,2026-09-26T00:24:00+02:00,,,true
CANONICAL-1000-004586D0,FUN_004586D0,coordinator,decomp/canonical-1000,Register existing exact-target leaf after frozen V6 membership and byte-identical I386 revalidation,2026-09-26T00:24:00+02:00,,,true
CANONICAL-1000-00458910,FUN_00458910,coordinator,decomp/canonical-1000,Register existing exact-target leaf after frozen V6 membership and byte-identical I386 revalidation,2026-09-26T00:24:00+02:00,,,true
CANONICAL-1000-00458920,FUN_00458920,coordinator,decomp/canonical-1000,Register existing exact-target leaf after frozen V6 membership and byte-identical I386 revalidation,2026-09-26T00:24:00+02:00,,,true
CANONICAL-1000-0045B8A0,FUN_0045B8A0,coordinator,decomp/canonical-1000,Register existing exact-target leaf after frozen V6 membership and byte-identical I386 revalidation,2026-09-26T00:24:00+02:00,,,true
CANONICAL-1000-0045B8B0,FUN_0045B8B0,coordinator,decomp/canonical-1000,Register existing exact-target leaf after frozen V6 membership and byte-identical I386 revalidation,2026-09-26T00:24:00+02:00,,,true
CANONICAL-1000-0045B990,FUN_0045B990,coordinator,decomp/canonical-1000,Register existing exact-target leaf after frozen V6 membership and byte-identical I386 revalidation,2026-09-26T00:24:00+02:00,,,true
CANONICAL-1000-0045C030,FUN_0045C030,coordinator,decomp/canonical-1000,Register existing exact-target leaf after frozen V6 membership and byte-identical I386 revalidation,2026-09-26T00:24:00+02:00,,,true
CANONICAL-1000-0045C040,FUN_0045C040,coordinator,decomp/canonical-1000,Register existing exact-target leaf after frozen V6 membership and byte-identical I386 revalidation,2026-09-26T00:24:00+02:00,,,true
CANONICAL-1000-0045C270,FUN_0045C270,coordinator,decomp/canonical-1000,Register existing exact-target leaf after frozen V6 membership and byte-identical I386 revalidation,2026-09-26T00:24:00+02:00,,,true
CANONICAL-1000-0045C640,FUN_0045C640,coordinator,decomp/canonical-1000,Register existing exact-target leaf after frozen V6 membership and byte-identical I386 revalidation,2026-09-26T00:24:00+02:00,,,true
CANONICAL-1000-0045C650,FUN_0045C650,coordinator,decomp/canonical-1000,Register existing exact-target leaf after frozen V6 membership and byte-identical I386 revalidation,2026-09-26T00:24:00+02:00,,,true
CANONICAL-1000-0045DA60,FUN_0045DA60,coordinator,decomp/canonical-1000,Register existing exact-target leaf after frozen V6 membership and byte-identical I386 revalidation,2026-09-26T00:24:00+02:00,,,true
CANONICAL-1000-0045DA70,FUN_0045DA70,coordinator,decomp/canonical-1000,Register existing exact-target leaf after frozen V6 membership and byte-identical I386 revalidation,2026-09-26T00:24:00+02:00,,,true
CANONICAL-1000-0045E200,FUN_0045E200,coordinator,decomp/canonical-1000,Register existing exact-target leaf after frozen V6 membership and byte-identical I386 revalidation,2026-09-26T00:24:00+02:00,,,true
CANONICAL-1000-0045E210,FUN_0045E210,coordinator,decomp/canonical-1000,Register existing exact-target leaf after frozen V6 membership and byte-identical I386 revalidation,2026-09-26T00:24:00+02:00,,,true
CANONICAL-1000-0045E340,FUN_0045E340,coordinator,decomp/canonical-1000,Register existing exact-target leaf after frozen V6 membership and byte-identical I386 revalidation,2026-09-26T00:24:00+02:00,,,true
CANONICAL-1000-0045FC10,FUN_0045FC10,coordinator,decomp/canonical-1000,Register existing exact-target leaf after frozen V6 membership and byte-identical I386 revalidation,2026-09-26T00:24:00+02:00,,,true
CANONICAL-1000-0045FC20,FUN_0045FC20,coordinator,decomp/canonical-1000,Register existing exact-target leaf after frozen V6 membership and byte-identical I386 revalidation,2026-09-26T00:24:00+02:00,,,true
CANONICAL-1000-0045FD50,FUN_0045FD50,coordinator,decomp/canonical-1000,Register existing exact-target leaf after frozen V6 membership and byte-identical I386 revalidation,2026-09-26T00:24:00+02:00,,,true
CANONICAL-1000-0045FE80,FUN_0045FE80,coordinator,decomp/canonical-1000,Register existing exact-target leaf after frozen V6 membership and byte-identical I386 revalidation,2026-09-26T00:24:00+02:00,,,true
CANONICAL-1000-004600C0,FUN_004600C0,coordinator,decomp/canonical-1000,Register existing exact-target leaf after frozen V6 membership and byte-identical I386 revalidation,2026-09-26T00:24:00+02:00,,,true
CANONICAL-1000-004600D0,FUN_004600D0,coordinator,decomp/canonical-1000,Register existing exact-target leaf after frozen V6 membership and byte-identical I386 revalidation,2026-09-26T00:24:00+02:00,,,true
CANONICAL-1000-00460410,FUN_00460410,coordinator,decomp/canonical-1000,Register existing exact-target leaf after frozen V6 membership and byte-identical I386 revalidation,2026-09-26T00:24:00+02:00,,,true
CANONICAL-1000-00460540,FUN_00460540,coordinator,decomp/canonical-1000,Register existing exact-target leaf after frozen V6 membership and byte-identical I386 revalidation,2026-09-26T00:24:00+02:00,,,true
CANONICAL-1000-00460670,FUN_00460670,coordinator,decomp/canonical-1000,Register existing exact-target leaf after frozen V6 membership and byte-identical I386 revalidation,2026-09-26T00:24:00+02:00,,,true
CANONICAL-1000-004607A0,FUN_004607A0,coordinator,decomp/canonical-1000,Register existing exact-target leaf after frozen V6 membership and byte-identical I386 revalidation,2026-09-26T00:24:00+02:00,,,true
CANONICAL-1000-004608D0,FUN_004608D0,coordinator,decomp/canonical-1000,Register existing exact-target leaf after frozen V6 membership and byte-identical I386 revalidation,2026-09-26T00:24:00+02:00,,,true
CANONICAL-1000-00460A00,FUN_00460A00,coordinator,decomp/canonical-1000,Register existing exact-target leaf after frozen V6 membership and byte-identical I386 revalidation,2026-09-26T00:24:00+02:00,,,true
CANONICAL-1000-00460B30,FUN_00460B30,coordinator,decomp/canonical-1000,Register existing exact-target leaf after frozen V6 membership and byte-identical I386 revalidation,2026-09-26T00:24:00+02:00,,,true
CANONICAL-1000-00460C60,FUN_00460C60,coordinator,decomp/canonical-1000,Register existing exact-target leaf after frozen V6 membership and byte-identical I386 revalidation,2026-09-26T00:24:00+02:00,,,true
CANONICAL-1000-00460D90,FUN_00460D90,coordinator,decomp/canonical-1000,Register existing exact-target leaf after frozen V6 membership and byte-identical I386 revalidation,2026-09-26T00:24:00+02:00,,,true
CANONICAL-1000-00460EC0,FUN_00460EC0,coordinator,decomp/canonical-1000,Register existing exact-target leaf after frozen V6 membership and byte-identical I386 revalidation,2026-09-26T00:24:00+02:00,,,true
CANONICAL-1000-00460FF0,FUN_00460FF0,coordinator,decomp/canonical-1000,Register existing exact-target leaf after frozen V6 membership and byte-identical I386 revalidation,2026-09-26T00:24:00+02:00,,,true
CANONICAL-1000-00461120,FUN_00461120,coordinator,decomp/canonical-1000,Register existing exact-target leaf after frozen V6 membership and byte-identical I386 revalidation,2026-09-26T00:24:00+02:00,,,true
CANONICAL-1000-00461250,FUN_00461250,coordinator,decomp/canonical-1000,Register existing exact-target leaf after frozen V6 membership and byte-identical I386 revalidation,2026-09-26T00:24:00+02:00,,,true
CANONICAL-1000-00461380,FUN_00461380,coordinator,decomp/canonical-1000,Register existing exact-target leaf after frozen V6 membership and byte-identical I386 revalidation,2026-09-26T00:24:00+02:00,,,true
CANONICAL-1000-004614B0,FUN_004614B0,coordinator,decomp/canonical-1000,Register existing exact-target leaf after frozen V6 membership and byte-identical I386 revalidation,2026-09-26T00:24:00+02:00,,,true
CANONICAL-1000-004615E0,FUN_004615E0,coordinator,decomp/canonical-1000,Register existing exact-target leaf after frozen V6 membership and byte-identical I386 revalidation,2026-09-26T00:24:00+02:00,,,true
CANONICAL-1000-00461710,FUN_00461710,coordinator,decomp/canonical-1000,Register existing exact-target leaf after frozen V6 membership and byte-identical I386 revalidation,2026-09-26T00:24:00+02:00,,,true
CANONICAL-1000-00461840,FUN_00461840,coordinator,decomp/canonical-1000,Register existing exact-target leaf after frozen V6 membership and byte-identical I386 revalidation,2026-09-26T00:24:00+02:00,,,true
CANONICAL-1000-00461970,FUN_00461970,coordinator,decomp/canonical-1000,Register existing exact-target leaf after frozen V6 membership and byte-identical I386 revalidation,2026-09-26T00:24:00+02:00,,,true
CANONICAL-1000-00461AA0,FUN_00461AA0,coordinator,decomp/canonical-1000,Register existing exact-target leaf after frozen V6 membership and byte-identical I386 revalidation,2026-09-26T00:24:00+02:00,,,true
CANONICAL-1000-00461BD0,FUN_00461BD0,coordinator,decomp/canonical-1000,Register existing exact-target leaf after frozen V6 membership and byte-identical I386 revalidation,2026-09-26T00:24:00+02:00,,,true
CANONICAL-1000-00464270,FUN_00464270,coordinator,decomp/canonical-1000,Register existing exact-target leaf after frozen V6 membership and byte-identical I386 revalidation,2026-09-26T00:24:00+02:00,,,true
CANONICAL-1000-00464280,FUN_00464280,coordinator,decomp/canonical-1000,Register existing exact-target leaf after frozen V6 membership and byte-identical I386 revalidation,2026-09-26T00:24:00+02:00,,,true
CANONICAL-1000-00464290,FUN_00464290,coordinator,decomp/canonical-1000,Register existing exact-target leaf after frozen V6 membership and byte-identical I386 revalidation,2026-09-26T00:24:00+02:00,,,true
CANONICAL-1000-00464D20,FUN_00464D20,coordinator,decomp/canonical-1000,Register existing exact-target leaf after frozen V6 membership and byte-identical I386 revalidation,2026-09-26T00:24:00+02:00,,,true
CANONICAL-1000-00464E70,FUN_00464E70,coordinator,decomp/canonical-1000,Register existing exact-target leaf after frozen V6 membership and byte-identical I386 revalidation,2026-09-26T00:24:00+02:00,,,true
CANONICAL-1000-00465E50,FUN_00465E50,coordinator,decomp/canonical-1000,Register existing exact-target leaf after frozen V6 membership and byte-identical I386 revalidation,2026-09-26T00:24:00+02:00,,,true
CANONICAL-1000-00466150,FUN_00466150,coordinator,decomp/canonical-1000,Register existing exact-target leaf after frozen V6 membership and byte-identical I386 revalidation,2026-09-26T00:24:00+02:00,,,true
CANONICAL-1000-00466160,FUN_00466160,coordinator,decomp/canonical-1000,Register existing exact-target leaf after frozen V6 membership and byte-identical I386 revalidation,2026-09-26T00:24:00+02:00,,,true
CANONICAL-1000-00467990,FUN_00467990,coordinator,decomp/canonical-1000,Register existing exact-target leaf after frozen V6 membership and byte-identical I386 revalidation,2026-09-26T00:24:00+02:00,,,true
CANONICAL-1000-004679A0,FUN_004679A0,coordinator,decomp/canonical-1000,Register existing exact-target leaf after frozen V6 membership and byte-identical I386 revalidation,2026-09-26T00:24:00+02:00,,,true
CANONICAL-1000-004679B0,FUN_004679B0,coordinator,decomp/canonical-1000,Register existing exact-target leaf after frozen V6 membership and byte-identical I386 revalidation,2026-09-26T00:24:00+02:00,,,true
CANONICAL-1000-00467C30,FUN_00467C30,coordinator,decomp/canonical-1000,Register existing exact-target leaf after frozen V6 membership and byte-identical I386 revalidation,2026-09-26T00:24:00+02:00,,,true
CANONICAL-1000-00467C40,FUN_00467C40,coordinator,decomp/canonical-1000,Register existing exact-target leaf after frozen V6 membership and byte-identical I386 revalidation,2026-09-26T00:24:00+02:00,,,true
CANONICAL-1000-00467EC0,FUN_00467EC0,coordinator,decomp/canonical-1000,Register existing exact-target leaf after frozen V6 membership and byte-identical I386 revalidation,2026-09-26T00:24:00+02:00,,,true
CANONICAL-1000-004680E0,FUN_004680E0,coordinator,decomp/canonical-1000,Register existing exact-target leaf after frozen V6 membership and byte-identical I386 revalidation,2026-09-26T00:24:00+02:00,,,true
CANONICAL-1000-00468260,FUN_00468260,coordinator,decomp/canonical-1000,Register existing exact-target leaf after frozen V6 membership and byte-identical I386 revalidation,2026-09-26T00:24:00+02:00,,,true
CANONICAL-1000-004684B0,FUN_004684B0,coordinator,decomp/canonical-1000,Register existing exact-target leaf after frozen V6 membership and byte-identical I386 revalidation,2026-09-26T00:24:00+02:00,,,true
CANONICAL-1000-004684C0,FUN_004684C0,coordinator,decomp/canonical-1000,Register existing exact-target leaf after frozen V6 membership and byte-identical I386 revalidation,2026-09-26T00:24:00+02:00,,,true
CANONICAL-1000-004686A0,FUN_004686A0,coordinator,decomp/canonical-1000,Register existing exact-target leaf after frozen V6 membership and byte-identical I386 revalidation,2026-09-26T00:24:00+02:00,,,true
CANONICAL-1000-004689D0,FUN_004689D0,coordinator,decomp/canonical-1000,Register existing exact-target leaf after frozen V6 membership and byte-identical I386 revalidation,2026-09-26T00:24:00+02:00,,,true
CANONICAL-1000-004689E0,FUN_004689E0,coordinator,decomp/canonical-1000,Register existing exact-target leaf after frozen V6 membership and byte-identical I386 revalidation,2026-09-26T00:24:00+02:00,,,true
CANONICAL-1000-0046D090,FUN_0046D090,coordinator,decomp/canonical-1000,Register existing exact-target leaf after frozen V6 membership and byte-identical I386 revalidation,2026-09-26T00:24:00+02:00,,,true
CANONICAL-1000-0046D0F0,FUN_0046D0F0,coordinator,decomp/canonical-1000,Register existing exact-target leaf after frozen V6 membership and byte-identical I386 revalidation,2026-09-26T00:24:00+02:00,,,true
CANONICAL-1000-0046D150,FUN_0046D150,coordinator,decomp/canonical-1000,Register existing exact-target leaf after frozen V6 membership and byte-identical I386 revalidation,2026-09-26T00:24:00+02:00,,,true
CANONICAL-1000-0046DA50,FUN_0046DA50,coordinator,decomp/canonical-1000,Register existing exact-target leaf after frozen V6 membership and byte-identical I386 revalidation,2026-09-26T00:24:00+02:00,,,true
CANONICAL-1000-0046E520,FUN_0046E520,coordinator,decomp/canonical-1000,Register existing exact-target leaf after frozen V6 membership and byte-identical I386 revalidation,2026-09-26T00:24:00+02:00,,,true
CANONICAL-1000-00471B80,FUN_00471B80,coordinator,decomp/canonical-1000,Register existing exact-target leaf after frozen V6 membership and byte-identical I386 revalidation,2026-09-26T00:24:00+02:00,,,true
CANONICAL-1000-00472310,FUN_00472310,coordinator,decomp/canonical-1000,Register existing exact-target leaf after frozen V6 membership and byte-identical I386 revalidation,2026-09-26T00:24:00+02:00,,,true
CANONICAL-1000-00472E50,FUN_00472E50,coordinator,decomp/canonical-1000,Register existing exact-target leaf after frozen V6 membership and byte-identical I386 revalidation,2026-09-26T00:24:00+02:00,,,true
CANONICAL-1000-004769D0,FUN_004769D0,coordinator,decomp/canonical-1000,Register existing exact-target leaf after frozen V6 membership and byte-identical I386 revalidation,2026-09-26T00:24:00+02:00,,,true
CANONICAL-1000-00476B00,FUN_00476B00,coordinator,decomp/canonical-1000,Register existing exact-target leaf after frozen V6 membership and byte-identical I386 revalidation,2026-09-26T00:24:00+02:00,,,true
CANONICAL-1000-00476B40,FUN_00476B40,coordinator,decomp/canonical-1000,Register existing exact-target leaf after frozen V6 membership and byte-identical I386 revalidation,2026-09-26T00:24:00+02:00,,,true
CANONICAL-1000-00478FD0,FUN_00478FD0,coordinator,decomp/canonical-1000,Register existing exact-target leaf after frozen V6 membership and byte-identical I386 revalidation,2026-09-26T00:24:00+02:00,,,true
CANONICAL-1000-004790A0,FUN_004790A0,coordinator,decomp/canonical-1000,Register existing exact-target leaf after frozen V6 membership and byte-identical I386 revalidation,2026-09-26T00:24:00+02:00,,,true
CANONICAL-1000-004790B0,FUN_004790B0,coordinator,decomp/canonical-1000,Register existing exact-target leaf after frozen V6 membership and byte-identical I386 revalidation,2026-09-26T00:24:00+02:00,,,true
CANONICAL-1000-00479110,FUN_00479110,coordinator,decomp/canonical-1000,Register existing exact-target leaf after frozen V6 membership and byte-identical I386 revalidation,2026-09-26T00:24:00+02:00,,,true
CANONICAL-1000-00479160,FUN_00479160,coordinator,decomp/canonical-1000,Register existing exact-target leaf after frozen V6 membership and byte-identical I386 revalidation,2026-09-26T00:24:00+02:00,,,true
CANONICAL-1000-004791D0,FUN_004791D0,coordinator,decomp/canonical-1000,Register existing exact-target leaf after frozen V6 membership and byte-identical I386 revalidation,2026-09-26T00:24:00+02:00,,,true
CANONICAL-1000-00479310,FUN_00479310,coordinator,decomp/canonical-1000,Register existing exact-target leaf after frozen V6 membership and byte-identical I386 revalidation,2026-09-26T00:24:00+02:00,,,true
CANONICAL-1000-00479370,FUN_00479370,coordinator,decomp/canonical-1000,Register existing exact-target leaf after frozen V6 membership and byte-identical I386 revalidation,2026-09-26T00:24:00+02:00,,,true
CANONICAL-1000-00479380,FUN_00479380,coordinator,decomp/canonical-1000,Register existing exact-target leaf after frozen V6 membership and byte-identical I386 revalidation,2026-09-26T00:24:00+02:00,,,true
CANONICAL-1000-00479390,FUN_00479390,coordinator,decomp/canonical-1000,Register existing exact-target leaf after frozen V6 membership and byte-identical I386 revalidation,2026-09-26T00:24:00+02:00,,,true
CANONICAL-1000-004793A0,FUN_004793A0,coordinator,decomp/canonical-1000,Register existing exact-target leaf after frozen V6 membership and byte-identical I386 revalidation,2026-09-26T00:24:00+02:00,,,true
CANONICAL-1000-004793B0,FUN_004793B0,coordinator,decomp/canonical-1000,Register existing exact-target leaf after frozen V6 membership and byte-identical I386 revalidation,2026-09-26T00:24:00+02:00,,,true
CANONICAL-1000-00479930,FUN_00479930,coordinator,decomp/canonical-1000,Register existing exact-target leaf after frozen V6 membership and byte-identical I386 revalidation,2026-09-26T00:24:00+02:00,,,true
CANONICAL-1000-00479940,FUN_00479940,coordinator,decomp/canonical-1000,Register existing exact-target leaf after frozen V6 membership and byte-identical I386 revalidation,2026-09-26T00:24:00+02:00,,,true
CANONICAL-1000-00480920,FUN_00480920,coordinator,decomp/canonical-1000,Register existing exact-target leaf after frozen V6 membership and byte-identical I386 revalidation,2026-09-26T00:24:00+02:00,,,true
CANONICAL-1000-00484B20,FUN_00484B20,coordinator,decomp/canonical-1000,Register existing exact-target leaf after frozen V6 membership and byte-identical I386 revalidation,2026-09-26T00:24:00+02:00,,,true
CANONICAL-1000-00484B30,FUN_00484B30,coordinator,decomp/canonical-1000,Register existing exact-target leaf after frozen V6 membership and byte-identical I386 revalidation,2026-09-26T00:24:00+02:00,,,true
CANONICAL-1000-00484E30,FUN_00484E30,coordinator,decomp/canonical-1000,Register existing exact-target leaf after frozen V6 membership and byte-identical I386 revalidation,2026-09-26T00:24:00+02:00,,,true
CANONICAL-1000-00484EB0,FUN_00484EB0,coordinator,decomp/canonical-1000,Register existing exact-target leaf after frozen V6 membership and byte-identical I386 revalidation,2026-09-26T00:24:00+02:00,,,true
CANONICAL-1000-00484EC0,FUN_00484EC0,coordinator,decomp/canonical-1000,Register existing exact-target leaf after frozen V6 membership and byte-identical I386 revalidation,2026-09-26T00:24:00+02:00,,,true
CANONICAL-1000-00487E70,FUN_00487E70,coordinator,decomp/canonical-1000,Register existing exact-target leaf after frozen V6 membership and byte-identical I386 revalidation,2026-09-26T00:24:00+02:00,,,true
CANONICAL-1000-00487EE0,FUN_00487EE0,coordinator,decomp/canonical-1000,Register existing exact-target leaf after frozen V6 membership and byte-identical I386 revalidation,2026-09-26T00:24:00+02:00,,,true
CANONICAL-1000-00487EF0,FUN_00487EF0,coordinator,decomp/canonical-1000,Register existing exact-target leaf after frozen V6 membership and byte-identical I386 revalidation,2026-09-26T00:24:00+02:00,,,true
CANONICAL-1000-00487F10,FUN_00487F10,coordinator,decomp/canonical-1000,Register existing exact-target leaf after frozen V6 membership and byte-identical I386 revalidation,2026-09-26T00:24:00+02:00,,,true
CANONICAL-1000-00487F20,FUN_00487F20,coordinator,decomp/canonical-1000,Register existing exact-target leaf after frozen V6 membership and byte-identical I386 revalidation,2026-09-26T00:24:00+02:00,,,true
CANONICAL-1000-00487F30,FUN_00487F30,coordinator,decomp/canonical-1000,Register existing exact-target leaf after frozen V6 membership and byte-identical I386 revalidation,2026-09-26T00:24:00+02:00,,,true
CANONICAL-1000-00488060,FUN_00488060,coordinator,decomp/canonical-1000,Register existing exact-target leaf after frozen V6 membership and byte-identical I386 revalidation,2026-09-26T00:24:00+02:00,,,true
CANONICAL-1000-00488070,FUN_00488070,coordinator,decomp/canonical-1000,Register existing exact-target leaf after frozen V6 membership and byte-identical I386 revalidation,2026-09-26T00:24:00+02:00,,,true
CANONICAL-1000-00488080,FUN_00488080,coordinator,decomp/canonical-1000,Register existing exact-target leaf after frozen V6 membership and byte-identical I386 revalidation,2026-09-26T00:24:00+02:00,,,true
CANONICAL-1000-00488090,FUN_00488090,coordinator,decomp/canonical-1000,Register existing exact-target leaf after frozen V6 membership and byte-identical I386 revalidation,2026-09-26T00:24:00+02:00,,,true
CANONICAL-1000-004880A0,FUN_004880A0,coordinator,decomp/canonical-1000,Register existing exact-target leaf after frozen V6 membership and byte-identical I386 revalidation,2026-09-26T00:24:00+02:00,,,true
CANONICAL-1000-004880B0,FUN_004880B0,coordinator,decomp/canonical-1000,Register existing exact-target leaf after frozen V6 membership and byte-identical I386 revalidation,2026-09-26T00:24:00+02:00,,,true
CANONICAL-1000-004880C0,FUN_004880C0,coordinator,decomp/canonical-1000,Register existing exact-target leaf after frozen V6 membership and byte-identical I386 revalidation,2026-09-26T00:24:00+02:00,,,true
CANONICAL-1000-004880D0,FUN_004880D0,coordinator,decomp/canonical-1000,Register existing exact-target leaf after frozen V6 membership and byte-identical I386 revalidation,2026-09-26T00:24:00+02:00,,,true
CANONICAL-1000-004880E0,FUN_004880E0,coordinator,decomp/canonical-1000,Register existing exact-target leaf after frozen V6 membership and byte-identical I386 revalidation,2026-09-26T00:24:00+02:00,,,true
CANONICAL-1000-00489E20,FUN_00489E20,coordinator,decomp/canonical-1000,Register existing exact-target leaf after frozen V6 membership and byte-identical I386 revalidation,2026-09-26T00:24:00+02:00,,,true
CANONICAL-1000-004925C0,FUN_004925C0,coordinator,decomp/canonical-1000,Register existing exact-target leaf after frozen V6 membership and byte-identical I386 revalidation,2026-09-26T00:24:00+02:00,,,true
CANONICAL-1000-00492A40,FUN_00492A40,coordinator,decomp/canonical-1000,Register existing exact-target leaf after frozen V6 membership and byte-identical I386 revalidation,2026-09-26T00:24:00+02:00,,,true
CANONICAL-1000-00492B10,FUN_00492B10,coordinator,decomp/canonical-1000,Register existing exact-target leaf after frozen V6 membership and byte-identical I386 revalidation,2026-09-26T00:24:00+02:00,,,true
CANONICAL-1000-00492C30,FUN_00492C30,coordinator,decomp/canonical-1000,Register existing exact-target leaf after frozen V6 membership and byte-identical I386 revalidation,2026-09-26T00:24:00+02:00,,,true
CANONICAL-1000-00493370,FUN_00493370,coordinator,decomp/canonical-1000,Register existing exact-target leaf after frozen V6 membership and byte-identical I386 revalidation,2026-09-26T00:24:00+02:00,,,true
CANONICAL-1000-00493420,FUN_00493420,coordinator,decomp/canonical-1000,Register existing exact-target leaf after frozen V6 membership and byte-identical I386 revalidation,2026-09-26T00:24:00+02:00,,,true
CANONICAL-1000-004934A0,FUN_004934A0,coordinator,decomp/canonical-1000,Register existing exact-target leaf after frozen V6 membership and byte-identical I386 revalidation,2026-09-26T00:24:00+02:00,,,true
CANONICAL-1000-004935D0,FUN_004935D0,coordinator,decomp/canonical-1000,Register existing exact-target leaf after frozen V6 membership and byte-identical I386 revalidation,2026-09-26T00:24:00+02:00,,,true
CANONICAL-1000-00493660,FUN_00493660,coordinator,decomp/canonical-1000,Register existing exact-target leaf after frozen V6 membership and byte-identical I386 revalidation,2026-09-26T00:24:00+02:00,,,true
CANONICAL-1000-004936A0,FUN_004936A0,coordinator,decomp/canonical-1000,Register existing exact-target leaf after frozen V6 membership and byte-identical I386 revalidation,2026-09-26T00:24:00+02:00,,,true
CANONICAL-1000-004936C0,FUN_004936C0,coordinator,decomp/canonical-1000,Register existing exact-target leaf after frozen V6 membership and byte-identical I386 revalidation,2026-09-26T00:24:00+02:00,,,true
CANONICAL-1000-004A3FC0,FUN_004A3FC0,coordinator,decomp/canonical-1000,Register existing exact-target leaf after frozen V6 membership and byte-identical I386 revalidation,2026-09-26T00:24:00+02:00,,,true
CANONICAL-1000-004A3FD0,FUN_004A3FD0,coordinator,decomp/canonical-1000,Register existing exact-target leaf after frozen V6 membership and byte-identical I386 revalidation,2026-09-26T00:24:00+02:00,,,true
CANONICAL-1000-004AA450,FUN_004AA450,coordinator,decomp/canonical-1000,Register existing exact-target leaf after frozen V6 membership and byte-identical I386 revalidation,2026-09-26T00:24:00+02:00,,,true
CANONICAL-1000-004ACD20,FUN_004ACD20,coordinator,decomp/canonical-1000,Register existing exact-target leaf after frozen V6 membership and byte-identical I386 revalidation,2026-09-26T00:24:00+02:00,,,true
CANONICAL-1000-004AD260,FUN_004AD260,coordinator,decomp/canonical-1000,Register existing exact-target leaf after frozen V6 membership and byte-identical I386 revalidation,2026-09-26T00:24:00+02:00,,,true
CANONICAL-1000-004AD270,FUN_004AD270,coordinator,decomp/canonical-1000,Register existing exact-target leaf after frozen V6 membership and byte-identical I386 revalidation,2026-09-26T00:24:00+02:00,,,true
CANONICAL-1000-004AD280,FUN_004AD280,coordinator,decomp/canonical-1000,Register existing exact-target leaf after frozen V6 membership and byte-identical I386 revalidation,2026-09-26T00:24:00+02:00,,,true
CANONICAL-1000-004AE160,FUN_004AE160,coordinator,decomp/canonical-1000,Register existing exact-target leaf after frozen V6 membership and byte-identical I386 revalidation,2026-09-26T00:24:00+02:00,,,true
CANONICAL-1000-004AF030,FUN_004AF030,coordinator,decomp/canonical-1000,Register existing exact-target leaf after frozen V6 membership and byte-identical I386 revalidation,2026-09-26T00:24:00+02:00,,,true
CANONICAL-1000-004AF120,FUN_004AF120,coordinator,decomp/canonical-1000,Register existing exact-target leaf after frozen V6 membership and byte-identical I386 revalidation,2026-09-26T00:24:00+02:00,,,true
CANONICAL-1000-004AF130,FUN_004AF130,coordinator,decomp/canonical-1000,Register existing exact-target leaf after frozen V6 membership and byte-identical I386 revalidation,2026-09-26T00:24:00+02:00,,,true
CANONICAL-1000-004AF140,FUN_004AF140,coordinator,decomp/canonical-1000,Register existing exact-target leaf after frozen V6 membership and byte-identical I386 revalidation,2026-09-26T00:24:00+02:00,,,true
CANONICAL-1000-004AF150,FUN_004AF150,coordinator,decomp/canonical-1000,Register existing exact-target leaf after frozen V6 membership and byte-identical I386 revalidation,2026-09-26T00:24:00+02:00,,,true
CANONICAL-1000-004AF160,FUN_004AF160,coordinator,decomp/canonical-1000,Register existing exact-target leaf after frozen V6 membership and byte-identical I386 revalidation,2026-09-26T00:24:00+02:00,,,true
CANONICAL-1000-004AF190,FUN_004AF190,coordinator,decomp/canonical-1000,Register existing exact-target leaf after frozen V6 membership and byte-identical I386 revalidation,2026-09-26T00:24:00+02:00,,,true
CANONICAL-1000-004AF240,FUN_004AF240,coordinator,decomp/canonical-1000,Register existing exact-target leaf after frozen V6 membership and byte-identical I386 revalidation,2026-09-26T00:24:00+02:00,,,true
CANONICAL-1000-004AF930,FUN_004AF930,coordinator,decomp/canonical-1000,Register existing exact-target leaf after frozen V6 membership and byte-identical I386 revalidation,2026-09-26T00:24:00+02:00,,,true
CANONICAL-1000-004B0CE0,FUN_004B0CE0,coordinator,decomp/canonical-1000,Register existing exact-target leaf after frozen V6 membership and byte-identical I386 revalidation,2026-09-26T00:24:00+02:00,,,true
CANONICAL-1000-004B0D20,FUN_004B0D20,coordinator,decomp/canonical-1000,Register existing exact-target leaf after frozen V6 membership and byte-identical I386 revalidation,2026-09-26T00:24:00+02:00,,,true
CANONICAL-1000-004B0D60,FUN_004B0D60,coordinator,decomp/canonical-1000,Register existing exact-target leaf after frozen V6 membership and byte-identical I386 revalidation,2026-09-26T00:24:00+02:00,,,true
CANONICAL-1000-004B9180,FUN_004B9180,coordinator,decomp/canonical-1000,Register existing exact-target leaf after frozen V6 membership and byte-identical I386 revalidation,2026-09-26T00:24:00+02:00,,,true
CANONICAL-1000-004B9310,FUN_004B9310,coordinator,decomp/canonical-1000,Register existing exact-target leaf after frozen V6 membership and byte-identical I386 revalidation,2026-09-26T00:24:00+02:00,,,true
CANONICAL-1000-004BA080,FUN_004BA080,coordinator,decomp/canonical-1000,Register existing exact-target leaf after frozen V6 membership and byte-identical I386 revalidation,2026-09-26T00:24:00+02:00,,,true
CANONICAL-1000-004BBBA0,FUN_004BBBA0,coordinator,decomp/canonical-1000,Register existing exact-target leaf after frozen V6 membership and byte-identical I386 revalidation,2026-09-26T00:24:00+02:00,,,true
CANONICAL-1000-004BBD60,FUN_004BBD60,coordinator,decomp/canonical-1000,Register existing exact-target leaf after frozen V6 membership and byte-identical I386 revalidation,2026-09-26T00:24:00+02:00,,,true
CANONICAL-1000-004C4BE0,FUN_004C4BE0,coordinator,decomp/canonical-1000,Register existing exact-target leaf after frozen V6 membership and byte-identical I386 revalidation,2026-09-26T00:24:00+02:00,,,true
CANONICAL-1000-004C4C60,FUN_004C4C60,coordinator,decomp/canonical-1000,Register existing exact-target leaf after frozen V6 membership and byte-identical I386 revalidation,2026-09-26T00:24:00+02:00,,,true
CANONICAL-1000-004C4CA0,FUN_004C4CA0,coordinator,decomp/canonical-1000,Register existing exact-target leaf after frozen V6 membership and byte-identical I386 revalidation,2026-09-26T00:24:00+02:00,,,true
CANONICAL-1000-004C5080,FUN_004C5080,coordinator,decomp/canonical-1000,Register existing exact-target leaf after frozen V6 membership and byte-identical I386 revalidation,2026-09-26T00:24:00+02:00,,,true
CANONICAL-1000-004C5A00,FUN_004C5A00,coordinator,decomp/canonical-1000,Register existing exact-target leaf after frozen V6 membership and byte-identical I386 revalidation,2026-09-26T00:24:00+02:00,,,true
CANONICAL-1000-004C6040,FUN_004C6040,coordinator,decomp/canonical-1000,Register existing exact-target leaf after frozen V6 membership and byte-identical I386 revalidation,2026-09-26T00:24:00+02:00,,,true
CANONICAL-1000-004C6050,FUN_004C6050,coordinator,decomp/canonical-1000,Register existing exact-target leaf after frozen V6 membership and byte-identical I386 revalidation,2026-09-26T00:24:00+02:00,,,true
CANONICAL-1000-004C8C50,FUN_004C8C50,coordinator,decomp/canonical-1000,Register existing exact-target leaf after frozen V6 membership and byte-identical I386 revalidation,2026-09-26T00:24:00+02:00,,,true
CANONICAL-1000-004C9CA0,FUN_004C9CA0,coordinator,decomp/canonical-1000,Register existing exact-target leaf after frozen V6 membership and byte-identical I386 revalidation,2026-09-26T00:24:00+02:00,,,true
CANONICAL-1000-004CAF00,FUN_004CAF00,coordinator,decomp/canonical-1000,Register existing exact-target leaf after frozen V6 membership and byte-identical I386 revalidation,2026-09-26T00:24:00+02:00,,,true
CANONICAL-1000-004CAF80,FUN_004CAF80,coordinator,decomp/canonical-1000,Register existing exact-target leaf after frozen V6 membership and byte-identical I386 revalidation,2026-09-26T00:24:00+02:00,,,true
CANONICAL-1000-004D4820,FUN_004D4820,coordinator,decomp/canonical-1000,Register existing exact-target leaf after frozen V6 membership and byte-identical I386 revalidation,2026-09-26T00:24:00+02:00,,,true
CANONICAL-1000-004D4830,FUN_004D4830,coordinator,decomp/canonical-1000,Register existing exact-target leaf after frozen V6 membership and byte-identical I386 revalidation,2026-09-26T00:24:00+02:00,,,true
CANONICAL-1000-004D4850,FUN_004D4850,coordinator,decomp/canonical-1000,Register existing exact-target leaf after frozen V6 membership and byte-identical I386 revalidation,2026-09-26T00:24:00+02:00,,,true
CANONICAL-1000-004D4860,FUN_004D4860,coordinator,decomp/canonical-1000,Register existing exact-target leaf after frozen V6 membership and byte-identical I386 revalidation,2026-09-26T00:24:00+02:00,,,true
CANONICAL-1000-004D4870,FUN_004D4870,coordinator,decomp/canonical-1000,Register existing exact-target leaf after frozen V6 membership and byte-identical I386 revalidation,2026-09-26T00:24:00+02:00,,,true
CANONICAL-1000-004D4880,FUN_004D4880,coordinator,decomp/canonical-1000,Register existing exact-target leaf after frozen V6 membership and byte-identical I386 revalidation,2026-09-26T00:24:00+02:00,,,true
CANONICAL-1000-004D4890,FUN_004D4890,coordinator,decomp/canonical-1000,Register existing exact-target leaf after frozen V6 membership and byte-identical I386 revalidation,2026-09-26T00:24:00+02:00,,,true
CANONICAL-1000-004D48A0,FUN_004D48A0,coordinator,decomp/canonical-1000,Register existing exact-target leaf after frozen V6 membership and byte-identical I386 revalidation,2026-09-26T00:24:00+02:00,,,true
CANONICAL-1000-004D48B0,FUN_004D48B0,coordinator,decomp/canonical-1000,Register existing exact-target leaf after frozen V6 membership and byte-identical I386 revalidation,2026-09-26T00:24:00+02:00,,,true
CANONICAL-1000-004D48C0,FUN_004D48C0,coordinator,decomp/canonical-1000,Register existing exact-target leaf after frozen V6 membership and byte-identical I386 revalidation,2026-09-26T00:24:00+02:00,,,true
CANONICAL-1000-004D48D0,FUN_004D48D0,coordinator,decomp/canonical-1000,Register existing exact-target leaf after frozen V6 membership and byte-identical I386 revalidation,2026-09-26T00:24:00+02:00,,,true
CANONICAL-1000-004D4DD0,FUN_004D4DD0,coordinator,decomp/canonical-1000,Register existing exact-target leaf after frozen V6 membership and byte-identical I386 revalidation,2026-09-26T00:24:00+02:00,,,true
CANONICAL-1000-004D4E10,FUN_004D4E10,coordinator,decomp/canonical-1000,Register existing exact-target leaf after frozen V6 membership and byte-identical I386 revalidation,2026-09-26T00:24:00+02:00,,,true
CANONICAL-1000-004D8D40,FUN_004D8D40,coordinator,decomp/canonical-1000,Register existing exact-target leaf after frozen V6 membership and byte-identical I386 revalidation,2026-09-26T00:24:00+02:00,,,true
CANONICAL-1000-004D8D50,FUN_004D8D50,coordinator,decomp/canonical-1000,Register existing exact-target leaf after frozen V6 membership and byte-identical I386 revalidation,2026-09-26T00:24:00+02:00,,,true
CANONICAL-1000-004D8DD0,FUN_004D8DD0,coordinator,decomp/canonical-1000,Register existing exact-target leaf after frozen V6 membership and byte-identical I386 revalidation,2026-09-26T00:24:00+02:00,,,true
CANONICAL-1000-004D8DE0,FUN_004D8DE0,coordinator,decomp/canonical-1000,Register existing exact-target leaf after frozen V6 membership and byte-identical I386 revalidation,2026-09-26T00:24:00+02:00,,,true
CANONICAL-1000-004D8DF0,FUN_004D8DF0,coordinator,decomp/canonical-1000,Register existing exact-target leaf after frozen V6 membership and byte-identical I386 revalidation,2026-09-26T00:24:00+02:00,,,true
CANONICAL-1000-004D8E00,FUN_004D8E00,coordinator,decomp/canonical-1000,Register existing exact-target leaf after frozen V6 membership and byte-identical I386 revalidation,2026-09-26T00:24:00+02:00,,,true
CANONICAL-1000-004D8E80,FUN_004D8E80,coordinator,decomp/canonical-1000,Register existing exact-target leaf after frozen V6 membership and byte-identical I386 revalidation,2026-09-26T00:24:00+02:00,,,true
CANONICAL-1000-004D9750,FUN_004D9750,coordinator,decomp/canonical-1000,Register existing exact-target leaf after frozen V6 membership and byte-identical I386 revalidation,2026-09-26T00:24:00+02:00,,,true
CANONICAL-1000-004D9A20,FUN_004D9A20,coordinator,decomp/canonical-1000,Register existing exact-target leaf after frozen V6 membership and byte-identical I386 revalidation,2026-09-26T00:24:00+02:00,,,true
CANONICAL-1000-004E0230,FUN_004E0230,coordinator,decomp/canonical-1000,Register existing exact-target leaf after frozen V6 membership and byte-identical I386 revalidation,2026-09-26T00:24:00+02:00,,,true
CANONICAL-1000-004E0240,FUN_004E0240,coordinator,decomp/canonical-1000,Register existing exact-target leaf after frozen V6 membership and byte-identical I386 revalidation,2026-09-26T00:24:00+02:00,,,true
CANONICAL-1000-004E0310,FUN_004E0310,coordinator,decomp/canonical-1000,Register existing exact-target leaf after frozen V6 membership and byte-identical I386 revalidation,2026-09-26T00:24:00+02:00,,,true
CANONICAL-1000-004E03A0,FUN_004E03A0,coordinator,decomp/canonical-1000,Register existing exact-target leaf after frozen V6 membership and byte-identical I386 revalidation,2026-09-26T00:24:00+02:00,,,true
CANONICAL-1000-004E03B0,FUN_004E03B0,coordinator,decomp/canonical-1000,Register existing exact-target leaf after frozen V6 membership and byte-identical I386 revalidation,2026-09-26T00:24:00+02:00,,,true
CANONICAL-1000-004E0430,FUN_004E0430,coordinator,decomp/canonical-1000,Register existing exact-target leaf after frozen V6 membership and byte-identical I386 revalidation,2026-09-26T00:24:00+02:00,,,true
CANONICAL-1000-004E04D0,FUN_004E04D0,coordinator,decomp/canonical-1000,Register existing exact-target leaf after frozen V6 membership and byte-identical I386 revalidation,2026-09-26T00:24:00+02:00,,,true
CANONICAL-1000-004E0560,FUN_004E0560,coordinator,decomp/canonical-1000,Register existing exact-target leaf after frozen V6 membership and byte-identical I386 revalidation,2026-09-26T00:24:00+02:00,,,true
CANONICAL-1000-004E05F0,FUN_004E05F0,coordinator,decomp/canonical-1000,Register existing exact-target leaf after frozen V6 membership and byte-identical I386 revalidation,2026-09-26T00:24:00+02:00,,,true
CANONICAL-1000-004E06E0,FUN_004E06E0,coordinator,decomp/canonical-1000,Register existing exact-target leaf after frozen V6 membership and byte-identical I386 revalidation,2026-09-26T00:24:00+02:00,,,true
CANONICAL-1000-004E0770,FUN_004E0770,coordinator,decomp/canonical-1000,Register existing exact-target leaf after frozen V6 membership and byte-identical I386 revalidation,2026-09-26T00:24:00+02:00,,,true
CANONICAL-1000-004E0780,FUN_004E0780,coordinator,decomp/canonical-1000,Register existing exact-target leaf after frozen V6 membership and byte-identical I386 revalidation,2026-09-26T00:24:00+02:00,,,true
CANONICAL-1000-004E0800,FUN_004E0800,coordinator,decomp/canonical-1000,Register existing exact-target leaf after frozen V6 membership and byte-identical I386 revalidation,2026-09-26T00:24:00+02:00,,,true
CANONICAL-1000-004E0890,FUN_004E0890,coordinator,decomp/canonical-1000,Register existing exact-target leaf after frozen V6 membership and byte-identical I386 revalidation,2026-09-26T00:24:00+02:00,,,true
CANONICAL-1000-004E0910,FUN_004E0910,coordinator,decomp/canonical-1000,Register existing exact-target leaf after frozen V6 membership and byte-identical I386 revalidation,2026-09-26T00:24:00+02:00,,,true
CANONICAL-1000-004E09D0,FUN_004E09D0,coordinator,decomp/canonical-1000,Register existing exact-target leaf after frozen V6 membership and byte-identical I386 revalidation,2026-09-26T00:24:00+02:00,,,true
CANONICAL-1000-004E1140,FUN_004E1140,coordinator,decomp/canonical-1000,Register existing exact-target leaf after frozen V6 membership and byte-identical I386 revalidation,2026-09-26T00:24:00+02:00,,,true
CANONICAL-1000-004E1560,FUN_004E1560,coordinator,decomp/canonical-1000,Register existing exact-target leaf after frozen V6 membership and byte-identical I386 revalidation,2026-09-26T00:24:00+02:00,,,true
CANONICAL-1000-004E15A0,FUN_004E15A0,coordinator,decomp/canonical-1000,Register existing exact-target leaf after frozen V6 membership and byte-identical I386 revalidation,2026-09-26T00:24:00+02:00,,,true
CANONICAL-1000-004E1920,FUN_004E1920,coordinator,decomp/canonical-1000,Register existing exact-target leaf after frozen V6 membership and byte-identical I386 revalidation,2026-09-26T00:24:00+02:00,,,true
CANONICAL-1000-004E4C80,FUN_004E4C80,coordinator,decomp/canonical-1000,Register existing exact-target leaf after frozen V6 membership and byte-identical I386 revalidation,2026-09-26T00:24:00+02:00,,,true
CANONICAL-1000-004E4C90,FUN_004E4C90,coordinator,decomp/canonical-1000,Register existing exact-target leaf after frozen V6 membership and byte-identical I386 revalidation,2026-09-26T00:24:00+02:00,,,true
CANONICAL-1000-004E4CA0,FUN_004E4CA0,coordinator,decomp/canonical-1000,Register existing exact-target leaf after frozen V6 membership and byte-identical I386 revalidation,2026-09-26T00:24:00+02:00,,,true
CANONICAL-1000-004E4CB0,FUN_004E4CB0,coordinator,decomp/canonical-1000,Register existing exact-target leaf after frozen V6 membership and byte-identical I386 revalidation,2026-09-26T00:24:00+02:00,,,true
CANONICAL-1000-004E4CC0,FUN_004E4CC0,coordinator,decomp/canonical-1000,Register existing exact-target leaf after frozen V6 membership and byte-identical I386 revalidation,2026-09-26T00:24:00+02:00,,,true
CANONICAL-1000-004E4CD0,FUN_004E4CD0,coordinator,decomp/canonical-1000,Register existing exact-target leaf after frozen V6 membership and byte-identical I386 revalidation,2026-09-26T00:24:00+02:00,,,true
CANONICAL-1000-004E5D00,FUN_004E5D00,coordinator,decomp/canonical-1000,Register existing exact-target leaf after frozen V6 membership and byte-identical I386 revalidation,2026-09-26T00:24:00+02:00,,,true
CANONICAL-1000-004EA270,FUN_004EA270,coordinator,decomp/canonical-1000,Register existing exact-target leaf after frozen V6 membership and byte-identical I386 revalidation,2026-09-26T00:24:00+02:00,,,true
CANONICAL-1000-004EB240,FUN_004EB240,coordinator,decomp/canonical-1000,Register existing exact-target leaf after frozen V6 membership and byte-identical I386 revalidation,2026-09-26T00:24:00+02:00,,,true
CANONICAL-1000-004EB400,FUN_004EB400,coordinator,decomp/canonical-1000,Register existing exact-target leaf after frozen V6 membership and byte-identical I386 revalidation,2026-09-26T00:24:00+02:00,,,true
CANONICAL-1000-004EB410,FUN_004EB410,coordinator,decomp/canonical-1000,Register existing exact-target leaf after frozen V6 membership and byte-identical I386 revalidation,2026-09-26T00:24:00+02:00,,,true
CANONICAL-1000-004EC3D0,FUN_004EC3D0,coordinator,decomp/canonical-1000,Register existing exact-target leaf after frozen V6 membership and byte-identical I386 revalidation,2026-09-26T00:24:00+02:00,,,true
CANONICAL-1000-004F0F10,FUN_004F0F10,coordinator,decomp/canonical-1000,Register existing exact-target leaf after frozen V6 membership and byte-identical I386 revalidation,2026-09-26T00:24:00+02:00,,,true
CANONICAL-1000-004F0F20,FUN_004F0F20,coordinator,decomp/canonical-1000,Register existing exact-target leaf after frozen V6 membership and byte-identical I386 revalidation,2026-09-26T00:24:00+02:00,,,true
CANONICAL-1000-004F1360,FUN_004F1360,coordinator,decomp/canonical-1000,Register existing exact-target leaf after frozen V6 membership and byte-identical I386 revalidation,2026-09-26T00:24:00+02:00,,,true
CANONICAL-1000-004F1F50,FUN_004F1F50,coordinator,decomp/canonical-1000,Register existing exact-target leaf after frozen V6 membership and byte-identical I386 revalidation,2026-09-26T00:24:00+02:00,,,true
CANONICAL-1000-004F2010,FUN_004F2010,coordinator,decomp/canonical-1000,Register existing exact-target leaf after frozen V6 membership and byte-identical I386 revalidation,2026-09-26T00:24:00+02:00,,,true
CANONICAL-1000-004F2030,FUN_004F2030,coordinator,decomp/canonical-1000,Register existing exact-target leaf after frozen V6 membership and byte-identical I386 revalidation,2026-09-26T00:24:00+02:00,,,true
CANONICAL-1000-004F2160,FUN_004F2160,coordinator,decomp/canonical-1000,Register existing exact-target leaf after frozen V6 membership and byte-identical I386 revalidation,2026-09-26T00:24:00+02:00,,,true
CANONICAL-1000-004F2170,FUN_004F2170,coordinator,decomp/canonical-1000,Register existing exact-target leaf after frozen V6 membership and byte-identical I386 revalidation,2026-09-26T00:24:00+02:00,,,true
CANONICAL-1000-004F2180,FUN_004F2180,coordinator,decomp/canonical-1000,Register existing exact-target leaf after frozen V6 membership and byte-identical I386 revalidation,2026-09-26T00:24:00+02:00,,,true
CANONICAL-1000-004F6670,FUN_004F6670,coordinator,decomp/canonical-1000,Register existing exact-target leaf after frozen V6 membership and byte-identical I386 revalidation,2026-09-26T00:24:00+02:00,,,true
CANONICAL-1000-004F6A90,FUN_004F6A90,coordinator,decomp/canonical-1000,Register existing exact-target leaf after frozen V6 membership and byte-identical I386 revalidation,2026-09-26T00:24:00+02:00,,,true
CANONICAL-1000-004F6E70,FUN_004F6E70,coordinator,decomp/canonical-1000,Register existing exact-target leaf after frozen V6 membership and byte-identical I386 revalidation,2026-09-26T00:24:00+02:00,,,true
CANONICAL-1000-004F7CD0,FUN_004F7CD0,coordinator,decomp/canonical-1000,Register existing exact-target leaf after frozen V6 membership and byte-identical I386 revalidation,2026-09-26T00:24:00+02:00,,,true
CANONICAL-1000-00508690,FUN_00508690,coordinator,decomp/canonical-1000,Register existing exact-target leaf after frozen V6 membership and byte-identical I386 revalidation,2026-09-26T00:24:00+02:00,,,true
CANONICAL-1000-005086A0,FUN_005086A0,coordinator,decomp/canonical-1000,Register existing exact-target leaf after frozen V6 membership and byte-identical I386 revalidation,2026-09-26T00:24:00+02:00,,,true
CANONICAL-1000-005086B0,FUN_005086B0,coordinator,decomp/canonical-1000,Register existing exact-target leaf after frozen V6 membership and byte-identical I386 revalidation,2026-09-26T00:24:00+02:00,,,true
CANONICAL-1000-005086C0,FUN_005086C0,coordinator,decomp/canonical-1000,Register existing exact-target leaf after frozen V6 membership and byte-identical I386 revalidation,2026-09-26T00:24:00+02:00,,,true
CANONICAL-1000-005086D0,FUN_005086D0,coordinator,decomp/canonical-1000,Register existing exact-target leaf after frozen V6 membership and byte-identical I386 revalidation,2026-09-26T00:24:00+02:00,,,true
CANONICAL-1000-005086E0,FUN_005086E0,coordinator,decomp/canonical-1000,Register existing exact-target leaf after frozen V6 membership and byte-identical I386 revalidation,2026-09-26T00:24:00+02:00,,,true
CANONICAL-1000-005086F0,FUN_005086F0,coordinator,decomp/canonical-1000,Register existing exact-target leaf after frozen V6 membership and byte-identical I386 revalidation,2026-09-26T00:24:00+02:00,,,true
CANONICAL-1000-00508700,FUN_00508700,coordinator,decomp/canonical-1000,Register existing exact-target leaf after frozen V6 membership and byte-identical I386 revalidation,2026-09-26T00:24:00+02:00,,,true
CANONICAL-1000-005087B0,FUN_005087B0,coordinator,decomp/canonical-1000,Register existing exact-target leaf after frozen V6 membership and byte-identical I386 revalidation,2026-09-26T00:24:00+02:00,,,true
CANONICAL-1000-005087C0,FUN_005087C0,coordinator,decomp/canonical-1000,Register existing exact-target leaf after frozen V6 membership and byte-identical I386 revalidation,2026-09-26T00:24:00+02:00,,,true
CANONICAL-1000-005087D0,FUN_005087D0,coordinator,decomp/canonical-1000,Register existing exact-target leaf after frozen V6 membership and byte-identical I386 revalidation,2026-09-26T00:24:00+02:00,,,true
CANONICAL-1000-005087E0,FUN_005087E0,coordinator,decomp/canonical-1000,Register existing exact-target leaf after frozen V6 membership and byte-identical I386 revalidation,2026-09-26T00:24:00+02:00,,,true
CANONICAL-1000-005087F0,FUN_005087F0,coordinator,decomp/canonical-1000,Register existing exact-target leaf after frozen V6 membership and byte-identical I386 revalidation,2026-09-26T00:24:00+02:00,,,true
CANONICAL-1000-005089A0,FUN_005089A0,coordinator,decomp/canonical-1000,Register existing exact-target leaf after frozen V6 membership and byte-identical I386 revalidation,2026-09-26T00:24:00+02:00,,,true
CANONICAL-1000-005089B0,FUN_005089B0,coordinator,decomp/canonical-1000,Register existing exact-target leaf after frozen V6 membership and byte-identical I386 revalidation,2026-09-26T00:24:00+02:00,,,true
CANONICAL-1000-005089C0,FUN_005089C0,coordinator,decomp/canonical-1000,Register existing exact-target leaf after frozen V6 membership and byte-identical I386 revalidation,2026-09-26T00:24:00+02:00,,,true
CANONICAL-1000-005089D0,FUN_005089D0,coordinator,decomp/canonical-1000,Register existing exact-target leaf after frozen V6 membership and byte-identical I386 revalidation,2026-09-26T00:24:00+02:00,,,true
CANONICAL-1000-005089E0,FUN_005089E0,coordinator,decomp/canonical-1000,Register existing exact-target leaf after frozen V6 membership and byte-identical I386 revalidation,2026-09-26T00:24:00+02:00,,,true
CANONICAL-1000-005089F0,FUN_005089F0,coordinator,decomp/canonical-1000,Register existing exact-target leaf after frozen V6 membership and byte-identical I386 revalidation,2026-09-26T00:24:00+02:00,,,true
CANONICAL-1000-00508A00,FUN_00508A00,coordinator,decomp/canonical-1000,Register existing exact-target leaf after frozen V6 membership and byte-identical I386 revalidation,2026-09-26T00:24:00+02:00,,,true
CANONICAL-1000-00508A10,FUN_00508A10,coordinator,decomp/canonical-1000,Register existing exact-target leaf after frozen V6 membership and byte-identical I386 revalidation,2026-09-26T00:24:00+02:00,,,true
CANONICAL-1000-00508A50,FUN_00508A50,coordinator,decomp/canonical-1000,Register existing exact-target leaf after frozen V6 membership and byte-identical I386 revalidation,2026-09-26T00:24:00+02:00,,,true
CANONICAL-1000-00508A60,FUN_00508A60,coordinator,decomp/canonical-1000,Register existing exact-target leaf after frozen V6 membership and byte-identical I386 revalidation,2026-09-26T00:24:00+02:00,,,true
CANONICAL-1000-00508C60,FUN_00508C60,coordinator,decomp/canonical-1000,Register existing exact-target leaf after frozen V6 membership and byte-identical I386 revalidation,2026-09-26T00:24:00+02:00,,,true
CANONICAL-1000-00508CC0,FUN_00508CC0,coordinator,decomp/canonical-1000,Register existing exact-target leaf after frozen V6 membership and byte-identical I386 revalidation,2026-09-26T00:24:00+02:00,,,true
CANONICAL-1000-005094B0,FUN_005094B0,coordinator,decomp/canonical-1000,Register existing exact-target leaf after frozen V6 membership and byte-identical I386 revalidation,2026-09-26T00:24:00+02:00,,,true
CANONICAL-1000-0050D6F0,FUN_0050D6F0,coordinator,decomp/canonical-1000,Register existing exact-target leaf after frozen V6 membership and byte-identical I386 revalidation,2026-09-26T00:24:00+02:00,,,true
CANONICAL-1000-00517580,FUN_00517580,coordinator,decomp/canonical-1000,Register existing exact-target leaf after frozen V6 membership and byte-identical I386 revalidation,2026-09-26T00:24:00+02:00,,,true
CANONICAL-1000-0051C690,FUN_0051C690,coordinator,decomp/canonical-1000,Register existing exact-target leaf after frozen V6 membership and byte-identical I386 revalidation,2026-09-26T00:24:00+02:00,,,true
CANONICAL-1000-0051C6A0,FUN_0051C6A0,coordinator,decomp/canonical-1000,Register existing exact-target leaf after frozen V6 membership and byte-identical I386 revalidation,2026-09-26T00:24:00+02:00,,,true
CANONICAL-1000-0051C6B0,FUN_0051C6B0,coordinator,decomp/canonical-1000,Register existing exact-target leaf after frozen V6 membership and byte-identical I386 revalidation,2026-09-26T00:24:00+02:00,,,true
CANONICAL-1000-0051C710,FUN_0051C710,coordinator,decomp/canonical-1000,Register existing exact-target leaf after frozen V6 membership and byte-identical I386 revalidation,2026-09-26T00:24:00+02:00,,,true
CANONICAL-1000-005230F0,FUN_005230F0,coordinator,decomp/canonical-1000,Register existing exact-target leaf after frozen V6 membership and byte-identical I386 revalidation,2026-09-26T00:24:00+02:00,,,true
CANONICAL-1000-00527D80,FUN_00527D80,coordinator,decomp/canonical-1000,Register existing exact-target leaf after frozen V6 membership and byte-identical I386 revalidation,2026-09-26T00:24:00+02:00,,,true
CANONICAL-1000-00527DD0,FUN_00527DD0,coordinator,decomp/canonical-1000,Register existing exact-target leaf after frozen V6 membership and byte-identical I386 revalidation,2026-09-26T00:24:00+02:00,,,true
CANONICAL-1000-00528390,FUN_00528390,coordinator,decomp/canonical-1000,Register existing exact-target leaf after frozen V6 membership and byte-identical I386 revalidation,2026-09-26T00:24:00+02:00,,,true
CANONICAL-1000-00528E60,FUN_00528E60,coordinator,decomp/canonical-1000,Register existing exact-target leaf after frozen V6 membership and byte-identical I386 revalidation,2026-09-26T00:24:00+02:00,,,true
CANONICAL-1000-005291F0,FUN_005291F0,coordinator,decomp/canonical-1000,Register existing exact-target leaf after frozen V6 membership and byte-identical I386 revalidation,2026-09-26T00:24:00+02:00,,,true
CANONICAL-1000-005293A0,FUN_005293A0,coordinator,decomp/canonical-1000,Register existing exact-target leaf after frozen V6 membership and byte-identical I386 revalidation,2026-09-26T00:24:00+02:00,,,true
CANONICAL-1000-005293B0,FUN_005293B0,coordinator,decomp/canonical-1000,Register existing exact-target leaf after frozen V6 membership and byte-identical I386 revalidation,2026-09-26T00:24:00+02:00,,,true
CANONICAL-1000-005293C0,FUN_005293C0,coordinator,decomp/canonical-1000,Register existing exact-target leaf after frozen V6 membership and byte-identical I386 revalidation,2026-09-26T00:24:00+02:00,,,true
CANONICAL-1000-005293D0,FUN_005293D0,coordinator,decomp/canonical-1000,Register existing exact-target leaf after frozen V6 membership and byte-identical I386 revalidation,2026-09-26T00:24:00+02:00,,,true
CANONICAL-1000-0052A950,FUN_0052A950,coordinator,decomp/canonical-1000,Register existing exact-target leaf after frozen V6 membership and byte-identical I386 revalidation,2026-09-26T00:24:00+02:00,,,true
CANONICAL-1000-0052AD80,FUN_0052AD80,coordinator,decomp/canonical-1000,Register existing exact-target leaf after frozen V6 membership and byte-identical I386 revalidation,2026-09-26T00:24:00+02:00,,,true
CANONICAL-1000-0052AD90,FUN_0052AD90,coordinator,decomp/canonical-1000,Register existing exact-target leaf after frozen V6 membership and byte-identical I386 revalidation,2026-09-26T00:24:00+02:00,,,true
CANONICAL-1000-0052AF20,FUN_0052AF20,coordinator,decomp/canonical-1000,Register existing exact-target leaf after frozen V6 membership and byte-identical I386 revalidation,2026-09-26T00:24:00+02:00,,,true
CANONICAL-1000-0052C690,FUN_0052C690,coordinator,decomp/canonical-1000,Register existing exact-target leaf after frozen V6 membership and byte-identical I386 revalidation,2026-09-26T00:24:00+02:00,,,true
CANONICAL-1000-0052C6A0,FUN_0052C6A0,coordinator,decomp/canonical-1000,Register existing exact-target leaf after frozen V6 membership and byte-identical I386 revalidation,2026-09-26T00:24:00+02:00,,,true
CANONICAL-1000-0052C9E0,FUN_0052C9E0,coordinator,decomp/canonical-1000,Register existing exact-target leaf after frozen V6 membership and byte-identical I386 revalidation,2026-09-26T00:24:00+02:00,,,true
CANONICAL-1000-0052F120,FUN_0052F120,coordinator,decomp/canonical-1000,Register existing exact-target leaf after frozen V6 membership and byte-identical I386 revalidation,2026-09-26T00:24:00+02:00,,,true
CANONICAL-1000-0052F130,FUN_0052F130,coordinator,decomp/canonical-1000,Register existing exact-target leaf after frozen V6 membership and byte-identical I386 revalidation,2026-09-26T00:24:00+02:00,,,true
CANONICAL-1000-0052F730,FUN_0052F730,coordinator,decomp/canonical-1000,Register existing exact-target leaf after frozen V6 membership and byte-identical I386 revalidation,2026-09-26T00:24:00+02:00,,,true
CANONICAL-1000-0052F9C0,FUN_0052F9C0,coordinator,decomp/canonical-1000,Register existing exact-target leaf after frozen V6 membership and byte-identical I386 revalidation,2026-09-26T00:24:00+02:00,,,true
CANONICAL-1000-0052FEB0,FUN_0052FEB0,coordinator,decomp/canonical-1000,Register existing exact-target leaf after frozen V6 membership and byte-identical I386 revalidation,2026-09-26T00:24:00+02:00,,,true
CANONICAL-1000-00530B00,FUN_00530B00,coordinator,decomp/canonical-1000,Register existing exact-target leaf after frozen V6 membership and byte-identical I386 revalidation,2026-09-26T00:24:00+02:00,,,true
CANONICAL-1000-005315E0,FUN_005315E0,coordinator,decomp/canonical-1000,Register existing exact-target leaf after frozen V6 membership and byte-identical I386 revalidation,2026-09-26T00:24:00+02:00,,,true
CANONICAL-1000-00533F80,FUN_00533F80,coordinator,decomp/canonical-1000,Register existing exact-target leaf after frozen V6 membership and byte-identical I386 revalidation,2026-09-26T00:24:00+02:00,,,true
CANONICAL-1000-00534070,FUN_00534070,coordinator,decomp/canonical-1000,Register existing exact-target leaf after frozen V6 membership and byte-identical I386 revalidation,2026-09-26T00:24:00+02:00,,,true
CANONICAL-1000-00536120,FUN_00536120,coordinator,decomp/canonical-1000,Register existing exact-target leaf after frozen V6 membership and byte-identical I386 revalidation,2026-09-26T00:24:00+02:00,,,true
CANONICAL-1000-00536130,FUN_00536130,coordinator,decomp/canonical-1000,Register existing exact-target leaf after frozen V6 membership and byte-identical I386 revalidation,2026-09-26T00:24:00+02:00,,,true
CANONICAL-1000-00536140,FUN_00536140,coordinator,decomp/canonical-1000,Register existing exact-target leaf after frozen V6 membership and byte-identical I386 revalidation,2026-09-26T00:24:00+02:00,,,true
CANONICAL-1000-00536150,FUN_00536150,coordinator,decomp/canonical-1000,Register existing exact-target leaf after frozen V6 membership and byte-identical I386 revalidation,2026-09-26T00:24:00+02:00,,,true
CANONICAL-1000-00536160,FUN_00536160,coordinator,decomp/canonical-1000,Register existing exact-target leaf after frozen V6 membership and byte-identical I386 revalidation,2026-09-26T00:24:00+02:00,,,true
CANONICAL-1000-00536170,FUN_00536170,coordinator,decomp/canonical-1000,Register existing exact-target leaf after frozen V6 membership and byte-identical I386 revalidation,2026-09-26T00:24:00+02:00,,,true
CANONICAL-1000-00536180,FUN_00536180,coordinator,decomp/canonical-1000,Register existing exact-target leaf after frozen V6 membership and byte-identical I386 revalidation,2026-09-26T00:24:00+02:00,,,true
CANONICAL-1000-00536EC0,FUN_00536EC0,coordinator,decomp/canonical-1000,Register existing exact-target leaf after frozen V6 membership and byte-identical I386 revalidation,2026-09-26T00:24:00+02:00,,,true
CANONICAL-1000-00536ED0,FUN_00536ED0,coordinator,decomp/canonical-1000,Register existing exact-target leaf after frozen V6 membership and byte-identical I386 revalidation,2026-09-26T00:24:00+02:00,,,true
CANONICAL-1000-00536EE0,FUN_00536EE0,coordinator,decomp/canonical-1000,Register existing exact-target leaf after frozen V6 membership and byte-identical I386 revalidation,2026-09-26T00:24:00+02:00,,,true
CANONICAL-1000-00536FB0,FUN_00536FB0,coordinator,decomp/canonical-1000,Register existing exact-target leaf after frozen V6 membership and byte-identical I386 revalidation,2026-09-26T00:24:00+02:00,,,true
CANONICAL-1000-00536FC0,FUN_00536FC0,coordinator,decomp/canonical-1000,Register existing exact-target leaf after frozen V6 membership and byte-identical I386 revalidation,2026-09-26T00:24:00+02:00,,,true
CANONICAL-1000-00536FD0,FUN_00536FD0,coordinator,decomp/canonical-1000,Register existing exact-target leaf after frozen V6 membership and byte-identical I386 revalidation,2026-09-26T00:24:00+02:00,,,true
CANONICAL-1000-00537070,FUN_00537070,coordinator,decomp/canonical-1000,Register existing exact-target leaf after frozen V6 membership and byte-identical I386 revalidation,2026-09-26T00:24:00+02:00,,,true
CANONICAL-1000-00537110,FUN_00537110,coordinator,decomp/canonical-1000,Register existing exact-target leaf after frozen V6 membership and byte-identical I386 revalidation,2026-09-26T00:24:00+02:00,,,true
CANONICAL-1000-00537530,FUN_00537530,coordinator,decomp/canonical-1000,Register existing exact-target leaf after frozen V6 membership and byte-identical I386 revalidation,2026-09-26T00:24:00+02:00,,,true
CANONICAL-1000-00538210,FUN_00538210,coordinator,decomp/canonical-1000,Register existing exact-target leaf after frozen V6 membership and byte-identical I386 revalidation,2026-09-26T00:24:00+02:00,,,true
CANONICAL-1000-00538250,FUN_00538250,coordinator,decomp/canonical-1000,Register existing exact-target leaf after frozen V6 membership and byte-identical I386 revalidation,2026-09-26T00:24:00+02:00,,,true
CANONICAL-1000-00538260,FUN_00538260,coordinator,decomp/canonical-1000,Register existing exact-target leaf after frozen V6 membership and byte-identical I386 revalidation,2026-09-26T00:24:00+02:00,,,true
CANONICAL-1000-00538270,FUN_00538270,coordinator,decomp/canonical-1000,Register existing exact-target leaf after frozen V6 membership and byte-identical I386 revalidation,2026-09-26T00:24:00+02:00,,,true
CANONICAL-1000-00538280,FUN_00538280,coordinator,decomp/canonical-1000,Register existing exact-target leaf after frozen V6 membership and byte-identical I386 revalidation,2026-09-26T00:24:00+02:00,,,true
CANONICAL-1000-00538340,FUN_00538340,coordinator,decomp/canonical-1000,Register existing exact-target leaf after frozen V6 membership and byte-identical I386 revalidation,2026-09-26T00:24:00+02:00,,,true
CANONICAL-1000-00538350,FUN_00538350,coordinator,decomp/canonical-1000,Register existing exact-target leaf after frozen V6 membership and byte-identical I386 revalidation,2026-09-26T00:24:00+02:00,,,true
CANONICAL-1000-00538360,FUN_00538360,coordinator,decomp/canonical-1000,Register existing exact-target leaf after frozen V6 membership and byte-identical I386 revalidation,2026-09-26T00:24:00+02:00,,,true
CANONICAL-1000-00538450,FUN_00538450,coordinator,decomp/canonical-1000,Register existing exact-target leaf after frozen V6 membership and byte-identical I386 revalidation,2026-09-26T00:24:00+02:00,,,true
CANONICAL-1000-00538460,FUN_00538460,coordinator,decomp/canonical-1000,Register existing exact-target leaf after frozen V6 membership and byte-identical I386 revalidation,2026-09-26T00:24:00+02:00,,,true
CANONICAL-1000-00538D80,FUN_00538D80,coordinator,decomp/canonical-1000,Register existing exact-target leaf after frozen V6 membership and byte-identical I386 revalidation,2026-09-26T00:24:00+02:00,,,true
CANONICAL-1000-00538D90,FUN_00538D90,coordinator,decomp/canonical-1000,Register existing exact-target leaf after frozen V6 membership and byte-identical I386 revalidation,2026-09-26T00:24:00+02:00,,,true
CANONICAL-1000-00538E20,FUN_00538E20,coordinator,decomp/canonical-1000,Register existing exact-target leaf after frozen V6 membership and byte-identical I386 revalidation,2026-09-26T00:24:00+02:00,,,true
CANONICAL-1000-00538E30,FUN_00538E30,coordinator,decomp/canonical-1000,Register existing exact-target leaf after frozen V6 membership and byte-identical I386 revalidation,2026-09-26T00:24:00+02:00,,,true
CANONICAL-1000-00538E40,FUN_00538E40,coordinator,decomp/canonical-1000,Register existing exact-target leaf after frozen V6 membership and byte-identical I386 revalidation,2026-09-26T00:24:00+02:00,,,true
CANONICAL-1000-0053B770,FUN_0053B770,coordinator,decomp/canonical-1000,Register existing exact-target leaf after frozen V6 membership and byte-identical I386 revalidation,2026-09-26T00:24:00+02:00,,,true
CANONICAL-1000-0053B7E0,FUN_0053B7E0,coordinator,decomp/canonical-1000,Register existing exact-target leaf after frozen V6 membership and byte-identical I386 revalidation,2026-09-26T00:24:00+02:00,,,true
CANONICAL-1000-0053B7F0,FUN_0053B7F0,coordinator,decomp/canonical-1000,Register existing exact-target leaf after frozen V6 membership and byte-identical I386 revalidation,2026-09-26T00:24:00+02:00,,,true
CANONICAL-1000-0053B860,FUN_0053B860,coordinator,decomp/canonical-1000,Register existing exact-target leaf after frozen V6 membership and byte-identical I386 revalidation,2026-09-26T00:24:00+02:00,,,true
CANONICAL-1000-0053B870,FUN_0053B870,coordinator,decomp/canonical-1000,Register existing exact-target leaf after frozen V6 membership and byte-identical I386 revalidation,2026-09-26T00:24:00+02:00,,,true
CANONICAL-1000-0053B900,FUN_0053B900,coordinator,decomp/canonical-1000,Register existing exact-target leaf after frozen V6 membership and byte-identical I386 revalidation,2026-09-26T00:24:00+02:00,,,true
CANONICAL-1000-0053B910,FUN_0053B910,coordinator,decomp/canonical-1000,Register existing exact-target leaf after frozen V6 membership and byte-identical I386 revalidation,2026-09-26T00:24:00+02:00,,,true
CANONICAL-1000-0053B920,FUN_0053B920,coordinator,decomp/canonical-1000,Register existing exact-target leaf after frozen V6 membership and byte-identical I386 revalidation,2026-09-26T00:24:00+02:00,,,true
CANONICAL-1000-0053B930,FUN_0053B930,coordinator,decomp/canonical-1000,Register existing exact-target leaf after frozen V6 membership and byte-identical I386 revalidation,2026-09-26T00:24:00+02:00,,,true
CANONICAL-1000-0053B940,FUN_0053B940,coordinator,decomp/canonical-1000,Register existing exact-target leaf after frozen V6 membership and byte-identical I386 revalidation,2026-09-26T00:24:00+02:00,,,true
CANONICAL-1000-0053B950,FUN_0053B950,coordinator,decomp/canonical-1000,Register existing exact-target leaf after frozen V6 membership and byte-identical I386 revalidation,2026-09-26T00:24:00+02:00,,,true
CANONICAL-1000-0053B960,FUN_0053B960,coordinator,decomp/canonical-1000,Register existing exact-target leaf after frozen V6 membership and byte-identical I386 revalidation,2026-09-26T00:24:00+02:00,,,true
CANONICAL-1000-0053B970,FUN_0053B970,coordinator,decomp/canonical-1000,Register existing exact-target leaf after frozen V6 membership and byte-identical I386 revalidation,2026-09-26T00:24:00+02:00,,,true
CANONICAL-1000-0053B980,FUN_0053B980,coordinator,decomp/canonical-1000,Register existing exact-target leaf after frozen V6 membership and byte-identical I386 revalidation,2026-09-26T00:24:00+02:00,,,true
CANONICAL-1000-0053B990,FUN_0053B990,coordinator,decomp/canonical-1000,Register existing exact-target leaf after frozen V6 membership and byte-identical I386 revalidation,2026-09-26T00:24:00+02:00,,,true
CANONICAL-1000-0053B9A0,FUN_0053B9A0,coordinator,decomp/canonical-1000,Register existing exact-target leaf after frozen V6 membership and byte-identical I386 revalidation,2026-09-26T00:24:00+02:00,,,true
CANONICAL-1000-0053B9B0,FUN_0053B9B0,coordinator,decomp/canonical-1000,Register existing exact-target leaf after frozen V6 membership and byte-identical I386 revalidation,2026-09-26T00:24:00+02:00,,,true
CANONICAL-1000-0053BA20,FUN_0053BA20,coordinator,decomp/canonical-1000,Register existing exact-target leaf after frozen V6 membership and byte-identical I386 revalidation,2026-09-26T00:24:00+02:00,,,true
CANONICAL-1000-0053BA30,FUN_0053BA30,coordinator,decomp/canonical-1000,Register existing exact-target leaf after frozen V6 membership and byte-identical I386 revalidation,2026-09-26T00:24:00+02:00,,,true
CANONICAL-1000-0053BA90,FUN_0053BA90,coordinator,decomp/canonical-1000,Register existing exact-target leaf after frozen V6 membership and byte-identical I386 revalidation,2026-09-26T00:24:00+02:00,,,true
CANONICAL-1000-0053BB40,FUN_0053BB40,coordinator,decomp/canonical-1000,Register existing exact-target leaf after frozen V6 membership and byte-identical I386 revalidation,2026-09-26T00:24:00+02:00,,,true
CANONICAL-1000-0053BB50,FUN_0053BB50,coordinator,decomp/canonical-1000,Register existing exact-target leaf after frozen V6 membership and byte-identical I386 revalidation,2026-09-26T00:24:00+02:00,,,true
CANONICAL-1000-0053BDD0,FUN_0053BDD0,coordinator,decomp/canonical-1000,Register existing exact-target leaf after frozen V6 membership and byte-identical I386 revalidation,2026-09-26T00:24:00+02:00,,,true
CANONICAL-1000-0053BDE0,FUN_0053BDE0,coordinator,decomp/canonical-1000,Register existing exact-target leaf after frozen V6 membership and byte-identical I386 revalidation,2026-09-26T00:24:00+02:00,,,true
CANONICAL-1000-0053BDF0,FUN_0053BDF0,coordinator,decomp/canonical-1000,Register existing exact-target leaf after frozen V6 membership and byte-identical I386 revalidation,2026-09-26T00:24:00+02:00,,,true
CANONICAL-1000-0053BE00,FUN_0053BE00,coordinator,decomp/canonical-1000,Register existing exact-target leaf after frozen V6 membership and byte-identical I386 revalidation,2026-09-26T00:24:00+02:00,,,true
CANONICAL-1000-0053CC20,FUN_0053CC20,coordinator,decomp/canonical-1000,Register existing exact-target leaf after frozen V6 membership and byte-identical I386 revalidation,2026-09-26T00:24:00+02:00,,,true
CANONICAL-1000-0053CC30,FUN_0053CC30,coordinator,decomp/canonical-1000,Register existing exact-target leaf after frozen V6 membership and byte-identical I386 revalidation,2026-09-26T00:24:00+02:00,,,true
CANONICAL-1000-0053CC40,FUN_0053CC40,coordinator,decomp/canonical-1000,Register existing exact-target leaf after frozen V6 membership and byte-identical I386 revalidation,2026-09-26T00:24:00+02:00,,,true
CANONICAL-1000-005409A0,FUN_005409A0,coordinator,decomp/canonical-1000,Register existing exact-target leaf after frozen V6 membership and byte-identical I386 revalidation,2026-09-26T00:24:00+02:00,,,true
CANONICAL-1000-005409B0,FUN_005409B0,coordinator,decomp/canonical-1000,Register existing exact-target leaf after frozen V6 membership and byte-identical I386 revalidation,2026-09-26T00:24:00+02:00,,,true
CANONICAL-1000-005409C0,FUN_005409C0,coordinator,decomp/canonical-1000,Register existing exact-target leaf after frozen V6 membership and byte-identical I386 revalidation,2026-09-26T00:24:00+02:00,,,true
CANONICAL-1000-00540AD0,FUN_00540AD0,coordinator,decomp/canonical-1000,Register existing exact-target leaf after frozen V6 membership and byte-identical I386 revalidation,2026-09-26T00:24:00+02:00,,,true
CANONICAL-1000-00540AE0,FUN_00540AE0,coordinator,decomp/canonical-1000,Register existing exact-target leaf after frozen V6 membership and byte-identical I386 revalidation,2026-09-26T00:24:00+02:00,,,true
CANONICAL-1000-005412E0,FUN_005412E0,coordinator,decomp/canonical-1000,Register existing exact-target leaf after frozen V6 membership and byte-identical I386 revalidation,2026-09-26T00:24:00+02:00,,,true
CANONICAL-1000-005412F0,FUN_005412F0,coordinator,decomp/canonical-1000,Register existing exact-target leaf after frozen V6 membership and byte-identical I386 revalidation,2026-09-26T00:24:00+02:00,,,true
CANONICAL-1000-00541350,FUN_00541350,coordinator,decomp/canonical-1000,Register existing exact-target leaf after frozen V6 membership and byte-identical I386 revalidation,2026-09-26T00:24:00+02:00,,,true
CANONICAL-1000-00541360,FUN_00541360,coordinator,decomp/canonical-1000,Register existing exact-target leaf after frozen V6 membership and byte-identical I386 revalidation,2026-09-26T00:24:00+02:00,,,true
CANONICAL-1000-005413F0,FUN_005413F0,coordinator,decomp/canonical-1000,Register existing exact-target leaf after frozen V6 membership and byte-identical I386 revalidation,2026-09-26T00:24:00+02:00,,,true
CANONICAL-1000-00541400,FUN_00541400,coordinator,decomp/canonical-1000,Register existing exact-target leaf after frozen V6 membership and byte-identical I386 revalidation,2026-09-26T00:24:00+02:00,,,true
CANONICAL-1000-00541C50,FUN_00541C50,coordinator,decomp/canonical-1000,Register existing exact-target leaf after frozen V6 membership and byte-identical I386 revalidation,2026-09-26T00:24:00+02:00,,,true
CANONICAL-1000-00541C60,FUN_00541C60,coordinator,decomp/canonical-1000,Register existing exact-target leaf after frozen V6 membership and byte-identical I386 revalidation,2026-09-26T00:24:00+02:00,,,true
CANONICAL-1000-00541C70,FUN_00541C70,coordinator,decomp/canonical-1000,Register existing exact-target leaf after frozen V6 membership and byte-identical I386 revalidation,2026-09-26T00:24:00+02:00,,,true
CANONICAL-1000-00541C80,FUN_00541C80,coordinator,decomp/canonical-1000,Register existing exact-target leaf after frozen V6 membership and byte-identical I386 revalidation,2026-09-26T00:24:00+02:00,,,true
CANONICAL-1000-00541C90,FUN_00541C90,coordinator,decomp/canonical-1000,Register existing exact-target leaf after frozen V6 membership and byte-identical I386 revalidation,2026-09-26T00:24:00+02:00,,,true
CANONICAL-1000-00541CA0,FUN_00541CA0,coordinator,decomp/canonical-1000,Register existing exact-target leaf after frozen V6 membership and byte-identical I386 revalidation,2026-09-26T00:24:00+02:00,,,true
CANONICAL-1000-00541CB0,FUN_00541CB0,coordinator,decomp/canonical-1000,Register existing exact-target leaf after frozen V6 membership and byte-identical I386 revalidation,2026-09-26T00:24:00+02:00,,,true
CANONICAL-1000-00541E10,FUN_00541E10,coordinator,decomp/canonical-1000,Register existing exact-target leaf after frozen V6 membership and byte-identical I386 revalidation,2026-09-26T00:24:00+02:00,,,true
CANONICAL-1000-00542920,FUN_00542920,coordinator,decomp/canonical-1000,Register existing exact-target leaf after frozen V6 membership and byte-identical I386 revalidation,2026-09-26T00:24:00+02:00,,,true
CANONICAL-1000-00542930,FUN_00542930,coordinator,decomp/canonical-1000,Register existing exact-target leaf after frozen V6 membership and byte-identical I386 revalidation,2026-09-26T00:24:00+02:00,,,true
CANONICAL-1000-00542A50,FUN_00542A50,coordinator,decomp/canonical-1000,Register existing exact-target leaf after frozen V6 membership and byte-identical I386 revalidation,2026-09-26T00:24:00+02:00,,,true
CANONICAL-1000-00542A60,FUN_00542A60,coordinator,decomp/canonical-1000,Register existing exact-target leaf after frozen V6 membership and byte-identical I386 revalidation,2026-09-26T00:24:00+02:00,,,true
CANONICAL-1000-00542A70,FUN_00542A70,coordinator,decomp/canonical-1000,Register existing exact-target leaf after frozen V6 membership and byte-identical I386 revalidation,2026-09-26T00:24:00+02:00,,,true
CANONICAL-1000-00542A80,FUN_00542A80,coordinator,decomp/canonical-1000,Register existing exact-target leaf after frozen V6 membership and byte-identical I386 revalidation,2026-09-26T00:24:00+02:00,,,true
CANONICAL-1000-00544950,FUN_00544950,coordinator,decomp/canonical-1000,Register existing exact-target leaf after frozen V6 membership and byte-identical I386 revalidation,2026-09-26T00:24:00+02:00,,,true
CANONICAL-1000-005449B0,FUN_005449B0,coordinator,decomp/canonical-1000,Register existing exact-target leaf after frozen V6 membership and byte-identical I386 revalidation,2026-09-26T00:24:00+02:00,,,true
CANONICAL-1000-005449C0,FUN_005449C0,coordinator,decomp/canonical-1000,Register existing exact-target leaf after frozen V6 membership and byte-identical I386 revalidation,2026-09-26T00:24:00+02:00,,,true
CANONICAL-1000-00545030,FUN_00545030,coordinator,decomp/canonical-1000,Register existing exact-target leaf after frozen V6 membership and byte-identical I386 revalidation,2026-09-26T00:24:00+02:00,,,true
CANONICAL-1000-005450B0,FUN_005450B0,coordinator,decomp/canonical-1000,Register existing exact-target leaf after frozen V6 membership and byte-identical I386 revalidation,2026-09-26T00:24:00+02:00,,,true
CANONICAL-1000-005450C0,FUN_005450C0,coordinator,decomp/canonical-1000,Register existing exact-target leaf after frozen V6 membership and byte-identical I386 revalidation,2026-09-26T00:24:00+02:00,,,true
CANONICAL-1000-005450D0,FUN_005450D0,coordinator,decomp/canonical-1000,Register existing exact-target leaf after frozen V6 membership and byte-identical I386 revalidation,2026-09-26T00:24:00+02:00,,,true
CANONICAL-1000-00545170,FUN_00545170,coordinator,decomp/canonical-1000,Register existing exact-target leaf after frozen V6 membership and byte-identical I386 revalidation,2026-09-26T00:24:00+02:00,,,true
CANONICAL-1000-00545180,FUN_00545180,coordinator,decomp/canonical-1000,Register existing exact-target leaf after frozen V6 membership and byte-identical I386 revalidation,2026-09-26T00:24:00+02:00,,,true
CANONICAL-1000-00545570,FUN_00545570,coordinator,decomp/canonical-1000,Register existing exact-target leaf after frozen V6 membership and byte-identical I386 revalidation,2026-09-26T00:24:00+02:00,,,true
CANONICAL-1000-00545580,FUN_00545580,coordinator,decomp/canonical-1000,Register existing exact-target leaf after frozen V6 membership and byte-identical I386 revalidation,2026-09-26T00:24:00+02:00,,,true
CANONICAL-1000-00545590,FUN_00545590,coordinator,decomp/canonical-1000,Register existing exact-target leaf after frozen V6 membership and byte-identical I386 revalidation,2026-09-26T00:24:00+02:00,,,true
CANONICAL-1000-00545F50,FUN_00545F50,coordinator,decomp/canonical-1000,Register existing exact-target leaf after frozen V6 membership and byte-identical I386 revalidation,2026-09-26T00:24:00+02:00,,,true
CANONICAL-1000-00545F60,FUN_00545F60,coordinator,decomp/canonical-1000,Register existing exact-target leaf after frozen V6 membership and byte-identical I386 revalidation,2026-09-26T00:24:00+02:00,,,true
CANONICAL-1000-00545F70,FUN_00545F70,coordinator,decomp/canonical-1000,Register existing exact-target leaf after frozen V6 membership and byte-identical I386 revalidation,2026-09-26T00:24:00+02:00,,,true
CANONICAL-1000-00545F80,FUN_00545F80,coordinator,decomp/canonical-1000,Register existing exact-target leaf after frozen V6 membership and byte-identical I386 revalidation,2026-09-26T00:24:00+02:00,,,true
CANONICAL-1000-00545F90,FUN_00545F90,coordinator,decomp/canonical-1000,Register existing exact-target leaf after frozen V6 membership and byte-identical I386 revalidation,2026-09-26T00:24:00+02:00,,,true
CANONICAL-1000-00545FA0,FUN_00545FA0,coordinator,decomp/canonical-1000,Register existing exact-target leaf after frozen V6 membership and byte-identical I386 revalidation,2026-09-26T00:24:00+02:00,,,true
CANONICAL-1000-00545FB0,FUN_00545FB0,coordinator,decomp/canonical-1000,Register existing exact-target leaf after frozen V6 membership and byte-identical I386 revalidation,2026-09-26T00:24:00+02:00,,,true
CANONICAL-1000-00546060,FUN_00546060,coordinator,decomp/canonical-1000,Register existing exact-target leaf after frozen V6 membership and byte-identical I386 revalidation,2026-09-26T00:24:00+02:00,,,true
CANONICAL-1000-00546070,FUN_00546070,coordinator,decomp/canonical-1000,Register existing exact-target leaf after frozen V6 membership and byte-identical I386 revalidation,2026-09-26T00:24:00+02:00,,,true
CANONICAL-1000-005468F0,FUN_005468F0,coordinator,decomp/canonical-1000,Register existing exact-target leaf after frozen V6 membership and byte-identical I386 revalidation,2026-09-26T00:24:00+02:00,,,true
CANONICAL-1000-00546900,FUN_00546900,coordinator,decomp/canonical-1000,Register existing exact-target leaf after frozen V6 membership and byte-identical I386 revalidation,2026-09-26T00:24:00+02:00,,,true
CANONICAL-1000-00546940,FUN_00546940,coordinator,decomp/canonical-1000,Register existing exact-target leaf after frozen V6 membership and byte-identical I386 revalidation,2026-09-26T00:24:00+02:00,,,true
CANONICAL-1000-005473A0,FUN_005473A0,coordinator,decomp/canonical-1000,Register existing exact-target leaf after frozen V6 membership and byte-identical I386 revalidation,2026-09-26T00:24:00+02:00,,,true
CANONICAL-1000-005473B0,FUN_005473B0,coordinator,decomp/canonical-1000,Register existing exact-target leaf after frozen V6 membership and byte-identical I386 revalidation,2026-09-26T00:24:00+02:00,,,true
CANONICAL-1000-00548340,FUN_00548340,coordinator,decomp/canonical-1000,Register existing exact-target leaf after frozen V6 membership and byte-identical I386 revalidation,2026-09-26T00:24:00+02:00,,,true
CANONICAL-1000-00548350,FUN_00548350,coordinator,decomp/canonical-1000,Register existing exact-target leaf after frozen V6 membership and byte-identical I386 revalidation,2026-09-26T00:24:00+02:00,,,true
CANONICAL-1000-00548360,FUN_00548360,coordinator,decomp/canonical-1000,Register existing exact-target leaf after frozen V6 membership and byte-identical I386 revalidation,2026-09-26T00:24:00+02:00,,,true
CANONICAL-1000-00548370,FUN_00548370,coordinator,decomp/canonical-1000,Register existing exact-target leaf after frozen V6 membership and byte-identical I386 revalidation,2026-09-26T00:24:00+02:00,,,true
CANONICAL-1000-00548380,FUN_00548380,coordinator,decomp/canonical-1000,Register existing exact-target leaf after frozen V6 membership and byte-identical I386 revalidation,2026-09-26T00:24:00+02:00,,,true
CANONICAL-1000-00548390,FUN_00548390,coordinator,decomp/canonical-1000,Register existing exact-target leaf after frozen V6 membership and byte-identical I386 revalidation,2026-09-26T00:24:00+02:00,,,true
CANONICAL-1000-005483A0,FUN_005483A0,coordinator,decomp/canonical-1000,Register existing exact-target leaf after frozen V6 membership and byte-identical I386 revalidation,2026-09-26T00:24:00+02:00,,,true
CANONICAL-1000-005483B0,FUN_005483B0,coordinator,decomp/canonical-1000,Register existing exact-target leaf after frozen V6 membership and byte-identical I386 revalidation,2026-09-26T00:24:00+02:00,,,true
CANONICAL-1000-005483C0,FUN_005483C0,coordinator,decomp/canonical-1000,Register existing exact-target leaf after frozen V6 membership and byte-identical I386 revalidation,2026-09-26T00:24:00+02:00,,,true
CANONICAL-1000-00548F10,FUN_00548F10,coordinator,decomp/canonical-1000,Register existing exact-target leaf after frozen V6 membership and byte-identical I386 revalidation,2026-09-26T00:24:00+02:00,,,true
CANONICAL-1000-00548F20,FUN_00548F20,coordinator,decomp/canonical-1000,Register existing exact-target leaf after frozen V6 membership and byte-identical I386 revalidation,2026-09-26T00:24:00+02:00,,,true
CANONICAL-1000-00548F30,FUN_00548F30,coordinator,decomp/canonical-1000,Register existing exact-target leaf after frozen V6 membership and byte-identical I386 revalidation,2026-09-26T00:24:00+02:00,,,true
CANONICAL-1000-00548F40,FUN_00548F40,coordinator,decomp/canonical-1000,Register existing exact-target leaf after frozen V6 membership and byte-identical I386 revalidation,2026-09-26T00:24:00+02:00,,,true
CANONICAL-1000-00548F50,FUN_00548F50,coordinator,decomp/canonical-1000,Register existing exact-target leaf after frozen V6 membership and byte-identical I386 revalidation,2026-09-26T00:24:00+02:00,,,true
CANONICAL-1000-00549340,FUN_00549340,coordinator,decomp/canonical-1000,Register existing exact-target leaf after frozen V6 membership and byte-identical I386 revalidation,2026-09-26T00:24:00+02:00,,,true
CANONICAL-1000-00549350,FUN_00549350,coordinator,decomp/canonical-1000,Register existing exact-target leaf after frozen V6 membership and byte-identical I386 revalidation,2026-09-26T00:24:00+02:00,,,true
CANONICAL-1000-00549360,FUN_00549360,coordinator,decomp/canonical-1000,Register existing exact-target leaf after frozen V6 membership and byte-identical I386 revalidation,2026-09-26T00:24:00+02:00,,,true
CANONICAL-1000-00549370,FUN_00549370,coordinator,decomp/canonical-1000,Register existing exact-target leaf after frozen V6 membership and byte-identical I386 revalidation,2026-09-26T00:24:00+02:00,,,true
CANONICAL-1000-00549920,FUN_00549920,coordinator,decomp/canonical-1000,Register existing exact-target leaf after frozen V6 membership and byte-identical I386 revalidation,2026-09-26T00:24:00+02:00,,,true
CANONICAL-1000-00549930,FUN_00549930,coordinator,decomp/canonical-1000,Register existing exact-target leaf after frozen V6 membership and byte-identical I386 revalidation,2026-09-26T00:24:00+02:00,,,true
CANONICAL-1000-00549940,FUN_00549940,coordinator,decomp/canonical-1000,Register existing exact-target leaf after frozen V6 membership and byte-identical I386 revalidation,2026-09-26T00:24:00+02:00,,,true
CANONICAL-1000-00549950,FUN_00549950,coordinator,decomp/canonical-1000,Register existing exact-target leaf after frozen V6 membership and byte-identical I386 revalidation,2026-09-26T00:24:00+02:00,,,true
CANONICAL-1000-00549960,FUN_00549960,coordinator,decomp/canonical-1000,Register existing exact-target leaf after frozen V6 membership and byte-identical I386 revalidation,2026-09-26T00:24:00+02:00,,,true
CANONICAL-1000-00549970,FUN_00549970,coordinator,decomp/canonical-1000,Register existing exact-target leaf after frozen V6 membership and byte-identical I386 revalidation,2026-09-26T00:24:00+02:00,,,true
CANONICAL-1000-0054A500,FUN_0054A500,coordinator,decomp/canonical-1000,Register existing exact-target leaf after frozen V6 membership and byte-identical I386 revalidation,2026-09-26T00:24:00+02:00,,,true
CANONICAL-1000-0054A5B0,FUN_0054A5B0,coordinator,decomp/canonical-1000,Register existing exact-target leaf after frozen V6 membership and byte-identical I386 revalidation,2026-09-26T00:24:00+02:00,,,true
CANONICAL-1000-0054A5C0,FUN_0054A5C0,coordinator,decomp/canonical-1000,Register existing exact-target leaf after frozen V6 membership and byte-identical I386 revalidation,2026-09-26T00:24:00+02:00,,,true
CANONICAL-1000-0054A5D0,FUN_0054A5D0,coordinator,decomp/canonical-1000,Register existing exact-target leaf after frozen V6 membership and byte-identical I386 revalidation,2026-09-26T00:24:00+02:00,,,true
CANONICAL-1000-0054A700,FUN_0054A700,coordinator,decomp/canonical-1000,Register existing exact-target leaf after frozen V6 membership and byte-identical I386 revalidation,2026-09-26T00:24:00+02:00,,,true
CANONICAL-1000-0054A710,FUN_0054A710,coordinator,decomp/canonical-1000,Register existing exact-target leaf after frozen V6 membership and byte-identical I386 revalidation,2026-09-26T00:24:00+02:00,,,true
CANONICAL-1000-0054A720,FUN_0054A720,coordinator,decomp/canonical-1000,Register existing exact-target leaf after frozen V6 membership and byte-identical I386 revalidation,2026-09-26T00:24:00+02:00,,,true
CANONICAL-1000-0054A7B0,FUN_0054A7B0,coordinator,decomp/canonical-1000,Register existing exact-target leaf after frozen V6 membership and byte-identical I386 revalidation,2026-09-26T00:24:00+02:00,,,true
CANONICAL-1000-0054A7C0,FUN_0054A7C0,coordinator,decomp/canonical-1000,Register existing exact-target leaf after frozen V6 membership and byte-identical I386 revalidation,2026-09-26T00:24:00+02:00,,,true
CANONICAL-1000-0054A7D0,FUN_0054A7D0,coordinator,decomp/canonical-1000,Register existing exact-target leaf after frozen V6 membership and byte-identical I386 revalidation,2026-09-26T00:24:00+02:00,,,true
CANONICAL-1000-0054A870,FUN_0054A870,coordinator,decomp/canonical-1000,Register existing exact-target leaf after frozen V6 membership and byte-identical I386 revalidation,2026-09-26T00:24:00+02:00,,,true
CANONICAL-1000-0054A880,FUN_0054A880,coordinator,decomp/canonical-1000,Register existing exact-target leaf after frozen V6 membership and byte-identical I386 revalidation,2026-09-26T00:24:00+02:00,,,true
CANONICAL-1000-0054A890,FUN_0054A890,coordinator,decomp/canonical-1000,Register existing exact-target leaf after frozen V6 membership and byte-identical I386 revalidation,2026-09-26T00:24:00+02:00,,,true
CANONICAL-1000-0054AD80,FUN_0054AD80,coordinator,decomp/canonical-1000,Register existing exact-target leaf after frozen V6 membership and byte-identical I386 revalidation,2026-09-26T00:24:00+02:00,,,true
CANONICAL-1000-0054AD90,FUN_0054AD90,coordinator,decomp/canonical-1000,Register existing exact-target leaf after frozen V6 membership and byte-identical I386 revalidation,2026-09-26T00:24:00+02:00,,,true
CANONICAL-1000-0054ADA0,FUN_0054ADA0,coordinator,decomp/canonical-1000,Register existing exact-target leaf after frozen V6 membership and byte-identical I386 revalidation,2026-09-26T00:24:00+02:00,,,true
CANONICAL-1000-0054B140,FUN_0054B140,coordinator,decomp/canonical-1000,Register existing exact-target leaf after frozen V6 membership and byte-identical I386 revalidation,2026-09-26T00:24:00+02:00,,,true
CANONICAL-1000-0055C1E0,FUN_0055C1E0,coordinator,decomp/canonical-1000,Register existing exact-target leaf after frozen V6 membership and byte-identical I386 revalidation,2026-09-26T00:24:00+02:00,,,true
CANONICAL-1000-0055C1F0,FUN_0055C1F0,coordinator,decomp/canonical-1000,Register existing exact-target leaf after frozen V6 membership and byte-identical I386 revalidation,2026-09-26T00:24:00+02:00,,,true
CANONICAL-1000-0055C200,FUN_0055C200,coordinator,decomp/canonical-1000,Register existing exact-target leaf after frozen V6 membership and byte-identical I386 revalidation,2026-09-26T00:24:00+02:00,,,true
CANONICAL-1000-0055C280,FUN_0055C280,coordinator,decomp/canonical-1000,Register existing exact-target leaf after frozen V6 membership and byte-identical I386 revalidation,2026-09-26T00:24:00+02:00,,,true
CANONICAL-1000-0055C290,FUN_0055C290,coordinator,decomp/canonical-1000,Register existing exact-target leaf after frozen V6 membership and byte-identical I386 revalidation,2026-09-26T00:24:00+02:00,,,true
CANONICAL-1000-0055C2A0,FUN_0055C2A0,coordinator,decomp/canonical-1000,Register existing exact-target leaf after frozen V6 membership and byte-identical I386 revalidation,2026-09-26T00:24:00+02:00,,,true
CANONICAL-1000-0055C4A0,FUN_0055C4A0,coordinator,decomp/canonical-1000,Register existing exact-target leaf after frozen V6 membership and byte-identical I386 revalidation,2026-09-26T00:24:00+02:00,,,true
CANONICAL-1000-0055C4B0,FUN_0055C4B0,coordinator,decomp/canonical-1000,Register existing exact-target leaf after frozen V6 membership and byte-identical I386 revalidation,2026-09-26T00:24:00+02:00,,,true
CANONICAL-1000-0055C7F0,FUN_0055C7F0,coordinator,decomp/canonical-1000,Register existing exact-target leaf after frozen V6 membership and byte-identical I386 revalidation,2026-09-26T00:24:00+02:00,,,true
CANONICAL-1000-0055C800,FUN_0055C800,coordinator,decomp/canonical-1000,Register existing exact-target leaf after frozen V6 membership and byte-identical I386 revalidation,2026-09-26T00:24:00+02:00,,,true
CANONICAL-1000-0055C810,FUN_0055C810,coordinator,decomp/canonical-1000,Register existing exact-target leaf after frozen V6 membership and byte-identical I386 revalidation,2026-09-26T00:24:00+02:00,,,true
CANONICAL-1000-0055C8F0,FUN_0055C8F0,coordinator,decomp/canonical-1000,Register existing exact-target leaf after frozen V6 membership and byte-identical I386 revalidation,2026-09-26T00:24:00+02:00,,,true
CANONICAL-1000-0055C900,FUN_0055C900,coordinator,decomp/canonical-1000,Register existing exact-target leaf after frozen V6 membership and byte-identical I386 revalidation,2026-09-26T00:24:00+02:00,,,true
CANONICAL-1000-0055D030,FUN_0055D030,coordinator,decomp/canonical-1000,Register existing exact-target leaf after frozen V6 membership and byte-identical I386 revalidation,2026-09-26T00:24:00+02:00,,,true
CANONICAL-1000-0055D050,FUN_0055D050,coordinator,decomp/canonical-1000,Register existing exact-target leaf after frozen V6 membership and byte-identical I386 revalidation,2026-09-26T00:24:00+02:00,,,true
CANONICAL-1000-0055D060,FUN_0055D060,coordinator,decomp/canonical-1000,Register existing exact-target leaf after frozen V6 membership and byte-identical I386 revalidation,2026-09-26T00:24:00+02:00,,,true
CANONICAL-1000-0055E910,FUN_0055E910,coordinator,decomp/canonical-1000,Register existing exact-target leaf after frozen V6 membership and byte-identical I386 revalidation,2026-09-26T00:24:00+02:00,,,true
CANONICAL-1000-0055E920,FUN_0055E920,coordinator,decomp/canonical-1000,Register existing exact-target leaf after frozen V6 membership and byte-identical I386 revalidation,2026-09-26T00:24:00+02:00,,,true
CANONICAL-1000-0055E930,FUN_0055E930,coordinator,decomp/canonical-1000,Register existing exact-target leaf after frozen V6 membership and byte-identical I386 revalidation,2026-09-26T00:24:00+02:00,,,true
CANONICAL-1000-0055E940,FUN_0055E940,coordinator,decomp/canonical-1000,Register existing exact-target leaf after frozen V6 membership and byte-identical I386 revalidation,2026-09-26T00:24:00+02:00,,,true
CANONICAL-1000-0055E950,FUN_0055E950,coordinator,decomp/canonical-1000,Register existing exact-target leaf after frozen V6 membership and byte-identical I386 revalidation,2026-09-26T00:24:00+02:00,,,true
CANONICAL-1000-0055E960,FUN_0055E960,coordinator,decomp/canonical-1000,Register existing exact-target leaf after frozen V6 membership and byte-identical I386 revalidation,2026-09-26T00:24:00+02:00,,,true
CANONICAL-1000-0055E970,FUN_0055E970,coordinator,decomp/canonical-1000,Register existing exact-target leaf after frozen V6 membership and byte-identical I386 revalidation,2026-09-26T00:24:00+02:00,,,true
CANONICAL-1000-0055E9C0,FUN_0055E9C0,coordinator,decomp/canonical-1000,Register existing exact-target leaf after frozen V6 membership and byte-identical I386 revalidation,2026-09-26T00:24:00+02:00,,,true
CANONICAL-1000-0055E9D0,FUN_0055E9D0,coordinator,decomp/canonical-1000,Register existing exact-target leaf after frozen V6 membership and byte-identical I386 revalidation,2026-09-26T00:24:00+02:00,,,true
CANONICAL-1000-0055E9E0,FUN_0055E9E0,coordinator,decomp/canonical-1000,Register existing exact-target leaf after frozen V6 membership and byte-identical I386 revalidation,2026-09-26T00:24:00+02:00,,,true
CANONICAL-1000-0055EB20,FUN_0055EB20,coordinator,decomp/canonical-1000,Register existing exact-target leaf after frozen V6 membership and byte-identical I386 revalidation,2026-09-26T00:24:00+02:00,,,true
CANONICAL-1000-0055EB30,FUN_0055EB30,coordinator,decomp/canonical-1000,Register existing exact-target leaf after frozen V6 membership and byte-identical I386 revalidation,2026-09-26T00:24:00+02:00,,,true
CANONICAL-1000-0055FA10,FUN_0055FA10,coordinator,decomp/canonical-1000,Register existing exact-target leaf after frozen V6 membership and byte-identical I386 revalidation,2026-09-26T00:24:00+02:00,,,true
CANONICAL-1000-0055FA20,FUN_0055FA20,coordinator,decomp/canonical-1000,Register existing exact-target leaf after frozen V6 membership and byte-identical I386 revalidation,2026-09-26T00:24:00+02:00,,,true
CANONICAL-1000-0055FA30,FUN_0055FA30,coordinator,decomp/canonical-1000,Register existing exact-target leaf after frozen V6 membership and byte-identical I386 revalidation,2026-09-26T00:24:00+02:00,,,true
CANONICAL-1000-0055FA40,FUN_0055FA40,coordinator,decomp/canonical-1000,Register existing exact-target leaf after frozen V6 membership and byte-identical I386 revalidation,2026-09-26T00:24:00+02:00,,,true
CANONICAL-1000-0055FA50,FUN_0055FA50,coordinator,decomp/canonical-1000,Register existing exact-target leaf after frozen V6 membership and byte-identical I386 revalidation,2026-09-26T00:24:00+02:00,,,true
CANONICAL-1000-0055FA60,FUN_0055FA60,coordinator,decomp/canonical-1000,Register existing exact-target leaf after frozen V6 membership and byte-identical I386 revalidation,2026-09-26T00:24:00+02:00,,,true
CANONICAL-1000-0055FA70,FUN_0055FA70,coordinator,decomp/canonical-1000,Register existing exact-target leaf after frozen V6 membership and byte-identical I386 revalidation,2026-09-26T00:24:00+02:00,,,true
CANONICAL-1000-00560350,FUN_00560350,coordinator,decomp/canonical-1000,Register existing exact-target leaf after frozen V6 membership and byte-identical I386 revalidation,2026-09-26T00:24:00+02:00,,,true
CANONICAL-1000-00560360,FUN_00560360,coordinator,decomp/canonical-1000,Register existing exact-target leaf after frozen V6 membership and byte-identical I386 revalidation,2026-09-26T00:24:00+02:00,,,true
CANONICAL-1000-00560370,FUN_00560370,coordinator,decomp/canonical-1000,Register existing exact-target leaf after frozen V6 membership and byte-identical I386 revalidation,2026-09-26T00:24:00+02:00,,,true
CANONICAL-1000-00560380,FUN_00560380,coordinator,decomp/canonical-1000,Register existing exact-target leaf after frozen V6 membership and byte-identical I386 revalidation,2026-09-26T00:24:00+02:00,,,true
CANONICAL-1000-00560390,FUN_00560390,coordinator,decomp/canonical-1000,Register existing exact-target leaf after frozen V6 membership and byte-identical I386 revalidation,2026-09-26T00:24:00+02:00,,,true
CANONICAL-1000-005603A0,FUN_005603A0,coordinator,decomp/canonical-1000,Register existing exact-target leaf after frozen V6 membership and byte-identical I386 revalidation,2026-09-26T00:24:00+02:00,,,true
CANONICAL-1000-005603B0,FUN_005603B0,coordinator,decomp/canonical-1000,Register existing exact-target leaf after frozen V6 membership and byte-identical I386 revalidation,2026-09-26T00:24:00+02:00,,,true
CANONICAL-1000-00560C00,FUN_00560C00,coordinator,decomp/canonical-1000,Register existing exact-target leaf after frozen V6 membership and byte-identical I386 revalidation,2026-09-26T00:24:00+02:00,,,true
CANONICAL-1000-00560C60,FUN_00560C60,coordinator,decomp/canonical-1000,Register existing exact-target leaf after frozen V6 membership and byte-identical I386 revalidation,2026-09-26T00:24:00+02:00,,,true
CANONICAL-1000-00560CC0,FUN_00560CC0,coordinator,decomp/canonical-1000,Register existing exact-target leaf after frozen V6 membership and byte-identical I386 revalidation,2026-09-26T00:24:00+02:00,,,true
CANONICAL-1000-00560CD0,FUN_00560CD0,coordinator,decomp/canonical-1000,Register existing exact-target leaf after frozen V6 membership and byte-identical I386 revalidation,2026-09-26T00:24:00+02:00,,,true
CANONICAL-1000-00560CE0,FUN_00560CE0,coordinator,decomp/canonical-1000,Register existing exact-target leaf after frozen V6 membership and byte-identical I386 revalidation,2026-09-26T00:24:00+02:00,,,true
CANONICAL-1000-00560E10,FUN_00560E10,coordinator,decomp/canonical-1000,Register existing exact-target leaf after frozen V6 membership and byte-identical I386 revalidation,2026-09-26T00:24:00+02:00,,,true
CANONICAL-1000-00560E20,FUN_00560E20,coordinator,decomp/canonical-1000,Register existing exact-target leaf after frozen V6 membership and byte-identical I386 revalidation,2026-09-26T00:24:00+02:00,,,true
CANONICAL-1000-00560E30,FUN_00560E30,coordinator,decomp/canonical-1000,Register existing exact-target leaf after frozen V6 membership and byte-identical I386 revalidation,2026-09-26T00:24:00+02:00,,,true
CANONICAL-1000-00561130,FUN_00561130,coordinator,decomp/canonical-1000,Register existing exact-target leaf after frozen V6 membership and byte-identical I386 revalidation,2026-09-26T00:24:00+02:00,,,true
CANONICAL-1000-00561C30,FUN_00561C30,coordinator,decomp/canonical-1000,Register existing exact-target leaf after frozen V6 membership and byte-identical I386 revalidation,2026-09-26T00:24:00+02:00,,,true
CANONICAL-1000-00561C40,FUN_00561C40,coordinator,decomp/canonical-1000,Register existing exact-target leaf after frozen V6 membership and byte-identical I386 revalidation,2026-09-26T00:24:00+02:00,,,true
CANONICAL-1000-00561C50,FUN_00561C50,coordinator,decomp/canonical-1000,Register existing exact-target leaf after frozen V6 membership and byte-identical I386 revalidation,2026-09-26T00:24:00+02:00,,,true
CANONICAL-1000-00561CC0,FUN_00561CC0,coordinator,decomp/canonical-1000,Register existing exact-target leaf after frozen V6 membership and byte-identical I386 revalidation,2026-09-26T00:24:00+02:00,,,true
CANONICAL-1000-00561CD0,FUN_00561CD0,coordinator,decomp/canonical-1000,Register existing exact-target leaf after frozen V6 membership and byte-identical I386 revalidation,2026-09-26T00:24:00+02:00,,,true
CANONICAL-1000-00562DB0,FUN_00562DB0,coordinator,decomp/canonical-1000,Register existing exact-target leaf after frozen V6 membership and byte-identical I386 revalidation,2026-09-26T00:24:00+02:00,,,true
CANONICAL-1000-00562DC0,FUN_00562DC0,coordinator,decomp/canonical-1000,Register existing exact-target leaf after frozen V6 membership and byte-identical I386 revalidation,2026-09-26T00:24:00+02:00,,,true
CANONICAL-1000-00562DD0,FUN_00562DD0,coordinator,decomp/canonical-1000,Register existing exact-target leaf after frozen V6 membership and byte-identical I386 revalidation,2026-09-26T00:24:00+02:00,,,true
CANONICAL-1000-00562DE0,FUN_00562DE0,coordinator,decomp/canonical-1000,Register existing exact-target leaf after frozen V6 membership and byte-identical I386 revalidation,2026-09-26T00:24:00+02:00,,,true
CANONICAL-1000-00562E90,FUN_00562E90,coordinator,decomp/canonical-1000,Register existing exact-target leaf after frozen V6 membership and byte-identical I386 revalidation,2026-09-26T00:24:00+02:00,,,true
CANONICAL-1000-00562EA0,FUN_00562EA0,coordinator,decomp/canonical-1000,Register existing exact-target leaf after frozen V6 membership and byte-identical I386 revalidation,2026-09-26T00:24:00+02:00,,,true
CANONICAL-1000-00562F80,FUN_00562F80,coordinator,decomp/canonical-1000,Register existing exact-target leaf after frozen V6 membership and byte-identical I386 revalidation,2026-09-26T00:24:00+02:00,,,true
CANONICAL-1000-005637D0,FUN_005637D0,coordinator,decomp/canonical-1000,Register existing exact-target leaf after frozen V6 membership and byte-identical I386 revalidation,2026-09-26T00:24:00+02:00,,,true
CANONICAL-1000-005637E0,FUN_005637E0,coordinator,decomp/canonical-1000,Register existing exact-target leaf after frozen V6 membership and byte-identical I386 revalidation,2026-09-26T00:24:00+02:00,,,true
CANONICAL-1000-005637F0,FUN_005637F0,coordinator,decomp/canonical-1000,Register existing exact-target leaf after frozen V6 membership and byte-identical I386 revalidation,2026-09-26T00:24:00+02:00,,,true
CANONICAL-1000-00563800,FUN_00563800,coordinator,decomp/canonical-1000,Register existing exact-target leaf after frozen V6 membership and byte-identical I386 revalidation,2026-09-26T00:24:00+02:00,,,true
CANONICAL-1000-00563810,FUN_00563810,coordinator,decomp/canonical-1000,Register existing exact-target leaf after frozen V6 membership and byte-identical I386 revalidation,2026-09-26T00:24:00+02:00,,,true
CANONICAL-1000-00563E80,FUN_00563E80,coordinator,decomp/canonical-1000,Register existing exact-target leaf after frozen V6 membership and byte-identical I386 revalidation,2026-09-26T00:24:00+02:00,,,true
CANONICAL-1000-00564E40,FUN_00564E40,coordinator,decomp/canonical-1000,Register existing exact-target leaf after frozen V6 membership and byte-identical I386 revalidation,2026-09-26T00:24:00+02:00,,,true
CANONICAL-1000-00564E50,FUN_00564E50,coordinator,decomp/canonical-1000,Register existing exact-target leaf after frozen V6 membership and byte-identical I386 revalidation,2026-09-26T00:24:00+02:00,,,true
CANONICAL-1000-00564E60,FUN_00564E60,coordinator,decomp/canonical-1000,Register existing exact-target leaf after frozen V6 membership and byte-identical I386 revalidation,2026-09-26T00:24:00+02:00,,,true
CANONICAL-1000-00564E70,FUN_00564E70,coordinator,decomp/canonical-1000,Register existing exact-target leaf after frozen V6 membership and byte-identical I386 revalidation,2026-09-26T00:24:00+02:00,,,true
CANONICAL-1000-00564E80,FUN_00564E80,coordinator,decomp/canonical-1000,Register existing exact-target leaf after frozen V6 membership and byte-identical I386 revalidation,2026-09-26T00:24:00+02:00,,,true
CANONICAL-1000-00565BE0,FUN_00565BE0,coordinator,decomp/canonical-1000,Register existing exact-target leaf after frozen V6 membership and byte-identical I386 revalidation,2026-09-26T00:24:00+02:00,,,true
CANONICAL-1000-00565BF0,FUN_00565BF0,coordinator,decomp/canonical-1000,Register existing exact-target leaf after frozen V6 membership and byte-identical I386 revalidation,2026-09-26T00:24:00+02:00,,,true
CANONICAL-1000-00565C00,FUN_00565C00,coordinator,decomp/canonical-1000,Register existing exact-target leaf after frozen V6 membership and byte-identical I386 revalidation,2026-09-26T00:24:00+02:00,,,true
CANONICAL-1000-00565C70,FUN_00565C70,coordinator,decomp/canonical-1000,Register existing exact-target leaf after frozen V6 membership and byte-identical I386 revalidation,2026-09-26T00:24:00+02:00,,,true
CANONICAL-1000-00565C80,FUN_00565C80,coordinator,decomp/canonical-1000,Register existing exact-target leaf after frozen V6 membership and byte-identical I386 revalidation,2026-09-26T00:24:00+02:00,,,true
CANONICAL-1000-00566C20,FUN_00566C20,coordinator,decomp/canonical-1000,Register existing exact-target leaf after frozen V6 membership and byte-identical I386 revalidation,2026-09-26T00:24:00+02:00,,,true
CANONICAL-1000-00566C30,FUN_00566C30,coordinator,decomp/canonical-1000,Register existing exact-target leaf after frozen V6 membership and byte-identical I386 revalidation,2026-09-26T00:24:00+02:00,,,true
CANONICAL-1000-00566C40,FUN_00566C40,coordinator,decomp/canonical-1000,Register existing exact-target leaf after frozen V6 membership and byte-identical I386 revalidation,2026-09-26T00:24:00+02:00,,,true
CANONICAL-1000-00566C50,FUN_00566C50,coordinator,decomp/canonical-1000,Register existing exact-target leaf after frozen V6 membership and byte-identical I386 revalidation,2026-09-26T00:24:00+02:00,,,true
CANONICAL-1000-00566C60,FUN_00566C60,coordinator,decomp/canonical-1000,Register existing exact-target leaf after frozen V6 membership and byte-identical I386 revalidation,2026-09-26T00:24:00+02:00,,,true
CANONICAL-1000-00567060,FUN_00567060,coordinator,decomp/canonical-1000,Register existing exact-target leaf after frozen V6 membership and byte-identical I386 revalidation,2026-09-26T00:24:00+02:00,,,true
CANONICAL-1000-00567070,FUN_00567070,coordinator,decomp/canonical-1000,Register existing exact-target leaf after frozen V6 membership and byte-identical I386 revalidation,2026-09-26T00:24:00+02:00,,,true
CANONICAL-1000-00567080,FUN_00567080,coordinator,decomp/canonical-1000,Register existing exact-target leaf after frozen V6 membership and byte-identical I386 revalidation,2026-09-26T00:24:00+02:00,,,true
CANONICAL-1000-00567090,FUN_00567090,coordinator,decomp/canonical-1000,Register existing exact-target leaf after frozen V6 membership and byte-identical I386 revalidation,2026-09-26T00:24:00+02:00,,,true
CANONICAL-1000-005670D0,FUN_005670D0,coordinator,decomp/canonical-1000,Register existing exact-target leaf after frozen V6 membership and byte-identical I386 revalidation,2026-09-26T00:24:00+02:00,,,true
CANONICAL-1000-005670E0,FUN_005670E0,coordinator,decomp/canonical-1000,Register existing exact-target leaf after frozen V6 membership and byte-identical I386 revalidation,2026-09-26T00:24:00+02:00,,,true
CANONICAL-1000-005670F0,FUN_005670F0,coordinator,decomp/canonical-1000,Register existing exact-target leaf after frozen V6 membership and byte-identical I386 revalidation,2026-09-26T00:24:00+02:00,,,true
CANONICAL-1000-00569FB0,FUN_00569FB0,coordinator,decomp/canonical-1000,Register existing exact-target leaf after frozen V6 membership and byte-identical I386 revalidation,2026-09-26T00:24:00+02:00,,,true
CANONICAL-1000-00569FC0,FUN_00569FC0,coordinator,decomp/canonical-1000,Register existing exact-target leaf after frozen V6 membership and byte-identical I386 revalidation,2026-09-26T00:24:00+02:00,,,true
CANONICAL-1000-00569FD0,FUN_00569FD0,coordinator,decomp/canonical-1000,Register existing exact-target leaf after frozen V6 membership and byte-identical I386 revalidation,2026-09-26T00:24:00+02:00,,,true
CANONICAL-1000-00569FE0,FUN_00569FE0,coordinator,decomp/canonical-1000,Register existing exact-target leaf after frozen V6 membership and byte-identical I386 revalidation,2026-09-26T00:24:00+02:00,,,true
CANONICAL-1000-00569FF0,FUN_00569FF0,coordinator,decomp/canonical-1000,Register existing exact-target leaf after frozen V6 membership and byte-identical I386 revalidation,2026-09-26T00:24:00+02:00,,,true
CANONICAL-1000-0056A000,FUN_0056A000,coordinator,decomp/canonical-1000,Register existing exact-target leaf after frozen V6 membership and byte-identical I386 revalidation,2026-09-26T00:24:00+02:00,,,true
CANONICAL-1000-0056A910,FUN_0056A910,coordinator,decomp/canonical-1000,Register existing exact-target leaf after frozen V6 membership and byte-identical I386 revalidation,2026-09-26T00:24:00+02:00,,,true
CANONICAL-1000-0056A920,FUN_0056A920,coordinator,decomp/canonical-1000,Register existing exact-target leaf after frozen V6 membership and byte-identical I386 revalidation,2026-09-26T00:24:00+02:00,,,true
CANONICAL-1000-0056A930,FUN_0056A930,coordinator,decomp/canonical-1000,Register existing exact-target leaf after frozen V6 membership and byte-identical I386 revalidation,2026-09-26T00:24:00+02:00,,,true
CANONICAL-1000-0056A940,FUN_0056A940,coordinator,decomp/canonical-1000,Register existing exact-target leaf after frozen V6 membership and byte-identical I386 revalidation,2026-09-26T00:24:00+02:00,,,true
CANONICAL-1000-0056A950,FUN_0056A950,coordinator,decomp/canonical-1000,Register existing exact-target leaf after frozen V6 membership and byte-identical I386 revalidation,2026-09-26T00:24:00+02:00,,,true
CANONICAL-1000-0056A960,FUN_0056A960,coordinator,decomp/canonical-1000,Register existing exact-target leaf after frozen V6 membership and byte-identical I386 revalidation,2026-09-26T00:24:00+02:00,,,true
CANONICAL-1000-0056A970,FUN_0056A970,coordinator,decomp/canonical-1000,Register existing exact-target leaf after frozen V6 membership and byte-identical I386 revalidation,2026-09-26T00:24:00+02:00,,,true
CANONICAL-1000-0056AF80,FUN_0056AF80,coordinator,decomp/canonical-1000,Register existing exact-target leaf after frozen V6 membership and byte-identical I386 revalidation,2026-09-26T00:24:00+02:00,,,true
CANONICAL-1000-00572E90,FUN_00572E90,coordinator,decomp/canonical-1000,Register existing exact-target leaf after frozen V6 membership and byte-identical I386 revalidation,2026-09-26T00:24:00+02:00,,,true
CANONICAL-1000-00573250,FUN_00573250,coordinator,decomp/canonical-1000,Register existing exact-target leaf after frozen V6 membership and byte-identical I386 revalidation,2026-09-26T00:24:00+02:00,,,true
CANONICAL-1000-00573360,FUN_00573360,coordinator,decomp/canonical-1000,Register existing exact-target leaf after frozen V6 membership and byte-identical I386 revalidation,2026-09-26T00:24:00+02:00,,,true
CANONICAL-1000-00576CA0,FUN_00576CA0,coordinator,decomp/canonical-1000,Register existing exact-target leaf after frozen V6 membership and byte-identical I386 revalidation,2026-09-26T00:24:00+02:00,,,true
CANONICAL-1000-00576E80,FUN_00576E80,coordinator,decomp/canonical-1000,Register existing exact-target leaf after frozen V6 membership and byte-identical I386 revalidation,2026-09-26T00:24:00+02:00,,,true
CANONICAL-1000-00576EF0,FUN_00576EF0,coordinator,decomp/canonical-1000,Register existing exact-target leaf after frozen V6 membership and byte-identical I386 revalidation,2026-09-26T00:24:00+02:00,,,true
CANONICAL-1000-00576FD0,FUN_00576FD0,coordinator,decomp/canonical-1000,Register existing exact-target leaf after frozen V6 membership and byte-identical I386 revalidation,2026-09-26T00:24:00+02:00,,,true
CANONICAL-1000-00577020,FUN_00577020,coordinator,decomp/canonical-1000,Register existing exact-target leaf after frozen V6 membership and byte-identical I386 revalidation,2026-09-26T00:24:00+02:00,,,true
CANONICAL-1000-00577030,FUN_00577030,coordinator,decomp/canonical-1000,Register existing exact-target leaf after frozen V6 membership and byte-identical I386 revalidation,2026-09-26T00:24:00+02:00,,,true
CANONICAL-1000-00577040,FUN_00577040,coordinator,decomp/canonical-1000,Register existing exact-target leaf after frozen V6 membership and byte-identical I386 revalidation,2026-09-26T00:24:00+02:00,,,true
CANONICAL-1000-0057B050,FUN_0057B050,coordinator,decomp/canonical-1000,Register existing exact-target leaf after frozen V6 membership and byte-identical I386 revalidation,2026-09-26T00:24:00+02:00,,,true
CANONICAL-1000-0057B060,FUN_0057B060,coordinator,decomp/canonical-1000,Register existing exact-target leaf after frozen V6 membership and byte-identical I386 revalidation,2026-09-26T00:24:00+02:00,,,true
CANONICAL-1000-0057B080,FUN_0057B080,coordinator,decomp/canonical-1000,Register existing exact-target leaf after frozen V6 membership and byte-identical I386 revalidation,2026-09-26T00:24:00+02:00,,,true
CANONICAL-1000-0057B200,FUN_0057B200,coordinator,decomp/canonical-1000,Register existing exact-target leaf after frozen V6 membership and byte-identical I386 revalidation,2026-09-26T00:24:00+02:00,,,true
CANONICAL-1000-0057B2E0,FUN_0057B2E0,coordinator,decomp/canonical-1000,Register existing exact-target leaf after frozen V6 membership and byte-identical I386 revalidation,2026-09-26T00:24:00+02:00,,,true
CANONICAL-1000-0057B370,FUN_0057B370,coordinator,decomp/canonical-1000,Register existing exact-target leaf after frozen V6 membership and byte-identical I386 revalidation,2026-09-26T00:24:00+02:00,,,true
CANONICAL-1000-0057B380,FUN_0057B380,coordinator,decomp/canonical-1000,Register existing exact-target leaf after frozen V6 membership and byte-identical I386 revalidation,2026-09-26T00:24:00+02:00,,,true
CANONICAL-1000-0057B390,FUN_0057B390,coordinator,decomp/canonical-1000,Register existing exact-target leaf after frozen V6 membership and byte-identical I386 revalidation,2026-09-26T00:24:00+02:00,,,true
CANONICAL-1000-0057B3A0,FUN_0057B3A0,coordinator,decomp/canonical-1000,Register existing exact-target leaf after frozen V6 membership and byte-identical I386 revalidation,2026-09-26T00:24:00+02:00,,,true
CANONICAL-1000-0057B4E0,FUN_0057B4E0,coordinator,decomp/canonical-1000,Register existing exact-target leaf after frozen V6 membership and byte-identical I386 revalidation,2026-09-26T00:24:00+02:00,,,true
CANONICAL-1000-0058A9F0,FUN_0058A9F0,coordinator,decomp/canonical-1000,Register existing exact-target leaf after frozen V6 membership and byte-identical I386 revalidation,2026-09-26T00:24:00+02:00,,,true
CANONICAL-1000-0058AA40,FUN_0058AA40,coordinator,decomp/canonical-1000,Register existing exact-target leaf after frozen V6 membership and byte-identical I386 revalidation,2026-09-26T00:24:00+02:00,,,true
CANONICAL-1000-0058AA50,FUN_0058AA50,coordinator,decomp/canonical-1000,Register existing exact-target leaf after frozen V6 membership and byte-identical I386 revalidation,2026-09-26T00:24:00+02:00,,,true
CANONICAL-1000-0058AAC0,FUN_0058AAC0,coordinator,decomp/canonical-1000,Register existing exact-target leaf after frozen V6 membership and byte-identical I386 revalidation,2026-09-26T00:24:00+02:00,,,true
CANONICAL-1000-0058AB30,FUN_0058AB30,coordinator,decomp/canonical-1000,Register existing exact-target leaf after frozen V6 membership and byte-identical I386 revalidation,2026-09-26T00:24:00+02:00,,,true
CANONICAL-1000-0058AB40,FUN_0058AB40,coordinator,decomp/canonical-1000,Register existing exact-target leaf after frozen V6 membership and byte-identical I386 revalidation,2026-09-26T00:24:00+02:00,,,true
CANONICAL-1000-0058ABF0,FUN_0058ABF0,coordinator,decomp/canonical-1000,Register existing exact-target leaf after frozen V6 membership and byte-identical I386 revalidation,2026-09-26T00:24:00+02:00,,,true
CANONICAL-1000-0058AC00,FUN_0058AC00,coordinator,decomp/canonical-1000,Register existing exact-target leaf after frozen V6 membership and byte-identical I386 revalidation,2026-09-26T00:24:00+02:00,,,true
CANONICAL-1000-0058AD10,FUN_0058AD10,coordinator,decomp/canonical-1000,Register existing exact-target leaf after frozen V6 membership and byte-identical I386 revalidation,2026-09-26T00:24:00+02:00,,,true
CANONICAL-1000-0058AD20,FUN_0058AD20,coordinator,decomp/canonical-1000,Register existing exact-target leaf after frozen V6 membership and byte-identical I386 revalidation,2026-09-26T00:24:00+02:00,,,true
CANONICAL-1000-0058AD60,FUN_0058AD60,coordinator,decomp/canonical-1000,Register existing exact-target leaf after frozen V6 membership and byte-identical I386 revalidation,2026-09-26T00:24:00+02:00,,,true
CANONICAL-1000-0058AD70,FUN_0058AD70,coordinator,decomp/canonical-1000,Register existing exact-target leaf after frozen V6 membership and byte-identical I386 revalidation,2026-09-26T00:24:00+02:00,,,true
CANONICAL-1000-0058ADE0,FUN_0058ADE0,coordinator,decomp/canonical-1000,Register existing exact-target leaf after frozen V6 membership and byte-identical I386 revalidation,2026-09-26T00:24:00+02:00,,,true
CANONICAL-1000-0058ADF0,FUN_0058ADF0,coordinator,decomp/canonical-1000,Register existing exact-target leaf after frozen V6 membership and byte-identical I386 revalidation,2026-09-26T00:24:00+02:00,,,true
CANONICAL-1000-0058AE70,FUN_0058AE70,coordinator,decomp/canonical-1000,Register existing exact-target leaf after frozen V6 membership and byte-identical I386 revalidation,2026-09-26T00:24:00+02:00,,,true
CANONICAL-1000-0058AE80,FUN_0058AE80,coordinator,decomp/canonical-1000,Register existing exact-target leaf after frozen V6 membership and byte-identical I386 revalidation,2026-09-26T00:24:00+02:00,,,true
CANONICAL-1000-0058AF20,FUN_0058AF20,coordinator,decomp/canonical-1000,Register existing exact-target leaf after frozen V6 membership and byte-identical I386 revalidation,2026-09-26T00:24:00+02:00,,,true
CANONICAL-1000-0058AF30,FUN_0058AF30,coordinator,decomp/canonical-1000,Register existing exact-target leaf after frozen V6 membership and byte-identical I386 revalidation,2026-09-26T00:24:00+02:00,,,true
CANONICAL-1000-0058AFA0,FUN_0058AFA0,coordinator,decomp/canonical-1000,Register existing exact-target leaf after frozen V6 membership and byte-identical I386 revalidation,2026-09-26T00:24:00+02:00,,,true
CANONICAL-1000-0058AFB0,FUN_0058AFB0,coordinator,decomp/canonical-1000,Register existing exact-target leaf after frozen V6 membership and byte-identical I386 revalidation,2026-09-26T00:24:00+02:00,,,true
CANONICAL-1000-0058AFC0,FUN_0058AFC0,coordinator,decomp/canonical-1000,Register existing exact-target leaf after frozen V6 membership and byte-identical I386 revalidation,2026-09-26T00:24:00+02:00,,,true
CANONICAL-1000-0058AFD0,FUN_0058AFD0,coordinator,decomp/canonical-1000,Register existing exact-target leaf after frozen V6 membership and byte-identical I386 revalidation,2026-09-26T00:24:00+02:00,,,true
CANONICAL-1000-0058B1E0,FUN_0058B1E0,coordinator,decomp/canonical-1000,Register existing exact-target leaf after frozen V6 membership and byte-identical I386 revalidation,2026-09-26T00:24:00+02:00,,,true
CANONICAL-1000-0058B1F0,FUN_0058B1F0,coordinator,decomp/canonical-1000,Register existing exact-target leaf after frozen V6 membership and byte-identical I386 revalidation,2026-09-26T00:24:00+02:00,,,true
CANONICAL-1000-0058B3D0,FUN_0058B3D0,coordinator,decomp/canonical-1000,Register existing exact-target leaf after frozen V6 membership and byte-identical I386 revalidation,2026-09-26T00:24:00+02:00,,,true
CANONICAL-1000-0058B440,FUN_0058B440,coordinator,decomp/canonical-1000,Register existing exact-target leaf after frozen V6 membership and byte-identical I386 revalidation,2026-09-26T00:24:00+02:00,,,true
CANONICAL-1000-0058B530,FUN_0058B530,coordinator,decomp/canonical-1000,Register existing exact-target leaf after frozen V6 membership and byte-identical I386 revalidation,2026-09-26T00:24:00+02:00,,,true
CANONICAL-1000-0058B5A0,FUN_0058B5A0,coordinator,decomp/canonical-1000,Register existing exact-target leaf after frozen V6 membership and byte-identical I386 revalidation,2026-09-26T00:24:00+02:00,,,true
CANONICAL-1000-0058B5B0,FUN_0058B5B0,coordinator,decomp/canonical-1000,Register existing exact-target leaf after frozen V6 membership and byte-identical I386 revalidation,2026-09-26T00:24:00+02:00,,,true
CANONICAL-1000-0058B600,FUN_0058B600,coordinator,decomp/canonical-1000,Register existing exact-target leaf after frozen V6 membership and byte-identical I386 revalidation,2026-09-26T00:24:00+02:00,,,true
CANONICAL-1000-0058B610,FUN_0058B610,coordinator,decomp/canonical-1000,Register existing exact-target leaf after frozen V6 membership and byte-identical I386 revalidation,2026-09-26T00:24:00+02:00,,,true
CANONICAL-1000-0058B6E0,FUN_0058B6E0,coordinator,decomp/canonical-1000,Register existing exact-target leaf after frozen V6 membership and byte-identical I386 revalidation,2026-09-26T00:24:00+02:00,,,true
CANONICAL-1000-0058B820,FUN_0058B820,coordinator,decomp/canonical-1000,Register existing exact-target leaf after frozen V6 membership and byte-identical I386 revalidation,2026-09-26T00:24:00+02:00,,,true
CANONICAL-1000-0058B910,FUN_0058B910,coordinator,decomp/canonical-1000,Register existing exact-target leaf after frozen V6 membership and byte-identical I386 revalidation,2026-09-26T00:24:00+02:00,,,true
CANONICAL-1000-0058BBA0,FUN_0058BBA0,coordinator,decomp/canonical-1000,Register existing exact-target leaf after frozen V6 membership and byte-identical I386 revalidation,2026-09-26T00:24:00+02:00,,,true
CANONICAL-1000-0058BBB0,FUN_0058BBB0,coordinator,decomp/canonical-1000,Register existing exact-target leaf after frozen V6 membership and byte-identical I386 revalidation,2026-09-26T00:24:00+02:00,,,true
CANONICAL-1000-0058EBA0,FUN_0058EBA0,coordinator,decomp/canonical-1000,Register existing exact-target leaf after frozen V6 membership and byte-identical I386 revalidation,2026-09-26T00:24:00+02:00,,,true
CANONICAL-1000-0058EC60,FUN_0058EC60,coordinator,decomp/canonical-1000,Register existing exact-target leaf after frozen V6 membership and byte-identical I386 revalidation,2026-09-26T00:24:00+02:00,,,true
CANONICAL-1000-0058ECA0,FUN_0058ECA0,coordinator,decomp/canonical-1000,Register existing exact-target leaf after frozen V6 membership and byte-identical I386 revalidation,2026-09-26T00:24:00+02:00,,,true
CANONICAL-1000-0058ED90,FUN_0058ED90,coordinator,decomp/canonical-1000,Register existing exact-target leaf after frozen V6 membership and byte-identical I386 revalidation,2026-09-26T00:24:00+02:00,,,true
CANONICAL-1000-0058EE70,FUN_0058EE70,coordinator,decomp/canonical-1000,Register existing exact-target leaf after frozen V6 membership and byte-identical I386 revalidation,2026-09-26T00:24:00+02:00,,,true
CANONICAL-1000-0058EEB0,FUN_0058EEB0,coordinator,decomp/canonical-1000,Register existing exact-target leaf after frozen V6 membership and byte-identical I386 revalidation,2026-09-26T00:24:00+02:00,,,true
CANONICAL-1000-0058EFD0,FUN_0058EFD0,coordinator,decomp/canonical-1000,Register existing exact-target leaf after frozen V6 membership and byte-identical I386 revalidation,2026-09-26T00:24:00+02:00,,,true
CANONICAL-1000-0058F470,FUN_0058F470,coordinator,decomp/canonical-1000,Register existing exact-target leaf after frozen V6 membership and byte-identical I386 revalidation,2026-09-26T00:24:00+02:00,,,true
CANONICAL-1000-0058F5D0,FUN_0058F5D0,coordinator,decomp/canonical-1000,Register existing exact-target leaf after frozen V6 membership and byte-identical I386 revalidation,2026-09-26T00:24:00+02:00,,,true
CANONICAL-1000-0058F5E0,FUN_0058F5E0,coordinator,decomp/canonical-1000,Register existing exact-target leaf after frozen V6 membership and byte-identical I386 revalidation,2026-09-26T00:24:00+02:00,,,true
CANONICAL-1000-0058F5F0,FUN_0058F5F0,coordinator,decomp/canonical-1000,Register existing exact-target leaf after frozen V6 membership and byte-identical I386 revalidation,2026-09-26T00:24:00+02:00,,,true
CANONICAL-1000-0058F600,FUN_0058F600,coordinator,decomp/canonical-1000,Register existing exact-target leaf after frozen V6 membership and byte-identical I386 revalidation,2026-09-26T00:24:00+02:00,,,true
CANONICAL-1000-0058F610,FUN_0058F610,coordinator,decomp/canonical-1000,Register existing exact-target leaf after frozen V6 membership and byte-identical I386 revalidation,2026-09-26T00:24:00+02:00,,,true
CANONICAL-1000-00593EB0,FUN_00593EB0,coordinator,decomp/canonical-1000,Register existing exact-target leaf after frozen V6 membership and byte-identical I386 revalidation,2026-09-26T00:24:00+02:00,,,true
CANONICAL-1000-005AFDC0,FUN_005AFDC0,coordinator,decomp/canonical-1000,Register existing exact-target leaf after frozen V6 membership and byte-identical I386 revalidation,2026-09-26T00:24:00+02:00,,,true
CANONICAL-1000-005AFDD0,FUN_005AFDD0,coordinator,decomp/canonical-1000,Register existing exact-target leaf after frozen V6 membership and byte-identical I386 revalidation,2026-09-26T00:24:00+02:00,,,true
CANONICAL-1000-005AFDE0,FUN_005AFDE0,coordinator,decomp/canonical-1000,Register existing exact-target leaf after frozen V6 membership and byte-identical I386 revalidation,2026-09-26T00:24:00+02:00,,,true
CANONICAL-1000-005AFDF0,FUN_005AFDF0,coordinator,decomp/canonical-1000,Register existing exact-target leaf after frozen V6 membership and byte-identical I386 revalidation,2026-09-26T00:24:00+02:00,,,true
CANONICAL-1000-005AFE30,FUN_005AFE30,coordinator,decomp/canonical-1000,Register existing exact-target leaf after frozen V6 membership and byte-identical I386 revalidation,2026-09-26T00:24:00+02:00,,,true
CANONICAL-1000-005AFE40,FUN_005AFE40,coordinator,decomp/canonical-1000,Register existing exact-target leaf after frozen V6 membership and byte-identical I386 revalidation,2026-09-26T00:24:00+02:00,,,true
CANONICAL-1000-005AFE50,FUN_005AFE50,coordinator,decomp/canonical-1000,Register existing exact-target leaf after frozen V6 membership and byte-identical I386 revalidation,2026-09-26T00:24:00+02:00,,,true
CANONICAL-1000-005B0280,FUN_005B0280,coordinator,decomp/canonical-1000,Register existing exact-target leaf after frozen V6 membership and byte-identical I386 revalidation,2026-09-26T00:24:00+02:00,,,true
CANONICAL-1000-005B0530,FUN_005B0530,coordinator,decomp/canonical-1000,Register existing exact-target leaf after frozen V6 membership and byte-identical I386 revalidation,2026-09-26T00:24:00+02:00,,,true
CANONICAL-1000-005B0660,FUN_005B0660,coordinator,decomp/canonical-1000,Register existing exact-target leaf after frozen V6 membership and byte-identical I386 revalidation,2026-09-26T00:24:00+02:00,,,true
CANONICAL-1000-005B06E0,FUN_005B06E0,coordinator,decomp/canonical-1000,Register existing exact-target leaf after frozen V6 membership and byte-identical I386 revalidation,2026-09-26T00:24:00+02:00,,,true
CANONICAL-1000-005B07B0,FUN_005B07B0,coordinator,decomp/canonical-1000,Register existing exact-target leaf after frozen V6 membership and byte-identical I386 revalidation,2026-09-26T00:24:00+02:00,,,true
CANONICAL-1000-005B0960,FUN_005B0960,coordinator,decomp/canonical-1000,Register existing exact-target leaf after frozen V6 membership and byte-identical I386 revalidation,2026-09-26T00:24:00+02:00,,,true
CANONICAL-1000-005B0B70,FUN_005B0B70,coordinator,decomp/canonical-1000,Register existing exact-target leaf after frozen V6 membership and byte-identical I386 revalidation,2026-09-26T00:24:00+02:00,,,true
CANONICAL-1000-005B0B80,FUN_005B0B80,coordinator,decomp/canonical-1000,Register existing exact-target leaf after frozen V6 membership and byte-identical I386 revalidation,2026-09-26T00:24:00+02:00,,,true
CANONICAL-1000-005B1040,FUN_005B1040,coordinator,decomp/canonical-1000,Register existing exact-target leaf after frozen V6 membership and byte-identical I386 revalidation,2026-09-26T00:24:00+02:00,,,true
CANONICAL-1000-005B11B0,FUN_005B11B0,coordinator,decomp/canonical-1000,Register existing exact-target leaf after frozen V6 membership and byte-identical I386 revalidation,2026-09-26T00:24:00+02:00,,,true
CANONICAL-1000-005B3E40,FUN_005B3E40,coordinator,decomp/canonical-1000,Register existing exact-target leaf after frozen V6 membership and byte-identical I386 revalidation,2026-09-26T00:24:00+02:00,,,true
CANONICAL-1000-005B3ED0,FUN_005B3ED0,coordinator,decomp/canonical-1000,Register existing exact-target leaf after frozen V6 membership and byte-identical I386 revalidation,2026-09-26T00:24:00+02:00,,,true
CANONICAL-1000-005B3F70,FUN_005B3F70,coordinator,decomp/canonical-1000,Register existing exact-target leaf after frozen V6 membership and byte-identical I386 revalidation,2026-09-26T00:24:00+02:00,,,true
CANONICAL-1000-005B6670,FUN_005B6670,coordinator,decomp/canonical-1000,Register existing exact-target leaf after frozen V6 membership and byte-identical I386 revalidation,2026-09-26T00:24:00+02:00,,,true
CANONICAL-1000-005B6760,FUN_005B6760,coordinator,decomp/canonical-1000,Register existing exact-target leaf after frozen V6 membership and byte-identical I386 revalidation,2026-09-26T00:24:00+02:00,,,true
CANONICAL-1000-005B6A00,FUN_005B6A00,coordinator,decomp/canonical-1000,Register existing exact-target leaf after frozen V6 membership and byte-identical I386 revalidation,2026-09-26T00:24:00+02:00,,,true
CANONICAL-1000-005B6A90,FUN_005B6A90,coordinator,decomp/canonical-1000,Register existing exact-target leaf after frozen V6 membership and byte-identical I386 revalidation,2026-09-26T00:24:00+02:00,,,true
CANONICAL-1000-005B6FA0,FUN_005B6FA0,coordinator,decomp/canonical-1000,Register existing exact-target leaf after frozen V6 membership and byte-identical I386 revalidation,2026-09-26T00:24:00+02:00,,,true
CANONICAL-1000-005B74D0,FUN_005B74D0,coordinator,decomp/canonical-1000,Register existing exact-target leaf after frozen V6 membership and byte-identical I386 revalidation,2026-09-26T00:24:00+02:00,,,true
CANONICAL-1000-005BD820,FUN_005BD820,coordinator,decomp/canonical-1000,Register existing exact-target leaf after frozen V6 membership and byte-identical I386 revalidation,2026-09-26T00:24:00+02:00,,,true
CANONICAL-1000-005BD830,FUN_005BD830,coordinator,decomp/canonical-1000,Register existing exact-target leaf after frozen V6 membership and byte-identical I386 revalidation,2026-09-26T00:24:00+02:00,,,true
CANONICAL-1000-005BD840,FUN_005BD840,coordinator,decomp/canonical-1000,Register existing exact-target leaf after frozen V6 membership and byte-identical I386 revalidation,2026-09-26T00:24:00+02:00,,,true
CANONICAL-1000-005BD980,FUN_005BD980,coordinator,decomp/canonical-1000,Register existing exact-target leaf after frozen V6 membership and byte-identical I386 revalidation,2026-09-26T00:24:00+02:00,,,true
CANONICAL-1000-005BDA40,FUN_005BDA40,coordinator,decomp/canonical-1000,Register existing exact-target leaf after frozen V6 membership and byte-identical I386 revalidation,2026-09-26T00:24:00+02:00,,,true
CANONICAL-1000-005BDB00,FUN_005BDB00,coordinator,decomp/canonical-1000,Register existing exact-target leaf after frozen V6 membership and byte-identical I386 revalidation,2026-09-26T00:24:00+02:00,,,true
CANONICAL-1000-005BDC10,FUN_005BDC10,coordinator,decomp/canonical-1000,Register existing exact-target leaf after frozen V6 membership and byte-identical I386 revalidation,2026-09-26T00:24:00+02:00,,,true
CANONICAL-1000-005BDDD0,FUN_005BDDD0,coordinator,decomp/canonical-1000,Register existing exact-target leaf after frozen V6 membership and byte-identical I386 revalidation,2026-09-26T00:24:00+02:00,,,true
CANONICAL-1000-005BDF50,FUN_005BDF50,coordinator,decomp/canonical-1000,Register existing exact-target leaf after frozen V6 membership and byte-identical I386 revalidation,2026-09-26T00:24:00+02:00,,,true
