stable_id,va,rva,section,size,provisional_name,refined_name,workflow_status,confidence,fast_pass,fast_pass_validated,converted,refined,verified,matched,linked,calling_convention,return_type,arguments,this_type,module,subsystem,source_file,owner,claim_id,pr,commit,test,evidence,notes
FUN_00BB9070,0x00BB9070,0x007B9070,.text,3,FUN_00BB9070,,ACTIVE,HIGH,true,true,true,false,false,false,false,thiscall,uint32_t,,UnknownBB90Object*,UNKNOWN,UNKNOWN,src/recovered/pilot_bb9070.cpp,coordinator,PILOT-BB9070,,d8468595c6ebb4735009a75ceef727dde6920960,tests/unit/test_pilot_bb9070.cpp,decomp/evidence/pilot_bb9070.md,105 decoded direct callers; returns DWORD at this+0x00; 5/5 CI success
FUN_00BB9080,0x00BB9080,0x007B9080,.text,4,FUN_00BB9080,,ACTIVE,HIGH,true,false,true,false,false,false,false,thiscall,const UnknownBB90Object*,,UnknownBB90Object*,UNKNOWN,UNKNOWN,src/recovered/pilot_bb9070.cpp,coordinator,PILOT-BB9080,,,tests/unit/test_pilot_bb9070.cpp,decomp/evidence/pilot_bb9070.md,20 decoded direct callers; return type refined to link pointer from BB90C0 evidence; local C++ validation PASS; CI pending
FUN_00BB9090,0x00BB9090,0x007B9090,.text,4,FUN_00BB9090,,ACTIVE,HIGH,true,false,true,false,false,false,false,thiscall,const UnknownBB90Object*,,UnknownBB90Object*,UNKNOWN,UNKNOWN,src/recovered/pilot_bb9070.cpp,coordinator,PILOT-BB9090,,,tests/unit/test_pilot_bb9070.cpp,decomp/evidence/pilot_bb9070.md,7 decoded direct callers; return type refined to link pointer from BB90C0 evidence; local C++ validation PASS; CI pending
FUN_00BB90C0,0x00BB90C0,0x007B90C0,.text,51,FUN_00BB90C0,,ACTIVE,HIGH,true,false,true,false,false,false,false,thiscall,bool*,bool* result; const UnknownBB90Object* candidate,UnknownBB90Object*,UNKNOWN,UNKNOWN,src/recovered/pilot_bb9070.cpp,coordinator,PILOT-BB90C0-CONTINUED,,,tests/unit/test_pilot_bb9070.cpp,decomp/evidence/pilot_bb9070.md,5 decoded direct callers; linked-chain membership via field+0x04; local C++ and metadata validation PASS; CI pending
FUN_00401000,0x00401000,0x00001000,.text,5,FUN_00401000,,ACTIVE,HIGH,true,false,false,false,false,false,false,cdecl,void,void* ptr,,UNKNOWN,UNKNOWN,src/recovered/region_00401000.cpp,coordinator,SEQ-00401000,,,tests/unit/test_region_00401000.cpp,decomp/evidence/region_00401000.md,tail-jump to target aligned-free CRT implementation at 0x0125145C
FUN_00401010,0x00401010,0x00001010,.text,213,FUN_00401010,,ACTIVE,HIGH,true,true,false,false,false,false,false,,,,,UNKNOWN,UNKNOWN,src/recovered/region_00401000.cpp,coordinator,SEQ-00401010,#27,74cb20af2e5e96e2a4d676af76eb329c66248e54,tests/unit/test_region_00401000.cpp,decomp/evidence/region_00401000.md,Dev build-title formatter recovered; deterministic format and optional Win32 title side effect; PR #27 CI 5/5 PASS
FUN_004010F0,0x004010F0,0x000010F0,.text,178,FUN_004010F0,,DISASSEMBLED,HIGH,false,false,false,false,false,false,false,stdcall,,, ,UNKNOWN,UNKNOWN,,coordinator,SEQ-004010F0,,,,decomp/evidence/region_00401000.md,ret 0x10 proves four stack args; object semantics unresolved
FUN_004011B0,0x004011B0,0x000011B0,.text,50,FUN_004011B0,,ACTIVE,HIGH,true,false,false,false,false,false,false,stdcall,void,void* first; uint32_t stride; uint32_t count; callback,,UNKNOWN,UNKNOWN,src/recovered/region_00401000.cpp,coordinator,SEQ-004011B0,,,tests/unit/test_region_00401000.cpp,decomp/evidence/region_00401000.md,iterates count elements and invokes ECX-style callback
FUN_004011F0,0x004011F0,0x000011F0,.text,6,FUN_004011F0,,ACTIVE,HIGH,true,false,false,false,false,false,false,cdecl,uintptr_t,,,UNKNOWN,UNKNOWN,src/recovered/region_00401000.cpp,coordinator,SEQ-004011F0,,,tests/unit/test_region_00401000.cpp,decomp/evidence/region_00401000.md,exactly returns original address token 0x01652E00
FUN_00401200,0x00401200,0x00001200,.text,16,FUN_00401200,,ACTIVE,HIGH,true,false,false,false,false,false,false,cdecl,void*,size_t size,,UNKNOWN,UNKNOWN,src/recovered/region_00401000.cpp,coordinator,SEQ-00401200,,,tests/unit/test_region_00401000.cpp,decomp/evidence/region_00401000.md,16-byte aligned allocation wrapper via 0x01251471
FUN_00401210,0x00401210,0x00001210,.text,12,FUN_00401210,,ACTIVE,HIGH,true,false,false,false,false,false,false,cdecl,void,uintptr_t unused; const char* text,,UNKNOWN,UNKNOWN,src/recovered/region_00401000.cpp,coordinator,SEQ-00401210,,,tests/unit/test_region_00401000.cpp,decomp/evidence/region_00401000.md,forwards second arg to KERNEL32!OutputDebugStringA
FUN_00401220,0x00401220,0x00001220,.text,3,FUN_00401220,,ACTIVE,HIGH,true,false,false,false,false,false,false,cdecl,bool,,,UNKNOWN,UNKNOWN,src/recovered/region_00401000.cpp,coordinator,SEQ-00401220,,,tests/unit/test_region_00401000.cpp,decomp/evidence/region_00401000.md,xor al al; ret
FUN_00401230,0x00401230,0x00001230,.text,3,FUN_00401230,,ACTIVE,HIGH,true,false,false,false,false,false,false,stdcall,void,uintptr_t unused,,UNKNOWN,UNKNOWN,src/recovered/region_00401000.cpp,coordinator,SEQ-00401230,,,tests/unit/test_region_00401000.cpp,decomp/evidence/region_00401000.md,no-op callback; ret 4
FUN_00401240,0x00401240,0x00001240,.text,3,FUN_00401240,,ACTIVE,HIGH,true,false,false,false,false,false,false,stdcall,void,uintptr_t unused,,UNKNOWN,UNKNOWN,src/recovered/region_00401000.cpp,coordinator,SEQ-00401240,,,tests/unit/test_region_00401000.cpp,decomp/evidence/region_00401000.md,no-op callback; ret 4
FUN_00401250,0x00401250,0x00001250,.text,6,FUN_00401250,,ACTIVE,HIGH,true,true,false,false,false,false,false,cdecl,void,,,UNKNOWN,UNKNOWN,src/recovered/region_00401000.cpp,coordinator,SEQ-00401250,#28,886e53a5292d46c68137bc82083c968c0b8eae53,tests/unit/test_region_00401000.cpp,decomp/evidence/region_00401000.md,exact steam_api!SteamAPI_RunCallbacks import thunk recovered through platform adapter; PR #28 CI 5/5 PASS
FUN_00401260,0x00401260,0x00001260,.text,6,FUN_00401260,,ACTIVE,HIGH,true,true,false,false,false,false,false,cdecl,void,,,UNKNOWN,UNKNOWN,src/recovered/region_00401000.cpp,coordinator,SEQ-00401260,#28,886e53a5292d46c68137bc82083c968c0b8eae53,tests/unit/test_region_00401000.cpp,decomp/evidence/region_00401000.md,exact steam_api!SteamAPI_RunCallbacks import thunk recovered through platform adapter; PR #28 CI 5/5 PASS
FUN_00401270,0x00401270,0x00001270,.text,121,FUN_00401270,,ACTIVE,HIGH,true,true,false,false,false,false,false,cdecl,void,,,UNKNOWN,UNKNOWN,src/recovered/region_00401000.cpp,coordinator,SEQ-00401270,#31,20a79e5d23c2bdd18cbc3bfabc22d3d7972587de,tests/unit/test_region_00401000.cpp,decomp/evidence/region_00401000.md,70-entry achievement write loop with exact XUSER layouts and injectable UNKNOWN global bindings; PR #31 CI 5/5 PASS
FUN_004012F0,0x004012F0,0x000012F0,.text,183,FUN_004012F0,,ACTIVE,HIGH,true,true,false,false,false,false,false,stdcall,uint32_t,void** out_buffer; uint32_t requested_count; uint32_t unused,,UNKNOWN,UNKNOWN,src/recovered/region_00401000.cpp,coordinator,SEQ-004012F0,#34,4c08d86b6bc79dd696e41005c1d8067f907ac13d,tests/unit/test_region_00401000.cpp,decomp/evidence/region_00401000.md,XLive achievement enumerator wrapper recovered with exact title ID/default count/handle-close rules; PR #34 CI 5/5 PASS
FUN_00401400,0x00401400,0x00001400,.text,10,FUN_00401400,,ACTIVE,HIGH,true,true,false,false,false,false,false,thiscall,bool,,FUN_00401400_Object*,UNKNOWN,UNKNOWN,src/recovered/region_00401000.cpp,coordinator,SEQ-00401400,#37,1eee7d9d269efb688d73fe68a950adadf852ef17,tests/unit/test_region_00401000.cpp,decomp/evidence/region_00401000.md,field equality helper at this+0x04/this+0x08; PR #37 CI 5/5 PASS
FUN_00401410,0x00401410,0x00001410,.text,43,FUN_00401410,,ACTIVE,HIGH,true,true,false,false,false,false,false,cdecl,void,,,UNKNOWN,UNKNOWN,src/recovered/region_00401000.cpp,coordinator,SEQ-00401410,#41,e59d7b938e5a89c7ac22fe67d9b3763932f1955f,tests/unit/test_region_00401000.cpp,decomp/evidence/region_00401000.md,conditional virtual dispatch helper through provider 0x013714C8; PR #41 CI 5/5 PASS
FUN_00401470,0x00401470,0x00001470,.text,69,FUN_00401470,,ACTIVE,HIGH,true,true,false,false,false,false,false,cdecl,uint32_t,,,UNKNOWN,UNKNOWN,src/recovered/region_00401000.cpp,coordinator,SEQ-00401470,#44,7fe1355428d809d329d36f03efcdaa3837038fb4,tests/unit/test_region_00401000.cpp,decomp/evidence/region_00401000.md,provider value query helper; PR #44 CI 5/5 PASS
FUN_004014C0,0x004014C0,0x000014C0,.text,261,FUN_004014C0,,ACTIVE,HIGH,true,true,false,false,false,false,false,cdecl,bool,,,UNKNOWN,UNKNOWN,src/recovered/fun_004014c0.cpp,coordinator,SEQ-004014C0,#47,fe7c8a1ffaf7406cf0b6308951e51fc6fe8b059c,tests/unit/test_fun_004014c0.cpp,decomp/evidence/fun_004014c0.md,dual polling state helper; PR #47 CI 5/5 PASS
FUN_004015D0,0x004015D0,0x000015D0,.text,104,FUN_004015D0,,ACTIVE,HIGH,true,true,false,false,false,false,false,cdecl,int,,,UNKNOWN,UNKNOWN,src/recovered/fun_004015d0.cpp,coordinator,SEQ-004015D0,#52,dd7313c1a11ac14d658391643a018864708e83b5,tests/unit/test_fun_004015d0.cpp,decomp/evidence/fun_004015d0.md,SteamUtils IP-country table mapper; PR #52 CI 5/5 PASS
FUN_00401640,0x00401640,0x00001640,.text,6,FUN_00401640,,ACTIVE,HIGH,true,true,false,false,false,false,false,cdecl,void,,,UNKNOWN,UNKNOWN,src/recovered/fun_00401640.cpp,coordinator,SEQ-00401640,#56,9083a86ea272cc47131e0585970d5af85ae26c30,tests/unit/test_fun_00401640.cpp,decomp/evidence/fun_00401640.md,exact steam_api!SteamAPI_Shutdown tail thunk; PR #56 CI 5/5 PASS
FUN_00401650,0x00401650,0x00001650,.text,21,FUN_00401650,,ACTIVE,HIGH,true,true,false,false,false,false,false,cdecl,uint32_t,uint32_t argument,,UNKNOWN,UNKNOWN,src/recovered/fun_00401650.cpp,coordinator,SEQ-00401650,#60,7e1e0ceb90a6b6c0ea952aa4e10b10529aea6815,tests/unit/test_fun_00401650.cpp,decomp/evidence/fun_00401650.md,SteamUserStats virtual slot +0x54 forwarding helper; PR #60 CI 5/5 PASS
FUN_00401670,0x00401670,0x00001670,.text,75,FUN_00401670,,ACTIVE,HIGH,true,true,false,false,false,false,false,cdecl,bool,uint32_t achievement_index,,UNKNOWN,UNKNOWN,src/recovered/fun_00401670.cpp,coordinator,SEQ-00401670,#64,297c08deef41cfded262e60140983c7e4a79130e,tests/unit/test_fun_00401670.cpp,decomp/evidence/fun_00401670.md,Steam achievement clear-and-store helper; exact 71-entry API-name table recovered; PR #64 CI 5/5 PASS
FUN_004016C0,0x004016C0,0x000016C0,.text,108,FUN_004016C0,,ACTIVE,HIGH,true,true,false,false,false,false,false,cdecl,bool,uint32_t achievement_index,,UNKNOWN,UNKNOWN,src/recovered/fun_004016c0.cpp,coordinator,SEQ-004016C0,#68,3e3bc8c0d57c1db73d2a2863e95878304e436591,tests/unit/test_fun_004016c0.cpp,decomp/evidence/fun_004016c0.md,Steam achievement set-and-store helper with index<71 guard and exact shared API-name table; PR #68 CI 5/5 PASS
FUN_00401730,0x00401730,0x00001730,.text,117,FUN_00401730,,ACTIVE,HIGH,true,true,false,false,false,false,false,cdecl,uint32_t,uint8_t* destination; uint32_t destination_size; const uint8_t* source; uint32_t length,,UNKNOWN,UNKNOWN,src/recovered/fun_00401730.cpp,coordinator,SEQ-00401730,#72,08374a9b5816a2c68257cca6e11ff94048900ab5,tests/unit/test_fun_00401730.cpp,decomp/evidence/fun_00401730.md,8-byte feedback XOR encoder; exact four-argument contract and processed-byte return recovered; PR #72 CI 5/5 PASS
FUN_004017B0,0x004017B0,0x000017B0,.text,128,FUN_004017B0,,ACTIVE,HIGH,true,true,false,false,false,false,false,cdecl,uint32_t,uint8_t* destination; uint32_t destination_size; const uint8_t* source; uint32_t length,,UNKNOWN,UNKNOWN,src/recovered/fun_004017b0.cpp,coordinator,SEQ-004017B0,#76,0c8605c7ed32910a7229bfd5fcc461352550f239,tests/unit/test_fun_004017b0.cpp,decomp/evidence/fun_004017b0.md,8-byte feedback XOR decoder; exact four-argument contract and processed-byte return recovered; PR #76 CI 5/5 PASS
FUN_00401830,0x00401830,0x00001830,.text,47,FUN_00401830,,ACTIVE,HIGH,true,true,false,false,false,false,false,cdecl,bool,const uint8_t* first; const uint8_t* second; uint32_t length,,UNKNOWN,UNKNOWN,src/recovered/fun_00401830.cpp,coordinator,SEQ-00401830,#80,1b24887d112e06e4772a1e9498ced94a5fdb08f0,tests/unit/test_fun_00401830.cpp,decomp/evidence/fun_00401830.md,three-argument byte-range equality helper; zero length true and first mismatch false; PR #80 CI 5/5 PASS
FUN_00401860,0x00401860,0x00001860,.text,18,FUN_00401860,,ACTIVE,HIGH,true,true,false,false,false,false,false,cdecl,bool,void* object,,UNKNOWN,UNKNOWN,src/recovered/fun_00401860.cpp,coordinator,SEQ-00401860,#84,599ed402289c83525ae2e5179fa561a793b87828,tests/unit/test_fun_00401860.cpp,decomp/evidence/fun_00401860.md,null-guarded virtual slot +0x04 forwarding helper; direct caller passes SteamUser(); PR #84 CI 5/5 PASS
FUN_00401880,0x00401880,0x00001880,.text,64,FUN_00401880,,ACTIVE,HIGH,true,true,false,false,false,false,false,cdecl,char*,char* destination; uint32_t capacity,,UNKNOWN,UNKNOWN,src/recovered/fun_00401880.cpp,coordinator,SEQ-00401880,#88,66be0dd9dc0f2ee3a6dbb47a57bcd83eac79dc46,tests/unit/test_fun_00401880.cpp,decomp/evidence/fun_00401880.md,"SteamFriends virtual slot +0x00 string helper; bounded capacity-1 copy, forced NUL, destination/null return; PR #88 CI 5/5 PASS"
FUN_004018C0,0x004018C0,0x000018C0,.text,35,FUN_004018C0,,ACTIVE,HIGH,true,true,false,false,false,false,false,cdecl,bool,,,UNKNOWN,UNKNOWN,src/recovered/fun_004018c0.cpp,coordinator,SEQ-004018C0,#92,0e9144c329c53bc0c61631ed62b39f3ae57a46b2,tests/unit/test_fun_004018c0.cpp,decomp/evidence/fun_004018c0.md,global object probe cached to byte 0x01655B54; PR #92 CI 5/5 PASS
FUN_004018F0,0x004018F0,0x000018F0,.text,26,FUN_004018F0,,ACTIVE,HIGH,true,true,false,false,false,false,false,cdecl,void,bool flag,,UNKNOWN,UNKNOWN,src/recovered/fun_004018f0.cpp,coordinator,SEQ-004018F0,#95,317a4905877a72743bc03a274bd48ae7eb618b44,tests/unit/test_fun_004018f0.cpp,decomp/evidence/fun_004018f0.md,one-argument branch helper dispatching global 0x016E15C8 through false tail path or true argument 1 path
FUN_00401910,0x00401910,0x00001910,.text,48,FUN_00401910,,ACTIVE,HIGH,true,true,false,false,false,false,false,cdecl,bool,void,,UNKNOWN,UNKNOWN,src/recovered/fun_00401910.cpp,coordinator,SEQ-00401910,#98,c766b4fa8fcdba0ca4373dbb456d3394c361bba2,tests/unit/test_fun_00401910.cpp,decomp/evidence/fun_00401910.md,global-object probe helper caching state at 0x01655B54 and returning positive-state byte 0x01655B55
FUN_00401940,0x00401940,0x00001940,.text,16,FUN_00401940,,ACTIVE,HIGH,true,true,false,false,false,false,false,cdecl,void,bool value,,UNKNOWN,UNKNOWN,src/recovered/fun_00401940.cpp,coordinator,SEQ-00401940,#101,53133307dce23fea0b2c9ea2d91d2089517e2ba0,tests/unit/test_fun_00401940.cpp,decomp/evidence/fun_00401940.md,setter for global positive-state byte 0x01655B55 used by FUN_00401910
FUN_00401950,0x00401950,0x00001950,.text,288,FUN_00401950,,ACTIVE,HIGH,true,true,false,false,false,false,false,cdecl,RE5_LanguageId,void,,UNKNOWN,Localization,src/recovered/fun_00401950.cpp,coordinator,SEQ-00401950,#104,77f4ba534061cfd9a0c23536a1b4ee264341dcee,tests/unit/test_fun_00401950.cpp,decomp/evidence/fun_00401950.md,current-language string classifier returning compact language id with unknown mapping to traditional Chinese id
FUN_00401B50,0x00401B50,0x00001B50,.text,352,FUN_00401B50,,ACTIVE,HIGH,true,true,false,false,false,false,false,thiscall,uint32_t,FUN_00401B50_State* this; award records/count,,UNKNOWN,Achievements,src/recovered/fun_00401b50.cpp,coordinator,SEQ-00401B50,#104,77f4ba534061cfd9a0c23536a1b4ee264341dcee,tests/unit/test_fun_00401b50.cpp,decomp/evidence/fun_00401b50.md,awarded-achievement logging and Steam save counter over 0x24-byte records
FUN_00401D10,0x00401D10,0x00001D10,.text,64,FUN_00401D10,,ACTIVE,HIGH,true,true,false,false,false,false,false,thiscall,uint32_t,FUN_00401B50_State* this,,UNKNOWN,Achievements,src/recovered/fun_00401d10.cpp,coordinator,SEQ-00401D10,#104,77f4ba534061cfd9a0c23536a1b4ee264341dcee,tests/unit/test_fun_00401d10.cpp,decomp/evidence/fun_00401d10.md,achievement enumeration wrapper refreshing SteamUserStats slot 0x54 before summary helper
FUN_00401D50,0x00401D50,0x00001D50,.text,224,FUN_00401D50,,ACTIVE,HIGH,true,true,false,false,false,false,false,thiscall,FUN_00401D50_Object*,FUN_00401D50_Object* this,,UNKNOWN,Achievements,src/recovered/fun_00401d50.cpp,coordinator,SEQ-00401D50,#104,77f4ba534061cfd9a0c23536a1b4ee264341dcee,tests/unit/test_fun_00401d50.cpp,decomp/evidence/fun_00401d50.md,constructor publishing achievement callback object and optionally requesting current Steam stats
FUN_00401E30,0x00401E30,0x00001E30,.text,48,FUN_00401E30,,ACTIVE,HIGH,true,true,false,false,false,false,false,cdecl,FUN_00401D50_Object*,void,,UNKNOWN,Achievements,src/recovered/fun_00401e30.cpp,coordinator,SEQ-00401E30,#104,77f4ba534061cfd9a0c23536a1b4ee264341dcee,tests/unit/test_fun_00401e30.cpp,decomp/evidence/fun_00401e30.md,lazy singleton allocator for global achievement callback object at 0x01655B58
FUN_00401E60,0x00401E60,0x00001E60,.text,384,FUN_00401E60,,ACTIVE,HIGH,true,true,false,false,false,false,false,cdecl,bool,FUN_00401E60_State& state,,UNKNOWN,Platform,src/recovered/fun_00401e60.cpp,coordinator,SEQ-00401E60,#104,77f4ba534061cfd9a0c23536a1b4ee264341dcee,tests/unit/test_fun_00401e60.cpp,decomp/evidence/fun_00401e60.md,platform and Steam initialization gate with relaunch/failure messages country SteamID achievement singleton and title selection
FUN_00401FE0,0x00401FE0,0x00001FE0,.text,32,FUN_00401FE0,,ACTIVE,HIGH,true,true,false,false,false,false,false,cdecl,int,char* destination; const char* format; ...,,UNKNOWN,Formatting,src/recovered/fun_00401fe0.cpp,coordinator,SEQ-00401FE0,#104,77f4ba534061cfd9a0c23536a1b4ee264341dcee,tests/unit/test_fun_00401fe0.cpp,decomp/evidence/fun_00401fe0.md,variadic formatting wrapper with fixed 0x800-byte destination limit
FUN_00402000,0x00402000,0x00002000,.text,32,FUN_00402000,,ACTIVE,HIGH,true,true,false,false,false,false,false,cdecl,uintptr_t,void,,UNKNOWN,UNKNOWN,src/recovered/fun_00402000.cpp,coordinator,SEQ-00402000,#104,77f4ba534061cfd9a0c23536a1b4ee264341dcee,tests/unit/test_fun_00402000.cpp,decomp/evidence/fun_00402000.md,constant global-object address thunk with adjacent 0x98 constant thunk in same candidate block
FUN_00402020,0x00402020,0x00002020,.text,64,FUN_00402020,,ACTIVE,HIGH,true,true,false,false,false,false,false,thiscall,void,FUN_00402020_CallbackSlot* this; void* owner; uintptr_t callback_va,,UNKNOWN,Callbacks,src/recovered/fun_00402020.cpp,coordinator,SEQ-00402020,#104,77f4ba534061cfd9a0c23536a1b4ee264341dcee,tests/unit/test_fun_00402020.cpp,decomp/evidence/fun_00402020.md,callback slot registration helper with callback id 0x44D
FUN_00402060,0x00402060,0x00002060,.text,64,FUN_00402060,,ACTIVE,HIGH,true,true,false,false,false,false,false,thiscall,void,FUN_00402020_CallbackSlot* this; void* owner; uintptr_t callback_va,,UNKNOWN,Callbacks,src/recovered/fun_00402020.cpp,coordinator,SEQ-00402060,#104,77f4ba534061cfd9a0c23536a1b4ee264341dcee,tests/unit/test_fun_00402020.cpp,decomp/evidence/fun_00402060.md,callback slot registration helper with callback id 0x44E
FUN_004020A0,0x004020A0,0x000020A0,.text,64,FUN_004020A0,,ACTIVE,HIGH,true,true,false,false,false,false,false,thiscall,void,FUN_00402020_CallbackSlot* this; void* owner; uintptr_t callback_va,,UNKNOWN,Callbacks,src/recovered/fun_00402020.cpp,coordinator,SEQ-004020A0,#104,77f4ba534061cfd9a0c23536a1b4ee264341dcee,tests/unit/test_fun_00402020.cpp,decomp/evidence/fun_004020a0.md,callback slot registration helper with callback id 0x44F
FUN_004020E0,0x004020E0,0x000020E0,.text,16,FUN_004020E0,,ACTIVE,HIGH,true,true,false,false,false,false,false,cdecl,uintptr_t,void,,UNKNOWN,Globals,src/recovered/fun_004020e0.cpp,coordinator,SEQ-004020E0,#107,19c486e192b192f890fbd1c9964047d0f23c0fc0,tests/unit/test_fun_004020e0.cpp,decomp/evidence/fun_004020e0.md,global value getter returning dword stored at 0x016E1660
FUN_004020F0,0x004020F0,0x000020F0,.text,32,FUN_004020F0,,ACTIVE,HIGH,true,true,false,false,false,false,false,cdecl,uintptr_t,void,,UNKNOWN,Globals,src/recovered/fun_004020e0.cpp,coordinator,SEQ-004020F0,#107,19c486e192b192f890fbd1c9964047d0f23c0fc0,tests/unit/test_fun_004020e0.cpp,decomp/evidence/fun_004020e0.md,global value getter returning dword stored at 0x016E1690 with adjacent 0x00402100 fixed-address thunk
FUN_00402110,0x00402110,0x00002110,.text,16,FUN_00402110,,ACTIVE,HIGH,true,true,false,false,false,false,false,thiscall,FUN_00402110_Dword*,FUN_00402110_Dword* this; const FUN_00402110_Dword* source,,UNKNOWN,Utility,src/recovered/fun_00402110.cpp,coordinator,SEQ-00402110,#107,19c486e192b192f890fbd1c9964047d0f23c0fc0,tests/unit/test_fun_00402110.cpp,decomp/evidence/fun_00402110.md,one-dword thiscall copy helper returning destination
FUN_00402120,0x00402120,0x00002120,.text,304,FUN_00402120,,ACTIVE,HIGH,true,true,false,false,false,false,false,cdecl,void*,size_t size,,UNKNOWN,Memory,src/recovered/fun_00402120.cpp,coordinator,SEQ-00402120,#107,19c486e192b192f890fbd1c9964047d0f23c0fc0,tests/unit/test_fun_00402120.cpp,decomp/evidence/fun_00402120.md,aligned allocation thunk through global allocator/service slot 0x14 using fixed alignment 0x10
FUN_00402250,0x00402250,0x00002250,.text,32,FUN_00402250,,ACTIVE,HIGH,true,true,false,false,false,false,false,thiscall,uint32_t,void* this,,UNKNOWN,Objects,src/recovered/fun_00402250.cpp,coordinator,SEQ-00402250,#110,8f6e0402465cc2cd939fe144c9e5dd3a97f08140,tests/unit/test_fun_00402250.cpp,decomp/evidence/fun_00402250.md,virtual slot +0x10 dispatch returning dword at returned object +0x04 with adjacent 0x00402260 fixed-address thunk
FUN_00402270,0x00402270,0x00002270,.text,16,FUN_00402270,,ACTIVE,HIGH,true,true,false,false,false,false,false,cdecl,void*,void,,UNKNOWN,Thunk,src/recovered/fun_00402250.cpp,coordinator,SEQ-00402270,#110,8f6e0402465cc2cd939fe144c9e5dd3a97f08140,tests/unit/test_fun_00402250.cpp,decomp/evidence/fun_00402250.md,external tail-jump thunk to 0x012519D0
FUN_00402280,0x00402280,0x00002280,.text,16,FUN_00402280,,ACTIVE,HIGH,true,true,false,false,false,false,false,cdecl,uintptr_t,void,,UNKNOWN,Globals,src/recovered/fun_00402250.cpp,coordinator,SEQ-00402280,#110,8f6e0402465cc2cd939fe144c9e5dd3a97f08140,tests/unit/test_fun_00402250.cpp,decomp/evidence/fun_00402250.md,global value getter returning dword stored at 0x016E1D3C
FUN_00402290,0x00402290,0x00002290,.text,16,FUN_00402290,,ACTIVE,HIGH,true,true,false,false,false,false,false,thiscall,void*,void* this,,UNKNOWN,Objects,src/recovered/fun_00402250.cpp,coordinator,SEQ-00402290,#110,8f6e0402465cc2cd939fe144c9e5dd3a97f08140,tests/unit/test_fun_00402250.cpp,decomp/evidence/fun_00402250.md,writes vtable-like value 0x01541F48 before external tail-jump to 0x01251BE3
FUN_004022A0,0x004022A0,0x000022A0,.text,32,FUN_004022A0,,ACTIVE,HIGH,true,true,false,false,false,false,false,thiscall,FUN_004022A0_Bytes*,FUN_004022A0_Bytes* this; uint8_t byte2; uint8_t byte1; uint8_t byte0; uint8_t byte3,,UNKNOWN,Utility,src/recovered/fun_00402250.cpp,coordinator,SEQ-004022A0,#110,8f6e0402465cc2cd939fe144c9e5dd3a97f08140,tests/unit/test_fun_00402250.cpp,decomp/evidence/fun_00402250.md,four-byte initializer helper preserving observed non-linear stack argument order
FUN_004022C0,0x004022C0,0x000022C0,.text,16,FUN_004022C0,,ACTIVE,HIGH,true,true,false,false,false,false,false,thiscall,FUN_004022A0_Bytes*,FUN_004022A0_Bytes* this,,UNKNOWN,Utility,src/recovered/fun_00402250.cpp,coordinator,SEQ-004022C0,#110,8f6e0402465cc2cd939fe144c9e5dd3a97f08140,tests/unit/test_fun_00402250.cpp,decomp/evidence/fun_00402250.md,zeroes one dword at destination and returns this
FUN_004022D0,0x004022D0,0x000022D0,.text,32,FUN_004022D0,,ACTIVE,HIGH,true,true,false,false,false,false,false,thiscall,FUN_004022D0_Source*,FUN_004022D0_Source* this; const FUN_004022D0_Source* source,,UNKNOWN,Utility,src/recovered/fun_00402250.cpp,coordinator,SEQ-004022D0,#110,8f6e0402465cc2cd939fe144c9e5dd3a97f08140,tests/unit/test_fun_00402250.cpp,decomp/evidence/fun_00402250.md,reference-counted pointer copy helper increments pointed dword when non-null
FUN_004022F0,0x004022F0,0x000022F0,.text,96,FUN_004022F0,,ACTIVE,HIGH,true,true,false,false,false,false,false,cdecl,int,const FUN_004022F0_Object* object; const char* input,,UNKNOWN,Utility,src/recovered/fun_004022f0.cpp,coordinator,SEQ-004022F0,#113,b1399de267185fea546263fd38f3e9d0b9d080fb,tests/unit/test_fun_004022f0.cpp,decomp/evidence/fun_004022f0.md,object string compare at target +0x08; null-object path compares one byte against literal at 0x0137AA5C; PR #113 CI 5/5 PASS
FUN_00402350,0x00402350,0x00002350,.text,16,FUN_00402350,,ACTIVE,HIGH,true,true,false,false,false,false,false,cdecl,uint32_t,const FUN_00402350_Object* object,,UNKNOWN,Utility,src/recovered/fun_004022f0.cpp,coordinator,SEQ-00402350,#113,b1399de267185fea546263fd38f3e9d0b9d080fb,tests/unit/test_fun_004022f0.cpp,decomp/evidence/fun_00402350.md,null-safe indirect dword getter through target object field +0x04; PR #113 CI 5/5 PASS
FUN_00402360,0x00402360,0x00002360,.text,128,FUN_00402360,,ACTIVE,HIGH,true,true,false,false,false,false,false,thiscall,FUN_00402360_String*,FUN_00402360_String* this; const char* input,FUN_00402360_String*,UNKNOWN,Strings,src/recovered/fun_004022f0.cpp,coordinator,SEQ-00402360,#113,b1399de267185fea546263fd38f3e9d0b9d080fb,tests/unit/test_fun_004022f0.cpp,decomp/evidence/fun_00402360.md,reference-counted string constructor; allocates length+0x0C at alignment 0x10 through global allocator slot +0x14; PR #113 CI 5/5 PASS
FUN_004023E0,0x004023E0,0x000023E0,.text,64,FUN_004023E0,,ACTIVE,HIGH,true,true,false,false,false,false,false,thiscall,void,FUN_00402360_String* this,FUN_00402360_String*,UNKNOWN,Strings,src/recovered/fun_004022f0.cpp,coordinator,SEQ-004023E0,#113,b1399de267185fea546263fd38f3e9d0b9d080fb,tests/unit/test_fun_004022f0.cpp,decomp/evidence/fun_004023e0.md,reference-counted string release; decrements count and frees at zero through global allocator slot +0x18; PR #113 CI 5/5 PASS
FUN_00402420,0x00402420,0x00002420,.text,16,FUN_00402420,,ACTIVE,HIGH,true,true,false,false,false,false,false,thiscall,const char*,const FUN_00402360_String* this,const FUN_00402360_String*,UNKNOWN,Strings,src/recovered/fun_004022f0.cpp,coordinator,SEQ-00402420,#120,8bdecce74f104bf1b74a6d65093238f93e9a2b06,tests/unit/test_fun_004022f0.cpp,decomp/evidence/fun_00402420.md,returns block data at +0x08 or fixed fallback string address 0x0137AA5C; PR #120 CI 5/5 PASS
FUN_00402430,0x00402430,0x00002430,.text,80,FUN_00402430,,ACTIVE,HIGH,true,true,false,false,false,false,false,thiscall,FUN_00402360_String*,FUN_00402360_String* this; const FUN_00402360_String* source,FUN_00402360_String*,UNKNOWN,Strings,src/recovered/fun_004022f0.cpp,coordinator,SEQ-00402430,#120,8bdecce74f104bf1b74a6d65093238f93e9a2b06,tests/unit/test_fun_004022f0.cpp,decomp/evidence/fun_00402430.md,releases current refcounted string then reconstructs from source data or fallback literal; PR #120 CI 5/5 PASS
FUN_00402480,0x00402480,0x00002480,.text,16,FUN_00402480,,ACTIVE,HIGH,true,true,false,false,false,false,false,cdecl,void*,size_t size,,UNKNOWN,Memory,src/recovered/fun_00402480.cpp,coordinator,SEQ-00402480,#125,722b668fc9170a05df96a2238a30a70b11799a04,tests/unit/test_fun_00402480.cpp,decomp/evidence/fun_00402480.md,aligned allocation wrapper through global allocator/service slot +0x14 using fixed alignment 0x10; PR #125 CI 5/5 PASS
FUN_004024A0,0x004024A0,0x000024A0,.text,16,FUN_004024A0,,ACTIVE,HIGH,true,true,false,false,false,false,false,cdecl,uintptr_t,void,,UNKNOWN,Globals,src/recovered/fun_00402480.cpp,coordinator,SEQ-004024A0,#125,722b668fc9170a05df96a2238a30a70b11799a04,tests/unit/test_fun_00402480.cpp,decomp/evidence/fun_004024a0.md,global value getter returning dword stored at 0x016E201C; PR #125 CI 5/5 PASS
FUN_004024B0,0x004024B0,0x000024B0,.text,64,FUN_004024B0,,ACTIVE,HIGH,true,true,false,false,false,false,false,cdecl,void,void* base; size_t stride; int32_t count; callback,,UNKNOWN,Utility,src/recovered/fun_00402480.cpp,coordinator,SEQ-004024B0,#125,722b668fc9170a05df96a2238a30a70b11799a04,tests/unit/test_fun_00402480.cpp,decomp/evidence/fun_004024b0.md,reverse-order element callback loop over base/stride/count; PR #125 CI 5/5 PASS
FUN_00402560,0x00402560,0x00002560,.text,112,FUN_00402560,,ACTIVE,HIGH,true,true,false,false,false,false,false,thiscall,uint32_t,FUN_00402560_Context* this; const FUN_00402560_Node* node; int32_t depth,FUN_00402560_Context*,UNKNOWN,Utility,src/recovered/fun_00402560.cpp,coordinator,SEQ-00402560,#128,84aa50cb2b3d99f7448585399dfebd9bc7fd8ad1,tests/unit/test_fun_00402560.cpp,decomp/evidence/fun_00402560.md,recursive node count/log traversal over child +0x0C and sibling +0x08 skipping flag bit at +0x1F; PR #128 CI 5/5 PASS
FUN_004025D0,0x004025D0,0x000025D0,.text,80,FUN_004025D0,,ACTIVE,HIGH,true,true,false,false,false,false,false,thiscall,void,FUN_00402560_Context* this; FUN_00402560_Node* node; int32_t depth,FUN_00402560_Context*,UNKNOWN,Utility,src/recovered/fun_00402560.cpp,coordinator,SEQ-004025D0,#128,84aa50cb2b3d99f7448585399dfebd9bc7fd8ad1,tests/unit/test_fun_00402560.cpp,decomp/evidence/fun_004025d0.md,recursive node collector appending accepted nodes into object array at +0x34 and count at +0x38; PR #128 CI 5/5 PASS
FUN_00402640,0x00402640,0x00002640,.text,128,FUN_00402640,,ACTIVE,HIGH,true,true,false,false,false,false,false,cdecl,bool,const FUN_00402640_StringRef* value,,UNKNOWN,Lookup,src/recovered/fun_00402560.cpp,coordinator,SEQ-00402640,#128,84aa50cb2b3d99f7448585399dfebd9bc7fd8ad1,tests/unit/test_fun_00402560.cpp,decomp/evidence/fun_00402640.md,global table name lookup comparing entries with payload at pointer +0x08 or fallback literal; PR #128 CI 5/5 PASS
FUN_004026C0,0x004026C0,0x000026C0,.text,128,FUN_004026C0,,ACTIVE,HIGH,true,true,false,false,false,false,false,cdecl,const void*,const FUN_00402640_StringRef* value,,UNKNOWN,Lookup,src/recovered/fun_00402560.cpp,coordinator,SEQ-004026C0,#131,7639917d679a175de376f8ecad058ebe2134e57b,tests/unit/test_fun_00402560.cpp,decomp/evidence/fun_004026c0.md,global table value lookup comparing names then returning associated value pointer; PR #131 CI 5/5 PASS
FUN_00402770,0x00402770,0x00002770,.text,112,FUN_00402770,,ACTIVE,HIGH,true,true,false,false,false,false,false,cdecl,void,const char* text,,UNKNOWN,Formatting,src/recovered/fun_00402560.cpp,coordinator,SEQ-00402770,#131,7639917d679a175de376f8ecad058ebe2134e57b,tests/unit/test_fun_00402560.cpp,decomp/evidence/fun_00402770.md,string-length based external formatter request wrapper with opcode 0x15E; PR #131 CI 5/5 PASS
FUN_00402B10,0x00402B10,0x00002B10,.text,736,FUN_00402B10,,ACTIVE,HIGH,true,true,false,false,false,false,false,cdecl,void,FUN_00402B10_Node* node,,UNKNOWN,Registry,src/recovered/fun_00402b10.cpp,coordinator,SEQ-00402B10,#134,228fad0be7717a8cc6c608e9f62d24ea8bcae2d9,tests/unit/test_fun_00402b10.cpp,decomp/evidence/fun_00402b10.md,recursive node/table registration pass with reset key and 0x200 capacity guard; PR #134 CI 5/5 PASS
FUN_00402DF0,0x00402DF0,0x00002DF0,.text,128,FUN_00402DF0,,ACTIVE,HIGH,true,true,false,false,false,false,false,thiscall,void,FUN_00402DF0_Object& object; std::int32_t selector,FUN_00402DF0_Object*,UNKNOWN,Registry,src/recovered/fun_00402560.cpp,coordinator,SEQ-00402DF0,#137,e466239131346228999c79d716657d2acf879b44,tests/unit/test_fun_00402560.cpp,decomp/evidence/fun_00402df0.md,formatted registry dispatch wrapper using this+0x54 name buffer active-name fallback and optional resolved-object activation; PR #137 CI 5/5 PASS
FUN_00402E70,0x00402E70,0x00002E70,.text,336,FUN_00402E70,,ACTIVE,HIGH,true,true,false,false,false,false,false,thiscall,bool,FUN_00402DF0_Object& object; std::int32_t filter,FUN_00402DF0_Object*,UNKNOWN,Registry,src/recovered/fun_00402560.cpp,coordinator,SEQ-00402E70,#137,e466239131346228999c79d716657d2acf879b44,tests/unit/test_fun_00402560.cpp,decomp/evidence/fun_00402e70.md,list iterator/state-machine label selector with linked-node advancement filter matching and decimal slot parsing; PR #137 CI 5/5 PASS
FUN_00402FC0,0x00402FC0,0x00002FC0,.text,400,FUN_00402FC0,,ACTIVE,HIGH,true,true,false,false,false,false,false,thiscall,bool,FUN_00402DF0_Object& object,FUN_00402DF0_Object*,UNKNOWN,Registry,src/recovered/fun_00402560.cpp,coordinator,SEQ-00402FC0,#140,293d8b620d8a16280086759a84d7cf1d189daf1d,tests/unit/test_fun_00402560.cpp,decomp/evidence/fun_00402fc0.md,four-state registry dispatch machine with active-name probe pending-label submission registry activation and transition polling; PR #140 CI 5/5 PASS
FUN_00403150,0x00403150,0x00003150,.text,1264,FUN_00403150,,ACTIVE,HIGH,true,true,false,false,false,false,false,cdecl,void,const char* base_path; const char* key; void* root_context,,UNKNOWN,Resource,src/recovered/fun_00403150.cpp,coordinator,SEQ-00403150,#143,c64e2e7f3925df4ef68efed1987e41c316297251,tests/unit/test_fun_00403150.cpp,decomp/evidence/fun_00403150.md,recursive resource walker with opener iterator dot-entry filtering child path formatting recursive descent leaf resolution and activation; PR #143 CI 5/5 PASS
FUN_00403640,0x00403640,0x00003640,.text,1200,FUN_00403640,,ACTIVE,HIGH,true,true,false,false,false,false,false,thiscall,void,void* object; const void* handle; const char* base_path; const char* key,void*,UNKNOWN,Resource,src/recovered/fun_00403640.cpp,coordinator,SEQ-00403640,#146,45f9248df51f4d95e028176cbbded6f3c3ac76e6,tests/unit/test_fun_00403640.cpp,decomp/evidence/fun_00403640.md,registry-backed recursive resource binder with handle validation root opening registry ensure dot-entry filtering recursive descent leaf lookup and bind side effect; PR #146 CI 5/5 PASS
FUN_00403AF0,0x00403AF0,0x00003AF0,.text,1120,FUN_00403AF0,,ACTIVE,HIGH,true,true,false,false,false,false,false,thiscall,void,FUN_00403AF0_NameRef* name,void*,UNKNOWN,Resource,src/recovered/fun_00403af0.cpp,coordinator,SEQ-00403AF0,#149,2c378d4a85eaf4a69c4c8b8a57ed5faf748dc1e7,tests/unit/test_fun_00403af0.cpp,decomp/evidence/fun_00403af0.md,registry-table resource scanner with name validation registry ensure dot-entry filtering recursive descent table lookup bind and missing-report side effects; PR #149 CI 5/5 PASS
FUN_00403F50,0x00403F50,0x00003F50,.text,3856,FUN_00403F50,,ACTIVE,HIGH,true,true,false,false,false,false,false,thiscall,void,FUN_00403F50_Object& object,FUN_00403F50_Object*,UNKNOWN,Resource,src/recovered/fun_00403f50.cpp,coordinator,SEQ-00403F50,#152,78cc0075ff03ceb013705dfa6f89ce7127af9042,tests/unit/test_fun_00403f50.cpp,decomp/evidence/fun_00403f50.md,resource scan batch initializer with 0x130 state allocation repeated FUN_00403640-style grouped scans and owner state cleanup; PR #152 CI 5/5 PASS
FUN_00404E60,0x00404E60,0x00004E60,.text,304,FUN_00404E60,,ACTIVE,HIGH,true,true,false,false,false,false,false,thiscall,bool,FUN_00404E60_Object& object,FUN_00404E60_Object*,UNKNOWN,Resource,src/recovered/fun_00404e60.cpp,coordinator,SEQ-00404E60,#155,7359d058e7efc9439775808672cabdc819aa4989,tests/unit/test_fun_00404e60.cpp,decomp/evidence/fun_00404e60.md,effect resource scan dispatcher for six FUN_00403640-style keys under active-name \\effect root; PR #155 CI 5/5 PASS
FUN_00404F90,0x00404F90,0x00004F90,.text,1920,FUN_00404F90,,ACTIVE,HIGH,true,true,false,false,false,false,false,cdecl,void,void,void,UNKNOWN,Resource,src/recovered/fun_00404f90.cpp,coordinator,SEQ-00404F90,#158,5e4fd0b32f2c9270ca6804447812a2cda6c7ee15,tests/unit/test_fun_00404f90.cpp,decomp/evidence/fun_00404f90.md,table-driven registration candidate block with 48 pair entries marker calls group registration and documented internal aligned helper range before 0x00405710; PR #158 CI 5/5 PASS
FUN_00405710,0x00405710,0x00005710,.text,544,FUN_00405710,,ACTIVE,HIGH,true,false,false,false,false,false,false,cdecl,void,FUN_00405710_Request& request,void,UNKNOWN,Resource,src/recovered/fun_00405710.cpp,coordinator,SEQ-00405710,,,tests/unit/test_fun_00405710.cpp,decomp/evidence/fun_00405710.md,guarded request child registration pass with formatted paths special global registration child readiness two-pass batch processing entry bind and global flag restore
FUN_00405930,0x00405930,0x00005930,.text,304,FUN_00405930,,ACTIVE,HIGH,true,true,false,false,false,false,false,thiscall,bool,FUN_00405930_Object& object,FUN_00405930_Object*,UNKNOWN,Resource,src/recovered/fun_00405930.cpp,coordinator,SEQ-00405930,#172,b4481a234514e9e47f863d2f33072b3a8bf86473,tests/unit/test_fun_00405930.cpp,decomp/evidence/fun_00405930.md,three-state node conversion worker with counted table allocation convert-message submission FUN_00405710 processing and early completion cleanup; PR #172 CI 5/5 PASS
FUN_00405BD0,0x00405BD0,0x00005BD0,.text,544,FUN_00405BD0,,ACTIVE,HIGH,true,true,false,false,false,false,false,cdecl,void,std::uint32_t message_index,void,UNKNOWN,Resource,src/recovered/fun_00405bd0.cpp,coordinator,SEQ-00405BD0,#162,1c4a6cb58619689f43afab899afc5f824e048226,tests/unit/test_fun_00405bd0.cpp,decomp/evidence/fun_00405bd0.md,temporary message index and loading-state swap with optional archive preflight nine-entry message registration batch early cleanup path and exact state restoration; PR #162 CI 5/5 PASS
FUN_00405DF0,0x00405DF0,0x00005DF0,.text,533,FUN_00405DF0,,ACTIVE,HIGH,true,true,false,false,false,false,false,cdecl,void,std::uint32_t selector,void,UNKNOWN,Resource,src/recovered/fun_00405df0.cpp,coordinator,SEQ-00405DF0,#164,151ee48c5f3ef44c0d32e0006373e7c0bee98be2,tests/unit/test_fun_00405df0.cpp,decomp/evidence/fun_00405df0.md,message-resource registration batch under temporary selector with exact nine table entries special registration cancel cleanup and global state restoration; PR #164 CI 5/5 PASS
FUN_00405A60,0x00405A60,0x00005A60,.text,368,FUN_00405A60,,ACTIVE,HIGH,true,true,false,false,false,false,false,cdecl,void,void,void,UNKNOWN,Resource,src/recovered/fun_00405a60.cpp,coordinator,SEQ-00405A60,#169,4ff96307fac4ebb8a4481f79e1cc9f81df22c1e1,tests/unit/test_fun_00405a60.cpp,decomp/evidence/fun_00405a60.md,static six-entry resource registration pass with archive preflight early cancel loading-state preservation suppressor-aware bind and trace markers; PR #169 CI 5/5 PASS
FUN_004064E0,0x004064E0,0x000064E0,.text,33,FUN_004064E0,,ACTIVE,HIGH,true,true,false,false,false,false,false,cdecl,void,std::uint32_t selector,void,UNKNOWN,Resource,src/recovered/fun_004064e0.cpp,coordinator,SEQ-004064E0,#174,dcbf0ac0fa50d1581f9eb3396910d980fff510d9,tests/unit/test_fun_004064e0.cpp,decomp/evidence/fun_004064e0.md,GameResource forwarding wrapper to separately assigned 0x004061F0 with exact archive literal and 15/7 table tokens; PR #174 CI 5/5 PASS
FUN_00406010,0x00406010,0x00006010,.text,467,FUN_00406010,,ACTIVE,HIGH,true,true,false,false,false,false,false,cdecl,void,const char* base_path; const char* key; const char* extension,void,UNKNOWN,Resource,src/recovered/fun_00406010.cpp,coordinator,SEQ-00406010,#176,5b516c943a6e225d66638905842d332586889ff8,tests/unit/test_fun_00406010.cpp,decomp/evidence/fun_00406010.md,recursive convertDir resource walker with wildcard scan dot-entry filtering extension-token truncation resolve/create suppressor gates and registration sink; PR #176 CI 5/5 PASS
FUN_00406510,0x00406510,0x00006510,.text,33,FUN_00406510,,ACTIVE,HIGH,true,true,false,false,false,false,false,cdecl,void,std::uint32_t selector,void,UNKNOWN,Resource,src/recovered/fun_00406510.cpp,coordinator,SEQ-00406510,#180,d9a8c5100d3850bd1445b96dea555f0e2aa0327c,tests/unit/test_fun_00406510.cpp,decomp/evidence/fun_00406510.md,ShowGameResource forwarding wrapper to separately assigned 0x004061F0 with exact archive literal and 13/5 table tokens; PR #180 CI 5/5 PASS
FUN_004061F0,0x004061F0,0x000061F0,.text,656,FUN_004061F0,,ACTIVE,HIGH,true,true,false,false,false,false,false,cdecl,void,std::int32_t message_index; const char* archive_resource; const FUN_004061F0_Entry* direct_entries; std::int32_t direct_count; const FUN_004061F0_Entry* resolved_entries; std::int32_t resolved_count,,UNKNOWN,Resource,src/recovered/fun_004061f0.cpp,coordinator,SEQ-004061F0,#181,0a08af19efbd4c5387706ab5b6178537e73adfdc,tests/unit/test_fun_004061f0.cpp,decomp/evidence/fun_004061f0.md,general archive resource registration helper with optional indexed path resolution two entry tables early archive-cancel cleanup and exact state restoration; PR #181 CI 5/5 PASS
FUN_00406540,0x00406540,0x00006540,.text,33,FUN_00406540,,ACTIVE,HIGH,true,true,false,false,false,false,false,cdecl,void,std::uint32_t selector,void,UNKNOWN,Resource,src/recovered/fun_00406540.cpp,coordinator,SEQ-00406540,#184,90444724ef6040379b990c1c6c4116bf910bd0a0,tests/unit/test_fun_00406540.cpp,decomp/evidence/fun_00406540.md,Game2Resource forwarding wrapper to separately assigned 0x004061F0 with exact archive literal and 2/5 table tokens; PR #184 CI 5/5 PASS
FUN_00406570,0x00406570,0x00006570,.text,42,FUN_00406570,,ACTIVE,HIGH,true,true,false,false,false,false,false,cdecl,void,void,,UNKNOWN,Resource,src/recovered/fun_00406570.cpp,coordinator,SEQ-00406570,#190,ee9c21c57dba196b881d2c7df84235ffd826e327,tests/unit/test_fun_00406570.cpp,decomp/evidence/fun_00406570.md,TitleResource registration wrapper with leading marker log and exact -1 message index 24-entry direct table no resolved entries forwarding to FUN_004061F0; PR #190 CI 5/5 PASS
FUN_004065A0,0x004065A0,0x000065A0,.text,42,FUN_004065A0,,ACTIVE,HIGH,true,true,false,false,false,false,false,cdecl,void,void,void,UNKNOWN,Resource,src/recovered/fun_004065a0.cpp,coordinator,SEQ-004065A0,#194,6d8f0b34fedac6e2400375631e22356d10da8aad,tests/unit/test_fun_004065a0.cpp,decomp/evidence/fun_004065a0.md,Title2Resource fixed -1 forwarding wrapper with diagnostic marker exact two-entry direct table and no resolved table; PR #194 CI 5/5 PASS
FUN_004065D0,0x004065D0,0x000065D0,.text,42,FUN_004065D0,,ACTIVE,HIGH,true,true,false,false,false,false,false,cdecl,void,void,,UNKNOWN,Resource,src/recovered/fun_004065d0.cpp,coordinator,SEQ-004065D0,#197,2a22e0775881a21fc167cd6384ee3dd6ba6d376f,tests/unit/test_fun_004065d0.cpp,decomp/evidence/fun_004065d0.md,ShowTitleResource fixed -1 forwarding wrapper with diagnostic marker exact five-entry direct table and no resolved table; PR #197 CI 5/5 PASS
FUN_00406600,0x00406600,0x00006600,.text,27,FUN_00406600,,ACTIVE,HIGH,true,true,false,false,false,false,false,cdecl,void,void,void,UNKNOWN,Resource,src/recovered/fun_00406600.cpp,coordinator,SEQ-00406600,#199,e621a22d8b0a03c3a07335092353c68d71446ba5,tests/unit/test_fun_00406600.cpp,decomp/evidence/fun_00406600.md,MenuResource fixed -1 forwarding wrapper with exact 22-entry direct table no resolved entries; PR #199 CI 5/5 PASS
FUN_00406620,0x00406620,0x00006620,.text,27,FUN_00406620,,ACTIVE,HIGH,true,true,false,false,false,false,false,cdecl,void,void,void,UNKNOWN,Resource,src/recovered/fun_00406620.cpp,coordinator,SEQ-00406620,#202,f605689055793132eb06275b0bb942ebd60c6448,tests/unit/test_fun_00406620.cpp,decomp/evidence/fun_00406620.md,Menu2Resource fixed -1 forwarding wrapper with exact two-entry direct table and no resolved table; PR #202 CI 5/5 PASS
FUN_004066C0,0x004066C0,0x000066C0,.text,27,FUN_004066C0,,ACTIVE,HIGH,true,true,false,false,false,false,false,cdecl,void,void,void,UNKNOWN,Resource,src/recovered/fun_004066c0.cpp,coordinator,SEQ-004066C0,#206,c80b30865fe79ac232f63b7add9f60e023eb0f04,tests/unit/test_fun_004066c0.cpp,decomp/evidence/fun_004066c0.md,VersusResource fixed -1 forwarding wrapper with exact nine-entry direct table and no resolved table; PR #206 CI 5/5 PASS
FUN_00406680,0x00406680,0x00006680,.text,27,FUN_00406680,,ACTIVE,HIGH,true,true,false,false,false,false,false,cdecl,void,void,void,UNKNOWN,Resource,src/recovered/fun_00406680.cpp,coordinator,SEQ-00406680,#205,deb873467afe1ac8f226aff7ad064de075b80f72,tests/unit/test_fun_00406680.cpp,decomp/evidence/fun_00406680.md,ShopResource fixed -1 forwarding wrapper with exact three-entry direct table and no resolved table; caller also aliases Shop2Resource to this wrapper; PR #205 CI 5/5 PASS
FUN_004066E0,0x004066E0,0x000066E0,.text,27,FUN_004066E0,,ACTIVE,HIGH,true,true,false,false,false,false,false,cdecl,void,void,void,UNKNOWN,Resource,src/recovered/fun_004066e0.cpp,coordinator,SEQ-004066E0,#214,454d328671f10c83db6468366bcd883f5e36dfc1,tests/unit/test_fun_004066e0.cpp,decomp/evidence/fun_004066e0.md,MerceResource fixed -1 forwarding wrapper with exact eight-entry direct table and no resolved table; PR #214 CI 5/5 PASS
FUN_00406700,0x00406700,0x00006700,.text,27,FUN_00406700,,ACTIVE,HIGH,true,true,false,false,false,false,false,cdecl,void,void,void,UNKNOWN,Resource,src/recovered/fun_00406700.cpp,coordinator,SEQ-00406700,#216,078533e7820d6be8eae6e34b4ea0926fed6bb813,tests/unit/test_fun_00406700.cpp,decomp/evidence/fun_00406700.md,Extra1Resource fixed -1 forwarding wrapper with exact twenty-entry direct table and no resolved table; PR #216 CI 5/5 PASS
FUN_00406720,0x00406720,0x00006720,.text,27,FUN_00406720,,ACTIVE,HIGH,true,true,false,false,false,false,false,cdecl,void,void,void,UNKNOWN,Resource,src/recovered/fun_00406720.cpp,coordinator,SEQ-00406720,#220,b65ff831479bd90734afe6e340bc9bc5de44efe4,tests/unit/test_fun_00406720.cpp,decomp/evidence/fun_00406720.md,Extra2Resource fixed -1 forwarding wrapper with exact eighteen-entry direct table and no resolved table; PR #220 CI 5/5 PASS
FUN_00406740,0x00406740,0x00006740,.text,27,FUN_00406740,,ACTIVE,HIGH,true,true,false,false,false,false,false,cdecl,void,void,void,UNKNOWN,Resource,src/recovered/fun_00406740.cpp,coordinator,SEQ-00406740,#224,75f0b7999fde8a65f2c106e3c873cd71f82c17bf,tests/unit/test_fun_00406740.cpp,decomp/evidence/fun_00406740.md,Extra1End fixed -1 forwarding wrapper with exact two-entry direct table and no resolved table; PR #224 CI 5/5 PASS
FUN_00406760,0x00406760,0x00006760,.text,27,FUN_00406760,,ACTIVE,HIGH,true,true,false,false,false,false,false,cdecl,void,void,void,UNKNOWN,Resource,src/recovered/fun_00406760.cpp,coordinator,SEQ-00406760,#227,57ba3a7e04f95c9f2fdec0c74a37217c6181ed03,tests/unit/test_fun_00406760.cpp,decomp/evidence/fun_00406760.md,Extra2End fixed -1 forwarding wrapper with exact two-entry direct table and no resolved table; PR #227 CI 5/5 PASS
FUN_00406780,0x00406780,0x00006780,.text,27,FUN_00406780,,ACTIVE,HIGH,true,true,false,false,false,false,false,cdecl,void,void,void,UNKNOWN,Resource,src/recovered/fun_00406780.cpp,coordinator,SEQ-00406780,#231,db9265f2aaee5f0aa0fe09d50d6f24fba0438721,tests/unit/test_fun_00406780.cpp,decomp/evidence/fun_00406780.md,Merce2Resource fixed -1 forwarding wrapper with exact thirteen-entry direct table and no resolved table; PR #231 CI 5/5 PASS
FUN_004067A0,0x004067A0,0x000067A0,.text,27,FUN_004067A0,,ACTIVE,HIGH,true,true,false,false,false,false,false,cdecl,void,void,void,UNKNOWN,Resource,src/recovered/fun_004067a0.cpp,coordinator,SEQ-004067A0,#234,a88b1c0edb4daf65e5c3084de7f3be80f6dab705,tests/unit/test_fun_004067a0.cpp,decomp/evidence/fun_004067a0.md,RecordResource fixed -1 forwarding wrapper with exact one-entry direct table and no resolved table; no direct CALL rel32 caller in .text; PR #234 CI 5/5 PASS
FUN_004067C0,0x004067C0,0x000067C0,.text,27,FUN_004067C0,,ACTIVE,HIGH,true,true,false,false,false,false,false,cdecl,void,void,void,UNKNOWN,Resource,src/recovered/fun_004067c0.cpp,coordinator,SEQ-004067C0,#237,6917f76e646a628bb0f37e8058a60dd809597bff,tests/unit/test_fun_004067c0.cpp,decomp/evidence/fun_004067c0.md,ViewerResource fixed -1 forwarding wrapper with exact five-entry direct table and no resolved table; PR #237 CI 5/5 PASS
FUN_00406800,0x00406800,0x00006800,.text,27,FUN_00406800,,ACTIVE,HIGH,true,true,false,false,false,false,false,cdecl,void,void,void,UNKNOWN,Resource,src/recovered/fun_00406800.cpp,coordinator,SEQ-00406800,#241,9da285639e5c25b3ecae05cce4d6affb4c3551d8,tests/unit/test_fun_00406800.cpp,decomp/evidence/fun_00406800.md,CreditResource fixed -1 forwarding wrapper with exact one-entry direct table and no resolved table; PR #241 CI 5/5 PASS
FUN_00406820,0x00406820,0x00006820,.text,27,FUN_00406820,,ACTIVE,HIGH,true,true,false,false,false,false,false,cdecl,void,void,void,UNKNOWN,Resource,src/recovered/fun_00406820.cpp,coordinator,SEQ-00406820,#247,69e69f78cb6b7d4f012a85532761d54079496ddc,tests/unit/test_fun_00406820.cpp,decomp/evidence/fun_00406820.md,Credit2Resource fixed -1 forwarding wrapper with exact one-entry direct table and no resolved table; exactly one direct CALL rel32 caller at 0x00509D29; PR #247 CI 5/5 PASS
FUN_004067E0,0x004067E0,0x000067E0,.text,27,FUN_004067E0,,ACTIVE,HIGH,true,true,false,false,false,false,false,cdecl,void,void,void,UNKNOWN,Resource,src/recovered/fun_004067e0.cpp,coordinator,SEQ-004067E0,#251,b5cc90ae5739aceb7736c277ed995c4428b05e9d,tests/unit/test_fun_004067e0.cpp,decomp/evidence/fun_004067e0.md,FigureResource fixed -1 forwarding wrapper with exact seven-entry direct table and no resolved table; direct caller 0x00509CC6; PR #251 CI 5/5 PASS
FUN_00406840,0x00406840,0x00006840,.text,41,FUN_00406840,,ACTIVE,HIGH,true,true,false,false,false,false,false,cdecl,void,uint32_t chapter_index,void,UNKNOWN,Resource,src/recovered/fun_00406840.cpp,coordinator,SEQ-00406840,#254,b0f0b97ba37b698442aa4f633d25d0224ff7e4df,tests/unit/test_fun_00406840.cpp,decomp/evidence/fun_00406840.md,ChapterEnd indexed fixed -1 forwarding wrapper with sixteen archive variants and exact two-entry direct tables; 16 direct callers pass indices 0..15; PR #254 CI 5/5 PASS
FUN_004068A0,0x004068A0,0x000068A0,.text,41,FUN_004068A0,,ACTIVE,HIGH,true,true,false,false,false,false,false,cdecl,void,uint32_t result_index,void,UNKNOWN,Resource,src/recovered/fun_004068a0.cpp,coordinator,SEQ-004068A0,#257,a0cec16270a4e13adda6a3b5eaae97cf3339e59f,tests/unit/test_fun_004068a0.cpp,decomp/evidence/fun_004068a0.md,MerceResult01-08 indexed -1 forwarding wrapper with exact eight archive pointers and two-entry direct-table stride; observed direct callers pass indices 0..7; PR #257 CI 5/5 PASS
FUN_004068D0,0x004068D0,0x000068D0,.text,27,FUN_004068D0,,ACTIVE,HIGH,true,true,false,false,false,false,false,cdecl,void,void,void,UNKNOWN,Resource,src/recovered/fun_004068d0.cpp,coordinator,SEQ-004068D0,#259,01b3f7d87e7191756b4e5e66d811c0ede6271435,tests/unit/test_fun_004068d0.cpp,decomp/evidence/fun_004068d0.md,BenchResource fixed -1 forwarding wrapper with exact two-entry direct table and no resolved table; exactly one direct CALL rel32 caller at 0x00509A7D; PR #259 CI 5/5 PASS
FUN_00406870,0x00406870,0x00006870,.text,41,FUN_00406870,,ACTIVE,HIGH,true,true,false,false,false,false,false,cdecl,void,std::uint32_t variant,void,UNKNOWN,Resource,src/recovered/fun_00406870.cpp,coordinator,SEQ-00406870,#264,863d3bda66c16a0d604d0c018774a995cf367202,tests/unit/test_fun_00406870.cpp,decomp/evidence/fun_00406870.md,VersusResult01-08 selector forwarding wrapper with eight archive-name pointers and exact two-entry direct tables; eight direct callers push variants 0..7; PR #264 CI 5/5 PASS
FUN_00406910,0x00406910,0x00006910,.text,446,FUN_00406910,,ACTIVE,HIGH,true,true,false,false,false,false,false,cdecl,void,int32_t stage_id,void,UNKNOWN,Resource,src/recovered/fun_00406910.cpp,coordinator,SEQ-00406910,#268,53ba2d7dcdecb1a52dfdd681be37be4fc55c1312,tests/unit/test_fun_00406910.cpp,decomp/evidence/fun_00406910.md,"Merce-DC stage conversion worker for exact stage range 0x190..0x197 with archive prepare/early-complete branch, sound registration, three recursive directory conversions, and exact mode save/restore; PR #268 CI 5/5 PASS"
FUN_00406B20,0x00406B20,0x00006B20,.text,381,FUN_00406B20,,ACTIVE,HIGH,true,true,false,false,false,false,false,cdecl,void,void,void,UNKNOWN,Resource,src/recovered/fun_00406b20.cpp,coordinator,SEQ-00406B20,#271,b51a130253c16de340197c07678465cce5949dbf,tests/unit/test_fun_00406b20.cpp,decomp/evidence/fun_00406b20.md,LoadResource batch coordinator with exact 13-entry table; special-path native early exit; eleven trailing FUN_00405BD0 calls; PR #271 CI 5/5 PASS
FUN_00406CA0,0x00406CA0,0x00006CA0,.text,41,FUN_00406CA0,,ACTIVE,HIGH,true,true,false,false,false,false,false,cdecl,void,void,void,UNKNOWN,Resource,src/recovered/fun_00406ca0.cpp,coordinator,SEQ-00406CA0,#275,ad914d99e95aa5e4f265a17259963e24f559fe28,tests/unit/test_fun_00406ca0.cpp,decomp/evidence/fun_00406ca0.md,Game2Resource message-index loop dispatching exact indices 0..10 with fixed two-entry direct table and five-entry resolved table; PR #275 CI 5/5 PASS
FUN_00406CD0,0x00406CD0,0x00006CD0,.text,209,FUN_00406CD0,,ACTIVE,HIGH,true,true,false,false,false,false,false,cdecl,void,void,void,UNKNOWN,Resource,src/recovered/fun_00406cd0.cpp,coordinator,SEQ-00406CD0,#278,d39120c06f32d9e60da410be5db3245159ed471f,tests/unit/test_fun_00406cd0.cpp,decomp/evidence/fun_00406cd0.md,batch resource registration routine with diagnostic marker and eight exact FUN_004061F0 dispatch groups; four direct callers; native body has no conditional branch; PR #278 CI 5/5 PASS
FUN_00406DB0,0x00406DB0,0x00006DB0,.text,366,FUN_00406DB0,,ACTIVE,HIGH,true,true,false,false,false,false,false,cdecl,void,void,void,UNKNOWN,Resource,src/recovered/fun_00406db0.cpp,coordinator,SEQ-00406DB0,#281,4076aba392ce43cbd9ba03b4fb01f1007f5b281b,tests/unit/test_fun_00406db0.cpp,decomp/evidence/fun_00406db0.md,"Resource bootstrap sequence: fixed archive groups, message selectors 0..10, Game2Resource load, music tree scan, and trace markers; PR #281 CI 5/5 PASS"
FUN_00407250,0x00407250,0x00007250,.text,207,FUN_00407250,,ACTIVE,HIGH,true,true,false,false,false,false,false,cdecl,void,void,void,UNKNOWN,Resource,src/recovered/fun_00407250.cpp,coordinator,SEQ-00407250,#285,747cc4743b97b72a55a5eaaf273b0295c06095de,tests/unit/test_fun_00407250.cpp,decomp/evidence/fun_00407250.md,Resource dispatch coordinator with exact 44-call sequence across GameResource chapter versus merce and BenchResource tables; PR #285 CI 5/5 PASS
FUN_00407A30,0x00407A30,0x00007A30,.text,64,FUN_00407A30,,ACTIVE,HIGH,true,true,false,false,false,false,false,thiscall,void,FUN_00407A30_Object& object,FUN_00407A30_Object*,UNKNOWN,Resource,src/recovered/fun_00407a30.cpp,coordinator,SEQ-00407A30,#289,02ea4ec3c99dbe6bd66627500f0e6b1eacee48be,tests/unit/test_fun_00407a30.cpp,decomp/evidence/fun_00407a30.md,resource-conversion phase helper over this+0x28 with marker/increment states 0-2 state-3 batch plus opaque manager vslot dispatch and no-op states above 3; PR #289 CI 5/5 PASS
FUN_00407AF0,0x00407AF0,0x00007AF0,.text,23,FUN_00407AF0,,ACTIVE,HIGH,true,true,false,false,false,false,false,thiscall,FUN_00407AF0_Object*,const FUN_00407AF0_Object& source,FUN_00407AF0_Object*,UNKNOWN,Runtime,src/recovered/fun_00407af0.cpp,coordinator,SEQ-00407AF0,#297,3202f2336d2e23f4ce8873d2e7ed015152207d6e,tests/unit/test_fun_00407af0.cpp,decomp/evidence/fun_00407af0.md,"std::bad_alloc copy-constructor wrapper: calls std::exception base copy at 0x01251B8B, installs RTTI-proven vtable 0x01541F48, returns this; entry referenced by exception metadata at 0x01563F4C; PR #297 CI 5/5 PASS"
FUN_00407B10,0x00407B10,0x00007B10,.text,32,FUN_00407B10,,ACTIVE,HIGH,true,true,false,false,false,false,false,thiscall,void,FUN_00407B10_Object& object,FUN_00407B10_Object*,UNKNOWN,Threading,src/recovered/fun_00407b10.cpp,coordinator,SEQ-00407B10,#303,64da44362c17fac4ef011d3718e8e765db8efa8a,tests/unit/test_fun_00407b10.cpp,decomp/evidence/fun_00407b10.md,conditional EnterCriticalSection wrapper over this+4 gated by this+0x1C or global byte 0x016E2090; PR #303 CI 5/5 PASS
FUN_00407C00,0x00407C00,0x00007C00,.text,56,FUN_00407C00,,ACTIVE,HIGH,true,true,false,false,false,false,false,thiscall,FUN_00407C00_Object*,const FUN_00407C00_Key& key,FUN_00407C00_Object*,UNKNOWN,Runtime,src/recovered/fun_00407c00.cpp,coordinator,SEQ-00407C00,#311,6462ab5c952ac1fca1856ea487ab744654d8327c,tests/unit/test_fun_00407c00.cpp,decomp/evidence/fun_00407c00.md,linked-chain key lookup via vslot +0x10 comparing key/node +0x04 and advancing node+0x10; returns this on match and null on exhaustion; 974 decoded direct CALL/JMP references; PR #311 CI 5/5 PASS
FUN_00407A70,0x00407A70,0x00007A70,.text,32,FUN_00407A70,,ACTIVE,HIGH,true,true,false,false,false,false,false,thiscall,std::int32_t,const FUN_00407A70_Object& object,const FUN_00407A70_Object*,UNKNOWN,Runtime,src/recovered/fun_00407a70.cpp,coordinator,SEQ-00407A70,#324,fd067180d12ea934b9e3ec6777d66942fcb4843a,tests/unit/test_fun_00407a70.cpp,decomp/evidence/fun_00407a70.md,compact four-byte-element count helper: null begin returns 0; otherwise arithmetic signed (end-begin)>>2 over 32-bit dwords; PR #324 CI 5/5 PASS
FUN_00407B30,0x00407B30,0x00007B30,.text,32,FUN_00407B30,,ACTIVE,HIGH,true,true,false,false,false,false,false,thiscall,void,FUN_00407B30_Object& object,FUN_00407B30_Object*,UNKNOWN,Threading,src/recovered/fun_00407b30.cpp,coordinator,SEQ-00407B30,#326,76d349e06a438ce36a15b80189ec3af4e5059a02,tests/unit/test_fun_00407b30.cpp,decomp/evidence/fun_00407b30.md,conditional LeaveCriticalSection wrapper over this+4 gated by this+0x1C or global byte 0x016E2090; PR #326 CI 5/5 PASS
FUN_00407A90,0x00407A90,0x00007A90,.text,90,FUN_00407A90,,ACTIVE,HIGH,true,true,false,false,false,false,false,cdecl,void*,"std::uint32_t requested_size, const void* unused_type_tag",,UNKNOWN,Memory,src/recovered/fun_00407a90.cpp,coordinator,SEQ-00407A90,#329,ae0a8ca259c311595242533a6ac8b3f7f0f8fece,tests/unit/test_fun_00407a90.cpp,decomp/evidence/fun_00407a90.md,"32-bit aligned allocation adapter: ignores second type-tag argument, preserves native UINT32_MAX/requested_size guard, tail-forwards size with 0x10 alignment to 0x01251471; RTTI error path is std::bad_alloc; direct caller at 0x00407E77; PR #329 CI 5/5 PASS"
FUN_00407B70,0x00407B70,0x00007B70,.text,20,FUN_00407B70,,ACTIVE,HIGH,true,true,false,false,false,false,false,thiscall,uint32_t,const FUN_00407B70_Object& object,const FUN_00407B70_Object*,UNKNOWN,UNKNOWN,src/recovered/fun_00407b70.cpp,coordinator,SEQ-00407B70,#333,822a25a04e055783e7c1e27ef9773f691ced9f3d,tests/unit/test_fun_00407b70.cpp,decomp/evidence/fun_00407b70.md,nullable this+0x102C address accessor returning value+8 or exact fallback 0x0137AA5C; 20-byte body; direct CALL evidence; PR #333 CI 5/5 PASS
FUN_00407BC0,0x00407BC0,0x00007BC0,.text,49,FUN_00407BC0,,ACTIVE,HIGH,true,true,false,false,false,false,false,thiscall,bool,const FUN_00407BC0_Key& key,FUN_00407BC0_Object*,UNKNOWN,Runtime,src/recovered/fun_00407bc0.cpp,coordinator,SEQ-00407BC0,#336,cc0da68e7377c334de819831a9fc964eab2c0a3c,tests/unit/test_fun_00407bc0.cpp,decomp/evidence/fun_00407bc0.md,linked-chain boolean membership test via vslot +0x10 comparing key/node +0x04 and advancing node+0x10; returns true in AL on first match and false on exhaustion; 566 direct rel32 transfers; PR #336 CI 5/5 PASS
FUN_00407B50,0x00407B50,0x00007B50,.text,20,FUN_00407B50,,ACTIVE,HIGH,true,true,false,false,false,false,false,thiscall,uint32_t,const FUN_00407B50_Object& object,const FUN_00407B50_Object*,UNKNOWN,UNKNOWN,src/recovered/fun_00407b50.cpp,coordinator,SEQ-00407B50,#323,2d11460a43a57cfa570f68618e42417050d4bc53,tests/unit/test_fun_00407b50.cpp,decomp/evidence/fun_00407b50.md,nullable this+0x1028 address accessor returning value+8 or exact fallback 0x0137AA5C; 20-byte body; many direct callers; PR #323 CI 5/5 PASS
FUN_00407C40,0x00407C40,0x00007C40,.text,19,FUN_00407C40,,ACTIVE,HIGH,true,true,false,false,false,false,false,thiscall,FUN_00407C40_Object*,const char* input,FUN_00407C40_Object*,UNKNOWN,Strings,src/recovered/fun_00407c40.cpp,coordinator,SEQ-00407C40,#339,f166f6d6b1f33524b853b381351aa22375c5bb68,tests/unit/test_fun_00407c40.cpp,decomp/evidence/fun_00407c40.md,19-byte wrapper constructor forwarding const char* to recovered FUN_00402360 refcounted-string holder and returning this; one direct caller at 0x0084F28B; PR #339 CI 5/5 PASS
FUN_00407C60,0x00407C60,0x00007C60,.text,109,FUN_00407C60,,ACTIVE,HIGH,true,true,false,false,false,false,false,cdecl,FUN_00402360_String*,"FUN_00402360_String& destination; const char* format; ...",,UNKNOWN,Strings,src/recovered/fun_00407c60.cpp,coordinator,SEQ-00407C60,#343,506ef5acab8b99a6fad67bb78a26af1aa892a890,tests/unit/test_fun_00407c60.cpp,decomp/evidence/fun_00407c60.md,"variadic refcounted-string formatter: 0x400/0x10 scratch allocation, formatting, release/reconstruct destination, scratch free; 109-byte body; 326 direct references; PR #343 CI 5/5 PASS"
FUN_00407CD0,0x00407CD0,0x00007CD0,.text,31,FUN_00407CD0,,ACTIVE,HIGH,true,true,false,false,false,false,false,thiscall,void,FUN_00407CD0_Object& object,FUN_00407CD0_Object*,UNKNOWN,Strings,src/recovered/fun_00407cd0.cpp,coordinator,SEQ-00407CD0,#346,8d6b84d44fcb9ce46dfbcc57f1b747511a8089b0,tests/unit/test_fun_00407cd0.cpp,decomp/evidence/fun_00407cd0.md,"31-byte refcounted-string release helper: null return, decrement leading refcount, free through allocator 0x01652F28 vslot +0x18 only at zero, holder pointer unchanged; 267 direct calls; PR #346 CI 5/5 PASS"
FUN_00407CF0,0x00407CF0,0x00007CF0,.text,25,FUN_00407CF0,,ACTIVE,HIGH,true,true,false,false,false,false,false,thiscall,FUN_00407CF0_Object*,const char* input,FUN_00407CF0_Object*,UNKNOWN,Strings,src/recovered/fun_00407cf0.cpp,coordinator,SEQ-00407CF0,#349,33a111bf082b9d94076ef6d041b9693b314793a7,tests/unit/test_fun_00407cf0.cpp,decomp/evidence/fun_00407cf0.md,25-byte thiscall refcounted-string wrapper constructor that pre-clears the holder then forwards const char* to FUN_00402360 and returns this; 92 direct calls; PR #349 CI 5/5 PASS
FUN_00407D10,0x00407D10,0x00007D10,.text,118,FUN_00407D10,,ACTIVE,HIGH,true,true,false,false,false,false,false,thiscall,void,const char* suffix,FUN_00402360_String*,UNKNOWN,Strings,src/recovered/fun_00407d10.cpp,coordinator,SEQ-00407D10,#354,6c1e871f12c6e1557b631a7bb50986a34a577bee,tests/unit/test_fun_00407d10.cpp,decomp/evidence/fun_00407d10.md,118-byte refcounted-string append helper using FUN_00402360 temporary and opaque 0x01199FB0 concatenate path; 75 direct calls; PR #354 CI 5/5 PASS
FUN_00407DC0,0x00407DC0,0x00007DC0,.text,75,FUN_00407DC0,,ACTIVE,HIGH,true,true,false,false,false,false,false,thiscall,void,std::uint32_t index; std::uint32_t value,FUN_00407DC0_Object*,UNKNOWN,Threading,src/recovered/fun_00407dc0.cpp,coordinator,SEQ-00407DC0,#357,a45b112e987e1ec7e0b5305b4ceca8c486b205fa,tests/unit/test_fun_00407dc0.cpp,decomp/evidence/fun_00407dc0.md,"75-byte synchronized indexed dword setter: optional Enter/LeaveCriticalSection at this+4 gated by this+0x1C/global 0x016E2090; unconditional store at this+0x34+index*0x5E0; 10 direct calls; PR #357 CI 5/5 PASS"
FUN_00407D90,0x00407D90,0x00007D90,.text,47,FUN_00407D90,,ACTIVE,HIGH,true,true,false,false,false,false,false,thiscall,FUN_00402360_String*,"FUN_00402360_String& destination; const char* suffix",const FUN_00402360_String*,UNKNOWN,Strings,src/recovered/fun_00407d90.cpp,coordinator,SEQ-00407D90,#359,1d8fe55d4867b73c39bc04f444a0931588d45fac,tests/unit/test_fun_00407d90.cpp,decomp/evidence/fun_00407d90.md,"47-byte copy-then-append wrapper: source this payload or exact empty fallback, FUN_00402360 destination construction, FUN_00407D10 suffix append, returns destination; 16 direct calls; PR #359 CI 5/5 PASS"
FUN_00407E10,0x00407E10,0x00007E10,.text,74,FUN_00407E10,,ACTIVE,HIGH,true,true,false,false,false,false,false,thiscall,void,std::uint32_t value,FUN_00407E10_Object*,UNKNOWN,Threading,src/recovered/fun_00407e10.cpp,coordinator,SEQ-00407E10,#362,eee1ef89be4e54b839a3e64ec2a38ce834813280,tests/unit/test_fun_00407e10.cpp,decomp/evidence/fun_00407e10.md,74-byte synchronized current-slot dword setter: optional Enter/LeaveCriticalSection at this+4 gated by this+0x1C/global 0x016E2090; index from this+0x20; unconditional store at this+0x70+index*0x8C74; 3 direct calls; PR #362 CI 5/5 PASS
FUN_00407E70,0x00407E70,0x00007E70,.text,18,FUN_00407E70,,ACTIVE,HIGH,true,true,false,false,false,false,false,thiscall,void*,std::uint32_t requested_size,const FUN_00407E70_Object*,UNKNOWN,Memory,src/recovered/fun_00407e70.cpp,coordinator,SEQ-00407E70,#366,5facb7947567c2adf2e14e7efdb0bb48574ffee5,tests/unit/test_fun_00407e70.cpp,decomp/evidence/fun_00407e70.md,"18-byte thiscall allocation wrapper: ignores this, forwards requested_size unchanged to FUN_00407A90 with null type/tag, propagates returned pointer; 2 direct calls; PR #366 CI 5/5 PASS"
FUN_00407FD0,0x00407FD0,0x00007FD0,.text,108,FUN_00407FD0,,ACTIVE,HIGH,true,true,false,false,false,false,false,thiscall,void,const char* suffix,FUN_00402360_String*,UNKNOWN,Strings,src/recovered/fun_00407fd0.cpp,coordinator,SEQ-00407FD0,#370,959f6e9791f1d5f00ab2a3e6bf0cfd2e7abae09f,tests/unit/test_fun_00407fd0.cpp,decomp/evidence/fun_00407fd0.md,"108-byte refcounted-string append helper: temporary FUN_00402360 construction, null-temporary early exit, adopt-empty destination or concatenate via opaque 0x01199FB0, balanced old/temporary releases; 111 direct calls; PR #370 CI 5/5 PASS"
FUN_00408040,0x00408040,0x00008040,.text,34,FUN_00408040,,ACTIVE,HIGH,true,true,false,false,false,false,false,thiscall,FUN_00402360_String*,FUN_00402360_String& destination; const char* suffix,const FUN_00402360_String*,UNKNOWN,Strings,src/recovered/fun_00408040.cpp,coordinator,SEQ-00408040,#373,34d706481c40922c0995b55fdd0e55b21cb15203,tests/unit/test_fun_00408040.cpp,decomp/evidence/fun_00408040.md,"34-byte copy-and-append wrapper: copies source block pointer into destination, add-ref when non-null, delegates suffix unchanged to recovered FUN_00407FD0, returns destination; 6 direct calls; local tests PASS; PR #373 CI 5/5 PASS"
FUN_00408070,0x00408070,0x00008070,.text,130,FUN_00408070,,ACTIVE,HIGH,true,true,false,false,false,false,false,thiscall,FUN_00408070_String*,"std::uint32_t position; std::uint32_t count",FUN_00408070_String*,UNKNOWN,Strings,src/recovered/fun_00408070.cpp,coordinator,SEQ-00408070,#376,2715973afadcc465361cc5d30ccec19eeb74988d,tests/unit/test_fun_00408070.cpp,decomp/evidence/fun_00408070.md,"130-byte SSO string erase helper: throws std::out_of_range on position>length, clamps count, no-op early exit, overlap-safe tail move, updates length/NUL; 2 direct calls; PR #376 CI 5/5 PASS"
FUN_00408100,0x00408100,0x00008100,.text,323,FUN_00408100,,ACTIVE,HIGH,true,true,false,false,false,false,false,thiscall,void,std::uint32_t requested_capacity; std::uint32_t preserved_size,FUN_00408100_Object*,UNKNOWN,Strings,src/recovered/fun_00408100.cpp,coordinator,SEQ-00408100,#378,5d20f66b8b13acd022f948395e1ff3b74132544b,tests/unit/test_fun_00408100.cpp,decomp/evidence/fun_00408100.md,"323-byte SSO buffer growth helper with aligned/1.5x capacity policy, catch-all exact-capacity retry, checked copy, old-heap release, and double-failure reset/rethrow; 2 direct calls; PR #378 CI 5/5 PASS"
FUN_004082E0,0x004082E0,0x000082E0,.text,217,FUN_004082E0,,ACTIVE,HIGH,true,true,false,false,false,false,false,thiscall,FUN_004082E0_String*,const FUN_004082E0_String& source; std::uint32_t position; std::uint32_t count,FUN_004082E0_String*,UNKNOWN,Strings,src/recovered/fun_004082e0.cpp,coordinator,SEQ-004082E0,#381,df2e85e173672a55767c006ce8a79b65e72271ea,tests/unit/test_fun_004082e0.cpp,decomp/evidence/fun_004082e0.md,"217-byte SSO substring assignment helper: exact position/length exceptions, self-source double-erase path via 8070 semantics, opaque 8100 growth dependency, inline/heap copy and NUL termination; 5 direct calls; PR #381 CI 5/5 PASS"
FUN_004083C0,0x004083C0,0x000083C0,.text,191,FUN_004083C0,,ACTIVE,HIGH,true,true,false,false,false,false,false,thiscall,FUN_004082E0_String*,const char* source; std::uint32_t count,FUN_004082E0_String*,UNKNOWN,Strings,src/recovered/fun_004083c0.cpp,coordinator,SEQ-004083C0,#385,efe0ecf765150793bd9eaf90d7df4800e93270fc,tests/unit/test_fun_004083c0.cpp,decomp/evidence/fun_004083c0.md,"191-byte SSO pointer+length assignment helper: detects self-buffer alias and delegates to FUN_004082E0, rejects external UINT32_MAX, grows through isolated 8100-shaped service, copies external bytes and NUL-terminates; 2 direct calls; local tests PASS; PR #385 CI 5/5 PASS"
FUN_00408490,0x00408490,0x00008490,.text,51,FUN_00408490,,ACTIVE,HIGH,true,true,false,false,false,false,false,thiscall,FUN_00408490_Object*,const FUN_004082E0_String& source,FUN_00408490_Object*,UNKNOWN,Exceptions,src/recovered/fun_00408490.cpp,coordinator,SEQ-00408490,#388,b11a8d66f2e79691c5e7e354e3eca991ceaba76b,tests/unit/test_fun_00408490.cpp,decomp/evidence/fun_00408490.md,"51-byte std::logic_error construction layer: exact std::exception base initialization, logic_error vtable, embedded SSO message init and full-source copy through FUN_004082E0; 2 direct calls; PR #388 CI 5/5 PASS"
FUN_004084D0,0x004084D0,0x000084D0,.text,50,FUN_004084D0,,ACTIVE,HIGH,true,true,false,false,false,false,false,thiscall,void,,FUN_00408490_Object*,UNKNOWN,Exceptions,src/recovered/fun_004084d0.cpp,coordinator,SEQ-004084D0,#391,96bdb3f346688b119725e0f08537b3f7fd56f459,tests/unit/test_fun_004084d0.cpp,decomp/evidence/fun_004084d0.md,"50-byte std::logic_error destructor: restores logic_error vtable, conditionally frees embedded SSO heap, resets message, then tail-calls std::exception destructor which restores base vtable and conditionally releases base_message; 2 direct transfers; PR #391 CI 5/5 PASS"
FUN_00408510,0x00408510,0x00008510,.text,59,FUN_00408510,,ACTIVE,HIGH,true,true,false,false,false,false,false,thiscall,FUN_00408510_String*,const char* source,FUN_00408510_String*,UNKNOWN,Strings,src/recovered/fun_00408510.cpp,coordinator,SEQ-00408510,#394,036d7beb9a591f36c8a2a28d1d43f63487d69876,tests/unit/test_fun_00408510.cpp,decomp/evidence/fun_00408510.md,"59-byte SSO C-string constructor: preserves opaque +0 dword, initializes cap=15/len=0/NUL, scans source after initialization, delegates exact length to FUN_004083C0 and returns this; 2 direct calls; PR #394 CI 5/5 PASS"
FUN_00408550,0x00408550,0x00008550,.text,55,FUN_00408550,,ACTIVE,HIGH,true,true,false,false,false,false,false,thiscall,FUN_00408490_Object*,const FUN_00408490_Object& source,FUN_00408490_Object*,UNKNOWN,Exceptions,src/recovered/fun_00408550.cpp,coordinator,SEQ-00408550,#395,4f0d3023a0c00e4c5c1bc5f8404ea11caaa195e8,tests/unit/test_fun_00408550.cpp,decomp/evidence/fun_00408550.md,"55-byte std::logic_error copy-construction layer: exact std::exception base-copy ownership semantics, final logic_error vtable, embedded SSO init and full message copy through FUN_004082E0; 1 direct call; local tests PASS; PR #395 CI 5/5 PASS"
FUN_004085D0,0x004085D0,0x000085D0,.text,21,FUN_004085D0,,ACTIVE,HIGH,true,true,false,false,false,false,false,cdecl,void*,std::uint32_t size,,UNKNOWN,Memory,src/recovered/fun_004085d0.cpp,coordinator,SEQ-004085D0,#400,a02eb072475dded26e9c11408a12c724b23aca32,tests/unit/test_fun_004085d0.cpp,decomp/evidence/fun_004085d0.md,"21-byte aligned allocator thunk: global 0x01641A0C virtual slot +0x14, forwards caller size unchanged with fixed alignment 0x10 and returns allocator result; 7 direct calls; PR #400 CI 5/5 PASS"
FUN_004085F0,0x004085F0,0x000085F0,.text,27,FUN_004085F0,,ACTIVE,HIGH,true,true,false,false,false,false,false,thiscall,void,std::uint8_t enabled,FUN_004085F0_Object*,UNKNOWN,Objects,src/recovered/fun_004085f0.cpp,coordinator,SEQ-004085F0,#403,db9f4a0113e552739f1d0ba0ced78a4565fe6cfa,tests/unit/test_fun_004085f0.cpp,decomp/evidence/fun_004085f0.md,"27-byte reflective Fix-property setter: low-byte zero clears flags bit 0x2000 at this+4, any nonzero byte sets it, preserving all other bits; paired getter 0x004C4E10 and literal Fix registration; 2 direct calls; PR #403 CI 5/5 PASS"
FUN_00408610,0x00408610,0x00008610,.text,5,FUN_00408610,,ACTIVE,HIGH,true,true,false,false,false,false,false,thiscall,std::uint32_t,,FUN_00408610_Object*,UNKNOWN,Random,src/recovered/fun_00408610.cpp,coordinator,SEQ-00408610,#406,a694562fcc8886fb70781b33c3c8e586d34da4d5,tests/unit/test_fun_00408610.cpp,decomp/evidence/fun_00408610.md,5-byte thiscall tail-jump thunk to 0x0119F610 global four-word xorshift-style PRNG advance; state at 0x01653058..0x01653064 rotates and new word is returned; 3 direct calls; PR #406 CI 5/5 PASS
FUN_00408620,0x00408620,0x00008620,.text,6,FUN_00408620,,ACTIVE,HIGH,true,true,false,false,false,false,false,cdecl,std::uintptr_t,,,UNKNOWN,UNKNOWN,src/recovered/fun_00408620.cpp,coordinator,SEQ-00408620,#418,4649170e7bee74ff04a8ee003a2381441e1315bb,tests/unit/test_fun_00408620.cpp,decomp/evidence/fun_00408620.md,6-byte fixed-address getter returning exact token 0x016F0230; stateless mov-immediate/ret body; 6 direct calls; PR #418 CI 5/5 PASS
FUN_00408630,0x00408630,0x00008630,.text,6,FUN_00408630,,ACTIVE,HIGH,true,true,false,false,false,false,false,cdecl,void*,,,UNKNOWN,Objects,src/recovered/fun_00408630.cpp,coordinator,SEQ-00408630,#410,89e0a523cef397408681f05e7c1458fa2cddcb88,tests/unit/test_fun_00408630.cpp,decomp/evidence/fun_00408630.md,6-byte no-argument getter returning the dword stored at fixed global 0x016E2EFC unchanged; 4 direct calls; null value permitted; PR #410 CI 5/5 PASS
FUN_00408640,0x00408640,0x00008640,.text,18,FUN_00408640,,ACTIVE,HIGH,true,true,false,false,false,false,false,thiscall,FUN_00408640_Object*,,FUN_00408640_Object*,UNKNOWN,Objects,src/recovered/fun_00408640.cpp,coordinator,SEQ-00408640,#413,ed3042e74e05569b8a50fb1115b5a3ba418571ea,tests/unit/test_fun_00408640.cpp,decomp/evidence/fun_00408640.md,"18-byte thiscall constructor for an 8-byte object: calls base 0x00A67E10, base initialization clears bytes +4..+7, installs derived vtable 0x0137E440 and returns this; 1 direct call; PR #413 CI 5/5 PASS"
FUN_004086A0,0x004086A0,0x000086A0,.text,18,FUN_004086A0,,ACTIVE,HIGH,true,true,false,false,false,false,false,thiscall,FUN_004086A0_Object*,,FUN_004086A0_Object*,UNKNOWN,Objects,src/recovered/fun_004086a0.cpp,coordinator,SEQ-004086A0,#416,78add9e2826b252a59ea87fd2d8d3637c6f58b17,tests/unit/test_fun_004086a0.cpp,decomp/evidence/fun_004086a0.md,"18-byte thiscall derived constructor for exact 0x1C object: transitively reconstructs base 0x00A712D0 state, preserves +0x14, installs vtable 0x0137E458 and returns this; 1 direct call; PR #416 CI 5/5 PASS"
FUN_00408B50,0x00408B50,0x00008B50,.text,61,FUN_00408B50,,ACTIVE,HIGH,true,true,false,false,false,false,false,thiscall,uint32_t,,PE32 address token; native ABI pending,UNKNOWN,RequestDispatch,src/recovered/batch_00408b50.cpp,coordinator,EXACT-BATCH-00408B50,#444,7a49abed8b72d4b39f47661df63beebf12f388ee,tests/unit/test_batch_00408b50.cpp,decomp/evidence/batch_00408b50.md,conditionally cancels old nonnegative handle; queries mode; stores 0x9D/0x9E and submits; exact-attachment target-memory C++ adapter; bounded differential tests PASS; dependencies and native ABI unresolved; Recovery PR #444 full CI PASS on ef7027eff9565fcc62d54f63e18c5daa5d2c06f6; FAST_PASS_VALIDATED only
FUN_00408B90,0x00408B90,0x00008B90,.text,47,FUN_00408B90,,ACTIVE,HIGH,true,true,false,false,false,false,false,thiscall,bool,,PE32 address token; native ABI pending,UNKNOWN,RequestDispatch,src/recovered/batch_00408b50.cpp,coordinator,EXACT-BATCH-00408B90,#444,7a49abed8b72d4b39f47661df63beebf12f388ee,tests/unit/test_batch_00408b50.cpp,decomp/evidence/batch_00408b50.md,negative handle early true; status 2 true; status 0 clears to -1; other statuses false; exact-attachment target-memory C++ adapter; bounded differential tests PASS; dependencies and native ABI unresolved; Recovery PR #444 full CI PASS on ef7027eff9565fcc62d54f63e18c5daa5d2c06f6; FAST_PASS_VALIDATED only
FUN_00408BC0,0x00408BC0,0x00008BC0,.text,21,FUN_00408BC0,,ACTIVE,HIGH,true,true,false,false,false,false,false,thiscall,void,,PE32 address token; native ABI pending,UNKNOWN,RequestDispatch,src/recovered/batch_00408b50.cpp,coordinator,EXACT-BATCH-00408BC0,#444,7a49abed8b72d4b39f47661df63beebf12f388ee,tests/unit/test_batch_00408b50.cpp,decomp/evidence/batch_00408b50.md,forwards stop request only for a nonnegative handle; exact-attachment target-memory C++ adapter; bounded differential tests PASS; dependencies and native ABI unresolved; Recovery PR #444 full CI PASS on ef7027eff9565fcc62d54f63e18c5daa5d2c06f6; FAST_PASS_VALIDATED only
FUN_00408BE0,0x00408BE0,0x00008BE0,.text,48,FUN_00408BE0,,ACTIVE,HIGH,true,true,false,false,false,false,false,thiscall,void,,PE32 address token; native ABI pending,UNKNOWN,RequestDispatch,src/recovered/batch_00408b50.cpp,coordinator,EXACT-BATCH-00408BE0,#444,7a49abed8b72d4b39f47661df63beebf12f388ee,tests/unit/test_batch_00408b50.cpp,decomp/evidence/batch_00408b50.md,stop then cancel with post-callback handle/singleton reload; clears to -1 after cancellation; exact-attachment target-memory C++ adapter; bounded differential tests PASS; dependencies and native ABI unresolved; Recovery PR #444 full CI PASS on ef7027eff9565fcc62d54f63e18c5daa5d2c06f6; FAST_PASS_VALIDATED only
FUN_00408C10,0x00408C10,0x00008C10,.text,18,FUN_00408C10,,ACTIVE,HIGH,true,true,false,false,false,false,false,thiscall,uint32_t,,PE32 address token; native ABI pending,UNKNOWN,RequestDispatch,src/recovered/batch_00408b50.cpp,coordinator,EXACT-BATCH-00408C10,#444,7a49abed8b72d4b39f47661df63beebf12f388ee,tests/unit/test_batch_00408b50.cpp,decomp/evidence/batch_00408b50.md,submits selector 0x98 and original receiver; exact-attachment target-memory C++ adapter; bounded differential tests PASS; dependencies and native ABI unresolved; Recovery PR #444 full CI PASS on ef7027eff9565fcc62d54f63e18c5daa5d2c06f6; FAST_PASS_VALIDATED only
FUN_00408C30,0x00408C30,0x00008C30,.text,18,FUN_00408C30,,ACTIVE,HIGH,true,true,false,false,false,false,false,thiscall,uint32_t,,PE32 address token; native ABI pending,UNKNOWN,RequestDispatch,src/recovered/batch_00408b50.cpp,coordinator,EXACT-BATCH-00408C30,#444,7a49abed8b72d4b39f47661df63beebf12f388ee,tests/unit/test_batch_00408b50.cpp,decomp/evidence/batch_00408b50.md,submits selector 0x99 and original receiver; exact-attachment target-memory C++ adapter; bounded differential tests PASS; dependencies and native ABI unresolved; Recovery PR #444 full CI PASS on ef7027eff9565fcc62d54f63e18c5daa5d2c06f6; FAST_PASS_VALIDATED only
FUN_00408C50,0x00408C50,0x00008C50,.text,18,FUN_00408C50,,ACTIVE,HIGH,true,true,false,false,false,false,false,thiscall,uint32_t,,PE32 address token; native ABI pending,UNKNOWN,RequestDispatch,src/recovered/batch_00408b50.cpp,coordinator,EXACT-BATCH-00408C50,#444,7a49abed8b72d4b39f47661df63beebf12f388ee,tests/unit/test_batch_00408b50.cpp,decomp/evidence/batch_00408b50.md,submits selector 0xA2 and original receiver; exact-attachment target-memory C++ adapter; bounded differential tests PASS; dependencies and native ABI unresolved; Recovery PR #444 full CI PASS on ef7027eff9565fcc62d54f63e18c5daa5d2c06f6; FAST_PASS_VALIDATED only
FUN_00408C70,0x00408C70,0x00008C70,.text,46,FUN_00408C70,,ACTIVE,HIGH,true,true,false,false,false,false,false,thiscall,uint32_t,,PE32 address token; native ABI pending,UNKNOWN,RequestDispatch,src/recovered/batch_00408b50.cpp,coordinator,EXACT-BATCH-00408C70,#444,7a49abed8b72d4b39f47661df63beebf12f388ee,tests/unit/test_batch_00408b50.cpp,decomp/evidence/batch_00408b50.md,reads root+0x1E4EC node+0x58; selects 0xA0 for mode 2 or 0xD1; exact-attachment target-memory C++ adapter; bounded differential tests PASS; dependencies and native ABI unresolved; Recovery PR #444 full CI PASS on ef7027eff9565fcc62d54f63e18c5daa5d2c06f6; FAST_PASS_VALIDATED only
FUN_00408CA0,0x00408CA0,0x00008CA0,.text,46,FUN_00408CA0,,ACTIVE,HIGH,true,true,false,false,false,false,false,thiscall,uint32_t,,PE32 address token; native ABI pending,UNKNOWN,RequestDispatch,src/recovered/batch_00408b50.cpp,coordinator,EXACT-BATCH-00408CA0,#444,7a49abed8b72d4b39f47661df63beebf12f388ee,tests/unit/test_batch_00408b50.cpp,decomp/evidence/batch_00408b50.md,reads root+0x1E4EC node+0x58; selects 0xCD for mode 3 or 0xCF; exact-attachment target-memory C++ adapter; bounded differential tests PASS; dependencies and native ABI unresolved; Recovery PR #444 full CI PASS on ef7027eff9565fcc62d54f63e18c5daa5d2c06f6; FAST_PASS_VALIDATED only
FUN_00408CD0,0x00408CD0,0x00008CD0,.text,25,FUN_00408CD0,,ACTIVE,HIGH,true,true,false,false,false,false,false,thiscall,uint32_t,uint8_t enabled,PE32 address token; native ABI pending,UNKNOWN,RequestDispatch,src/recovered/batch_00408b50.cpp,coordinator,EXACT-BATCH-00408CD0,#444,7a49abed8b72d4b39f47661df63beebf12f388ee,tests/unit/test_batch_00408b50.cpp,decomp/evidence/batch_00408b50.md,inverts low argument byte only and submits selector 1 or 0; exact-attachment target-memory C++ adapter; bounded differential tests PASS; dependencies and native ABI unresolved; Recovery PR #444 full CI PASS on ef7027eff9565fcc62d54f63e18c5daa5d2c06f6; FAST_PASS_VALIDATED only
FUN_00408CF0,0x00408CF0,0x00008CF0,.text,223,FUN_00408CF0,,ACTIVE,HIGH,true,true,false,false,false,false,false,stdcall-compatible,void,uint32_t variant,PE32 address token; native ABI pending,UNKNOWN,ResourceDispatch,src/recovered/batch_00408b50.cpp,coordinator,EXACT-BATCH-00408CF0,#444,7a49abed8b72d4b39f47661df63beebf12f388ee,tests/unit/test_batch_00408b50.cpp,decomp/evidence/batch_00408b50.md,normalizes full argument word; four ordered resource load/deliver/release paths with independent null guards; exact-attachment target-memory C++ adapter; bounded differential tests PASS; dependencies and native ABI unresolved; Recovery PR #444 full CI PASS on ef7027eff9565fcc62d54f63e18c5daa5d2c06f6; FAST_PASS_VALIDATED only
FUN_00408DD0,0x00408DD0,0x00008DD0,.text,8,FUN_00408DD0,,ACTIVE,HIGH,true,true,false,false,false,false,false,cdecl-compatible,void,,PE32 address token; native ABI pending,UNKNOWN,ResourceDispatch,src/recovered/batch_00408b50.cpp,coordinator,EXACT-BATCH-00408DD0,#444,7a49abed8b72d4b39f47661df63beebf12f388ee,tests/unit/test_batch_00408b50.cpp,decomp/evidence/batch_00408b50.md,calls recovered 00408CF0 with zero variant; exact-attachment target-memory C++ adapter; bounded differential tests PASS; dependencies and native ABI unresolved; Recovery PR #444 full CI PASS on ef7027eff9565fcc62d54f63e18c5daa5d2c06f6; FAST_PASS_VALIDATED only
FUN_00408DE0,0x00408DE0,0x00008DE0,.text,26,FUN_00408DE0,,ACTIVE,HIGH,true,true,false,false,false,false,false,thiscall,uint32_t,,PE32 address token; native ABI pending,UNKNOWN,Objects,src/recovered/batch_00408b50.cpp,coordinator,EXACT-BATCH-00408DE0,#444,7a49abed8b72d4b39f47661df63beebf12f388ee,tests/unit/test_batch_00408b50.cpp,decomp/evidence/batch_00408b50.md,base constructor first; clears +0x28/+0x30; installs 0x0137E4A8 and returns self; exact-attachment target-memory C++ adapter; bounded differential tests PASS; dependencies and native ABI unresolved; Recovery PR #444 full CI PASS on ef7027eff9565fcc62d54f63e18c5daa5d2c06f6; FAST_PASS_VALIDATED only
FUN_00408E00,0x00408E00,0x00008E00,.text,27,FUN_00408E00,,ACTIVE,HIGH,true,true,false,false,false,false,false,thiscall,void,,PE32 address token; native ABI pending,UNKNOWN,Threading,src/recovered/batch_00408b50.cpp,coordinator,EXACT-BATCH-00408E00,#444,7a49abed8b72d4b39f47661df63beebf12f388ee,tests/unit/test_batch_00408b50.cpp,decomp/evidence/batch_00408b50.md,installs 0x0137A990; DeleteCriticalSection(this+8); installs 0x0137A97C; exact-attachment target-memory C++ adapter; bounded differential tests PASS; dependencies and native ABI unresolved; Recovery PR #444 full CI PASS on ef7027eff9565fcc62d54f63e18c5daa5d2c06f6; FAST_PASS_VALIDATED only
FUN_0041D280,0x0041D280,0x0001D280,.text,5,FUN_0041D280,,ACTIVE,HIGH,true,true,false,false,false,false,false,thiscall,uint32_t,,const void*; observed PE32 field layout,UNKNOWN,FieldAccess,decomp/leaf323d1aab/generated/src/leaves_000.cpp,coordinator,CANONICAL-200-0041D280,#444,7a49abed8b72d4b39f47661df63beebf12f388ee,tests/unit/test_canonical_200_leaves.cpp,decomp/evidence/canonical_200.md,Unsigned 8-bit read at this+0x7; existing leaf C++ registered after exact-body and frozen-V6 membership revalidation; no duplicate implementation; Recovery PR #444 full CI PASS on ef7027eff9565fcc62d54f63e18c5daa5d2c06f6; FAST_PASS_VALIDATED only
FUN_004790E0,0x004790E0,0x000790E0,.text,7,FUN_004790E0,,ACTIVE,HIGH,true,true,false,false,false,false,false,thiscall,uint32_t,,const void*; observed PE32 field layout,UNKNOWN,FieldAccess,decomp/leaf323d1aab/generated/src/leaves_000.cpp,coordinator,CANONICAL-200-004790E0,#444,7a49abed8b72d4b39f47661df63beebf12f388ee,tests/unit/test_canonical_200_leaves.cpp,decomp/evidence/canonical_200.md,Unsigned 32-bit read at this+0xD8; existing leaf C++ registered after exact-body and frozen-V6 membership revalidation; no duplicate implementation; Recovery PR #444 full CI PASS on ef7027eff9565fcc62d54f63e18c5daa5d2c06f6; FAST_PASS_VALIDATED only
FUN_00489E30,0x00489E30,0x00089E30,.text,7,FUN_00489E30,,ACTIVE,HIGH,true,true,false,false,false,false,false,thiscall,uint32_t,,const void*; observed PE32 field layout,UNKNOWN,FieldAccess,decomp/leaf323d1aab/generated/src/leaves_001.cpp,coordinator,CANONICAL-200-00489E30,#444,7a49abed8b72d4b39f47661df63beebf12f388ee,tests/unit/test_canonical_200_leaves.cpp,decomp/evidence/canonical_200.md,Unsigned 32-bit read at this+0x1E8C0; existing leaf C++ registered after exact-body and frozen-V6 membership revalidation; no duplicate implementation; Recovery PR #444 full CI PASS on ef7027eff9565fcc62d54f63e18c5daa5d2c06f6; FAST_PASS_VALIDATED only
FUN_00489E50,0x00489E50,0x00089E50,.text,7,FUN_00489E50,,ACTIVE,HIGH,true,true,false,false,false,false,false,thiscall,uint32_t,,const void*; observed PE32 field layout,UNKNOWN,FieldAccess,decomp/leaf323d1aab/generated/src/leaves_001.cpp,coordinator,CANONICAL-200-00489E50,#444,7a49abed8b72d4b39f47661df63beebf12f388ee,tests/unit/test_canonical_200_leaves.cpp,decomp/evidence/canonical_200.md,Unsigned 32-bit read at this+0x1E8C4; existing leaf C++ registered after exact-body and frozen-V6 membership revalidation; no duplicate implementation; Recovery PR #444 full CI PASS on ef7027eff9565fcc62d54f63e18c5daa5d2c06f6; FAST_PASS_VALIDATED only
FUN_004AF090,0x004AF090,0x000AF090,.text,3,FUN_004AF090,,ACTIVE,HIGH,true,true,false,false,false,false,false,thiscall,uint32_t,,const void*; observed PE32 field layout,UNKNOWN,FieldAccess,decomp/leaf323d1aab/generated/src/leaves_001.cpp,coordinator,CANONICAL-200-004AF090,#444,7a49abed8b72d4b39f47661df63beebf12f388ee,tests/unit/test_canonical_200_leaves.cpp,decomp/evidence/canonical_200.md,Unsigned 32-bit read at this+0x0; existing leaf C++ registered after exact-body and frozen-V6 membership revalidation; no duplicate implementation; Recovery PR #444 full CI PASS on ef7027eff9565fcc62d54f63e18c5daa5d2c06f6; FAST_PASS_VALIDATED only
FUN_004C9CF0,0x004C9CF0,0x000C9CF0,.text,4,FUN_004C9CF0,,ACTIVE,HIGH,true,true,false,false,false,false,false,thiscall,uint32_t,,const void*; observed PE32 field layout,UNKNOWN,FieldAccess,decomp/leaf323d1aab/generated/src/leaves_001.cpp,coordinator,CANONICAL-200-004C9CF0,#444,7a49abed8b72d4b39f47661df63beebf12f388ee,tests/unit/test_canonical_200_leaves.cpp,decomp/evidence/canonical_200.md,Unsigned 32-bit read at this+0x40; existing leaf C++ registered after exact-body and frozen-V6 membership revalidation; no duplicate implementation; Recovery PR #444 full CI PASS on ef7027eff9565fcc62d54f63e18c5daa5d2c06f6; FAST_PASS_VALIDATED only
FUN_004D8E50,0x004D8E50,0x000D8E50,.text,7,FUN_004D8E50,,ACTIVE,HIGH,true,true,false,false,false,false,false,thiscall,uint32_t,,const void*; observed PE32 field layout,UNKNOWN,FieldAccess,decomp/leaf323d1aab/generated/src/leaves_001.cpp,coordinator,CANONICAL-200-004D8E50,#444,7a49abed8b72d4b39f47661df63beebf12f388ee,tests/unit/test_canonical_200_leaves.cpp,decomp/evidence/canonical_200.md,Unsigned 32-bit read at this+0xA90; existing leaf C++ registered after exact-body and frozen-V6 membership revalidation; no duplicate implementation; Recovery PR #444 full CI PASS on ef7027eff9565fcc62d54f63e18c5daa5d2c06f6; FAST_PASS_VALIDATED only
FUN_004E17E0,0x004E17E0,0x000E17E0,.text,4,FUN_004E17E0,,ACTIVE,HIGH,true,true,false,false,false,false,false,thiscall,uint32_t,,const void*; observed PE32 field layout,UNKNOWN,FieldAccess,decomp/leaf323d1aab/generated/src/leaves_001.cpp,coordinator,CANONICAL-200-004E17E0,#444,7a49abed8b72d4b39f47661df63beebf12f388ee,tests/unit/test_canonical_200_leaves.cpp,decomp/evidence/canonical_200.md,Unsigned 32-bit read at this+0xC; existing leaf C++ registered after exact-body and frozen-V6 membership revalidation; no duplicate implementation; Recovery PR #444 full CI PASS on ef7027eff9565fcc62d54f63e18c5daa5d2c06f6; FAST_PASS_VALIDATED only
FUN_004F2080,0x004F2080,0x000F2080,.text,4,FUN_004F2080,,ACTIVE,HIGH,true,true,false,false,false,false,false,thiscall,uint32_t,,const void*; observed PE32 field layout,UNKNOWN,FieldAccess,decomp/leaf323d1aab/generated/src/leaves_001.cpp,coordinator,CANONICAL-200-004F2080,#444,7a49abed8b72d4b39f47661df63beebf12f388ee,tests/unit/test_canonical_200_leaves.cpp,decomp/evidence/canonical_200.md,Unsigned 32-bit read at this+0x28; existing leaf C++ registered after exact-body and frozen-V6 membership revalidation; no duplicate implementation; Recovery PR #444 full CI PASS on ef7027eff9565fcc62d54f63e18c5daa5d2c06f6; FAST_PASS_VALIDATED only
FUN_004F64A0,0x004F64A0,0x000F64A0,.text,4,FUN_004F64A0,,ACTIVE,HIGH,true,true,false,false,false,false,false,thiscall,uint32_t,,const void*; observed PE32 field layout,UNKNOWN,FieldAccess,decomp/leaf323d1aab/generated/src/leaves_001.cpp,coordinator,CANONICAL-200-004F64A0,#444,7a49abed8b72d4b39f47661df63beebf12f388ee,tests/unit/test_canonical_200_leaves.cpp,decomp/evidence/canonical_200.md,Unsigned 32-bit read at this+0x4; existing leaf C++ registered after exact-body and frozen-V6 membership revalidation; no duplicate implementation; Recovery PR #444 full CI PASS on ef7027eff9565fcc62d54f63e18c5daa5d2c06f6; FAST_PASS_VALIDATED only
FUN_004F66C0,0x004F66C0,0x000F66C0,.text,4,FUN_004F66C0,,ACTIVE,HIGH,true,true,false,false,false,false,false,thiscall,uint32_t,,const void*; observed PE32 field layout,UNKNOWN,FieldAccess,decomp/leaf323d1aab/generated/src/leaves_001.cpp,coordinator,CANONICAL-200-004F66C0,#444,7a49abed8b72d4b39f47661df63beebf12f388ee,tests/unit/test_canonical_200_leaves.cpp,decomp/evidence/canonical_200.md,Unsigned 32-bit read at this+0x40; existing leaf C++ registered after exact-body and frozen-V6 membership revalidation; no duplicate implementation; Recovery PR #444 full CI PASS on ef7027eff9565fcc62d54f63e18c5daa5d2c06f6; FAST_PASS_VALIDATED only
FUN_004F68F0,0x004F68F0,0x000F68F0,.text,4,FUN_004F68F0,,ACTIVE,HIGH,true,true,false,false,false,false,false,thiscall,uint32_t,,const void*; observed PE32 field layout,UNKNOWN,FieldAccess,decomp/leaf323d1aab/generated/src/leaves_001.cpp,coordinator,CANONICAL-200-004F68F0,#444,7a49abed8b72d4b39f47661df63beebf12f388ee,tests/unit/test_canonical_200_leaves.cpp,decomp/evidence/canonical_200.md,Unsigned 32-bit read at this+0x68; existing leaf C++ registered after exact-body and frozen-V6 membership revalidation; no duplicate implementation; Recovery PR #444 full CI PASS on ef7027eff9565fcc62d54f63e18c5daa5d2c06f6; FAST_PASS_VALIDATED only
FUN_004F6970,0x004F6970,0x000F6970,.text,4,FUN_004F6970,,ACTIVE,HIGH,true,true,false,false,false,false,false,thiscall,uint32_t,,const void*; observed PE32 field layout,UNKNOWN,FieldAccess,decomp/leaf323d1aab/generated/src/leaves_001.cpp,coordinator,CANONICAL-200-004F6970,#444,7a49abed8b72d4b39f47661df63beebf12f388ee,tests/unit/test_canonical_200_leaves.cpp,decomp/evidence/canonical_200.md,Unsigned 32-bit read at this+0x7C; existing leaf C++ registered after exact-body and frozen-V6 membership revalidation; no duplicate implementation; Recovery PR #444 full CI PASS on ef7027eff9565fcc62d54f63e18c5daa5d2c06f6; FAST_PASS_VALIDATED only
FUN_004F8D00,0x004F8D00,0x000F8D00,.text,7,FUN_004F8D00,,ACTIVE,HIGH,true,true,false,false,false,false,false,thiscall,uint32_t,,const void*; observed PE32 field layout,UNKNOWN,FieldAccess,decomp/leaf323d1aab/generated/src/leaves_001.cpp,coordinator,CANONICAL-200-004F8D00,#444,7a49abed8b72d4b39f47661df63beebf12f388ee,tests/unit/test_canonical_200_leaves.cpp,decomp/evidence/canonical_200.md,Unsigned 32-bit read at this+0xA60; existing leaf C++ registered after exact-body and frozen-V6 membership revalidation; no duplicate implementation; Recovery PR #444 full CI PASS on ef7027eff9565fcc62d54f63e18c5daa5d2c06f6; FAST_PASS_VALIDATED only
FUN_00536530,0x00536530,0x00136530,.text,4,FUN_00536530,,ACTIVE,HIGH,true,true,false,false,false,false,false,thiscall,uint32_t,,const void*; observed PE32 field layout,UNKNOWN,FieldAccess,decomp/leaf323d1aab/generated/src/leaves_001.cpp,coordinator,CANONICAL-200-00536530,#444,7a49abed8b72d4b39f47661df63beebf12f388ee,tests/unit/test_canonical_200_leaves.cpp,decomp/evidence/canonical_200.md,Unsigned 32-bit read at this+0x10; existing leaf C++ registered after exact-body and frozen-V6 membership revalidation; no duplicate implementation; Recovery PR #444 full CI PASS on ef7027eff9565fcc62d54f63e18c5daa5d2c06f6; FAST_PASS_VALIDATED only
FUN_00536640,0x00536640,0x00136640,.text,4,FUN_00536640,,ACTIVE,HIGH,true,true,false,false,false,false,false,thiscall,uint32_t,,const void*; observed PE32 field layout,UNKNOWN,FieldAccess,decomp/leaf323d1aab/generated/src/leaves_001.cpp,coordinator,CANONICAL-200-00536640,#444,7a49abed8b72d4b39f47661df63beebf12f388ee,tests/unit/test_canonical_200_leaves.cpp,decomp/evidence/canonical_200.md,Unsigned 32-bit read at this+0x64; existing leaf C++ registered after exact-body and frozen-V6 membership revalidation; no duplicate implementation; Recovery PR #444 full CI PASS on ef7027eff9565fcc62d54f63e18c5daa5d2c06f6; FAST_PASS_VALIDATED only
FUN_00537650,0x00537650,0x00137650,.text,4,FUN_00537650,,ACTIVE,HIGH,true,true,false,false,false,false,false,thiscall,uint32_t,,const void*; observed PE32 field layout,UNKNOWN,FieldAccess,decomp/leaf323d1aab/generated/src/leaves_001.cpp,coordinator,CANONICAL-200-00537650,#444,7a49abed8b72d4b39f47661df63beebf12f388ee,tests/unit/test_canonical_200_leaves.cpp,decomp/evidence/canonical_200.md,Unsigned 32-bit read at this+0x64; existing leaf C++ registered after exact-body and frozen-V6 membership revalidation; no duplicate implementation; Recovery PR #444 full CI PASS on ef7027eff9565fcc62d54f63e18c5daa5d2c06f6; FAST_PASS_VALIDATED only
FUN_005384A0,0x005384A0,0x001384A0,.text,4,FUN_005384A0,,ACTIVE,HIGH,true,true,false,false,false,false,false,thiscall,uint32_t,,const void*; observed PE32 field layout,UNKNOWN,FieldAccess,decomp/leaf323d1aab/generated/src/leaves_001.cpp,coordinator,CANONICAL-200-005384A0,#444,7a49abed8b72d4b39f47661df63beebf12f388ee,tests/unit/test_canonical_200_leaves.cpp,decomp/evidence/canonical_200.md,Unsigned 32-bit read at this+0x64; existing leaf C++ registered after exact-body and frozen-V6 membership revalidation; no duplicate implementation; Recovery PR #444 full CI PASS on ef7027eff9565fcc62d54f63e18c5daa5d2c06f6; FAST_PASS_VALIDATED only
FUN_00548680,0x00548680,0x00148680,.text,4,FUN_00548680,,ACTIVE,HIGH,true,true,false,false,false,false,false,thiscall,uint32_t,,const void*; observed PE32 field layout,UNKNOWN,FieldAccess,decomp/leaf323d1aab/generated/src/leaves_002.cpp,coordinator,CANONICAL-200-00548680,#444,7a49abed8b72d4b39f47661df63beebf12f388ee,tests/unit/test_canonical_200_leaves.cpp,decomp/evidence/canonical_200.md,Unsigned 32-bit read at this+0x64; existing leaf C++ registered after exact-body and frozen-V6 membership revalidation; no duplicate implementation; Recovery PR #444 full CI PASS on ef7027eff9565fcc62d54f63e18c5daa5d2c06f6; FAST_PASS_VALIDATED only
FUN_0054B1B0,0x0054B1B0,0x0014B1B0,.text,7,FUN_0054B1B0,,ACTIVE,HIGH,true,true,false,false,false,false,false,thiscall,uint32_t,,const void*; observed PE32 field layout,UNKNOWN,FieldAccess,decomp/leaf323d1aab/generated/src/leaves_002.cpp,coordinator,CANONICAL-200-0054B1B0,#444,7a49abed8b72d4b39f47661df63beebf12f388ee,tests/unit/test_canonical_200_leaves.cpp,decomp/evidence/canonical_200.md,Unsigned 32-bit read at this+0x90; existing leaf C++ registered after exact-body and frozen-V6 membership revalidation; no duplicate implementation; Recovery PR #444 full CI PASS on ef7027eff9565fcc62d54f63e18c5daa5d2c06f6; FAST_PASS_VALIDATED only
FUN_00561E00,0x00561E00,0x00161E00,.text,4,FUN_00561E00,,ACTIVE,HIGH,true,true,false,false,false,false,false,thiscall,uint32_t,,const void*; observed PE32 field layout,UNKNOWN,FieldAccess,decomp/leaf323d1aab/generated/src/leaves_002.cpp,coordinator,CANONICAL-200-00561E00,#444,7a49abed8b72d4b39f47661df63beebf12f388ee,tests/unit/test_canonical_200_leaves.cpp,decomp/evidence/canonical_200.md,Unsigned 32-bit read at this+0x4; existing leaf C++ registered after exact-body and frozen-V6 membership revalidation; no duplicate implementation; Recovery PR #444 full CI PASS on ef7027eff9565fcc62d54f63e18c5daa5d2c06f6; FAST_PASS_VALIDATED only
FUN_00561E90,0x00561E90,0x00161E90,.text,4,FUN_00561E90,,ACTIVE,HIGH,true,true,false,false,false,false,false,thiscall,uint32_t,,const void*; observed PE32 field layout,UNKNOWN,FieldAccess,decomp/leaf323d1aab/generated/src/leaves_002.cpp,coordinator,CANONICAL-200-00561E90,#444,7a49abed8b72d4b39f47661df63beebf12f388ee,tests/unit/test_canonical_200_leaves.cpp,decomp/evidence/canonical_200.md,Unsigned 32-bit read at this+0x64; existing leaf C++ registered after exact-body and frozen-V6 membership revalidation; no duplicate implementation; Recovery PR #444 full CI PASS on ef7027eff9565fcc62d54f63e18c5daa5d2c06f6; FAST_PASS_VALIDATED only
FUN_0056AE50,0x0056AE50,0x0016AE50,.text,5,FUN_0056AE50,,ACTIVE,HIGH,true,true,false,false,false,false,false,thiscall,uint32_t,,const void*; observed PE32 field layout,UNKNOWN,FieldAccess,decomp/leaf323d1aab/generated/src/leaves_002.cpp,coordinator,CANONICAL-200-0056AE50,#444,7a49abed8b72d4b39f47661df63beebf12f388ee,tests/unit/test_canonical_200_leaves.cpp,decomp/evidence/canonical_200.md,Unsigned 8-bit read at this+0x5; existing leaf C++ registered after exact-body and frozen-V6 membership revalidation; no duplicate implementation; Recovery PR #444 full CI PASS on ef7027eff9565fcc62d54f63e18c5daa5d2c06f6; FAST_PASS_VALIDATED only
FUN_005731E0,0x005731E0,0x001731E0,.text,7,FUN_005731E0,,ACTIVE,HIGH,true,true,false,false,false,false,false,thiscall,uint32_t,,const void*; observed PE32 field layout,UNKNOWN,FieldAccess,decomp/leaf323d1aab/generated/src/leaves_002.cpp,coordinator,CANONICAL-200-005731E0,#444,7a49abed8b72d4b39f47661df63beebf12f388ee,tests/unit/test_canonical_200_leaves.cpp,decomp/evidence/canonical_200.md,Unsigned 32-bit read at this+0x218; existing leaf C++ registered after exact-body and frozen-V6 membership revalidation; no duplicate implementation; Recovery PR #444 full CI PASS on ef7027eff9565fcc62d54f63e18c5daa5d2c06f6; FAST_PASS_VALIDATED only
FUN_006577A0,0x006577A0,0x002577A0,.text,7,FUN_006577A0,,ACTIVE,HIGH,true,true,false,false,false,false,false,thiscall,uint32_t,,const void*; observed PE32 field layout,UNKNOWN,FieldAccess,decomp/leaf323d1aab/generated/src/leaves_004.cpp,coordinator,CANONICAL-200-006577A0,#444,7a49abed8b72d4b39f47661df63beebf12f388ee,tests/unit/test_canonical_200_leaves.cpp,decomp/evidence/canonical_200.md,Unsigned 32-bit read at this+0xD0; existing leaf C++ registered after exact-body and frozen-V6 membership revalidation; no duplicate implementation; Recovery PR #444 full CI PASS on ef7027eff9565fcc62d54f63e18c5daa5d2c06f6; FAST_PASS_VALIDATED only
FUN_008CCCA0,0x008CCCA0,0x004CCCA0,.text,8,FUN_008CCCA0,,ACTIVE,HIGH,true,true,false,false,false,false,false,thiscall,uint32_t,,const void*; observed PE32 field layout,UNKNOWN,FieldAccess,decomp/leaf323d1aab/generated/src/leaves_011.cpp,coordinator,CANONICAL-200-008CCCA0,#444,7a49abed8b72d4b39f47661df63beebf12f388ee,tests/unit/test_canonical_200_leaves.cpp,decomp/evidence/canonical_200.md,Unsigned 8-bit read at this+0x19E6; existing leaf C++ registered after exact-body and frozen-V6 membership revalidation; no duplicate implementation; Recovery PR #444 full CI PASS on ef7027eff9565fcc62d54f63e18c5daa5d2c06f6; FAST_PASS_VALIDATED only
FUN_0098C790,0x0098C790,0x0058C790,.text,8,FUN_0098C790,,ACTIVE,HIGH,true,true,false,false,false,false,false,thiscall,uint32_t,,const void*; observed PE32 field layout,UNKNOWN,FieldAccess,decomp/leaf323d1aab/generated/src/leaves_017.cpp,coordinator,CANONICAL-200-0098C790,#444,7a49abed8b72d4b39f47661df63beebf12f388ee,tests/unit/test_canonical_200_leaves.cpp,decomp/evidence/canonical_200.md,Unsigned 8-bit read at this+0x1BF0; existing leaf C++ registered after exact-body and frozen-V6 membership revalidation; no duplicate implementation; Recovery PR #444 full CI PASS on ef7027eff9565fcc62d54f63e18c5daa5d2c06f6; FAST_PASS_VALIDATED only
FUN_009B5410,0x009B5410,0x005B5410,.text,7,FUN_009B5410,,ACTIVE,HIGH,true,true,false,false,false,false,false,thiscall,uint32_t,,const void*; observed PE32 field layout,UNKNOWN,FieldAccess,decomp/leaf323d1aab/generated/src/leaves_018.cpp,coordinator,CANONICAL-200-009B5410,#444,7a49abed8b72d4b39f47661df63beebf12f388ee,tests/unit/test_canonical_200_leaves.cpp,decomp/evidence/canonical_200.md,Unsigned 32-bit read at this+0x1EE0; existing leaf C++ registered after exact-body and frozen-V6 membership revalidation; no duplicate implementation; Recovery PR #444 full CI PASS on ef7027eff9565fcc62d54f63e18c5daa5d2c06f6; FAST_PASS_VALIDATED only
FUN_009B6D00,0x009B6D00,0x005B6D00,.text,7,FUN_009B6D00,,ACTIVE,HIGH,true,true,false,false,false,false,false,thiscall,uint32_t,,const void*; observed PE32 field layout,UNKNOWN,FieldAccess,decomp/leaf323d1aab/generated/src/leaves_018.cpp,coordinator,CANONICAL-200-009B6D00,#444,7a49abed8b72d4b39f47661df63beebf12f388ee,tests/unit/test_canonical_200_leaves.cpp,decomp/evidence/canonical_200.md,Unsigned 32-bit read at this+0x2E94; existing leaf C++ registered after exact-body and frozen-V6 membership revalidation; no duplicate implementation; Recovery PR #444 full CI PASS on ef7027eff9565fcc62d54f63e18c5daa5d2c06f6; FAST_PASS_VALIDATED only
FUN_00AC1140,0x00AC1140,0x006C1140,.text,7,FUN_00AC1140,,ACTIVE,HIGH,true,true,false,false,false,false,false,thiscall,uint32_t,,const void*; observed PE32 field layout,UNKNOWN,FieldAccess,decomp/leaf323d1aab/generated/src/leaves_021.cpp,coordinator,CANONICAL-200-00AC1140,#444,7a49abed8b72d4b39f47661df63beebf12f388ee,tests/unit/test_canonical_200_leaves.cpp,decomp/evidence/canonical_200.md,Unsigned 32-bit read at this+0x558; existing leaf C++ registered after exact-body and frozen-V6 membership revalidation; no duplicate implementation; Recovery PR #444 full CI PASS on ef7027eff9565fcc62d54f63e18c5daa5d2c06f6; FAST_PASS_VALIDATED only
FUN_0041D2B0,0x0041D2B0,0x0001D2B0,.text,6,FUN_0041D2B0,,ACTIVE,HIGH,true,false,false,false,false,false,false,thiscall,uint32_t,,const void*; observed PE32 leaf contract,UNKNOWN,LeafRecovery,decomp/leaf323d1aab/generated/src/leaves_000.cpp,coordinator,CANONICAL-1000-0041D2B0,,,decomp/leaf323d1aab/tests/properties.cpp,decomp/evidence/canonical_1000.md,Returns original constant 0x01760348; frozen-V6 member and locally byte-identical I386 body; CI pending
FUN_0041D820,0x0041D820,0x0001D820,.text,6,FUN_0041D820,,ACTIVE,HIGH,true,false,false,false,false,false,false,thiscall,uint32_t,,const void*; observed PE32 leaf contract,UNKNOWN,LeafRecovery,decomp/leaf323d1aab/generated/src/leaves_000.cpp,coordinator,CANONICAL-1000-0041D820,,,decomp/leaf323d1aab/tests/properties.cpp,decomp/evidence/canonical_1000.md,Returns original constant 0x01657F5C; frozen-V6 member and locally byte-identical I386 body; CI pending
FUN_0041D8F0,0x0041D8F0,0x0001D8F0,.text,7,FUN_0041D8F0,,ACTIVE,HIGH,true,false,false,false,false,false,false,thiscall,uint32_t,,const void*; observed PE32 leaf contract,UNKNOWN,LeafRecovery,decomp/leaf323d1aab/generated/src/leaves_000.cpp,coordinator,CANONICAL-1000-0041D8F0,,,decomp/leaf323d1aab/tests/properties.cpp,decomp/evidence/canonical_1000.md,Unsigned 32-bit load at this+0x190; frozen-V6 member and locally byte-identical I386 body; CI pending
FUN_0041F830,0x0041F830,0x0001F830,.text,6,FUN_0041F830,,ACTIVE,HIGH,true,false,false,false,false,false,false,thiscall,uint32_t,,const void*; observed PE32 leaf contract,UNKNOWN,LeafRecovery,decomp/leaf323d1aab/generated/src/leaves_000.cpp,coordinator,CANONICAL-1000-0041F830,,,decomp/leaf323d1aab/tests/properties.cpp,decomp/evidence/canonical_1000.md,Returns original constant 0x0137EF44; frozen-V6 member and locally byte-identical I386 body; CI pending
FUN_00425C70,0x00425C70,0x00025C70,.text,6,FUN_00425C70,,ACTIVE,HIGH,true,false,false,false,false,false,false,thiscall,uint32_t,,const void*; observed PE32 leaf contract,UNKNOWN,LeafRecovery,decomp/leaf323d1aab/generated/src/leaves_000.cpp,coordinator,CANONICAL-1000-00425C70,,,decomp/leaf323d1aab/tests/properties.cpp,decomp/evidence/canonical_1000.md,Returns original constant 0x01657F38; frozen-V6 member and locally byte-identical I386 body; CI pending
FUN_00425E00,0x00425E00,0x00025E00,.text,6,FUN_00425E00,,ACTIVE,HIGH,true,false,false,false,false,false,false,thiscall,uint32_t,,const void*; observed PE32 leaf contract,UNKNOWN,LeafRecovery,decomp/leaf323d1aab/generated/src/leaves_000.cpp,coordinator,CANONICAL-1000-00425E00,,,decomp/leaf323d1aab/tests/properties.cpp,decomp/evidence/canonical_1000.md,Returns original constant 0x01657DFC; frozen-V6 member and locally byte-identical I386 body; CI pending
FUN_00426060,0x00426060,0x00026060,.text,6,FUN_00426060,,ACTIVE,HIGH,true,false,false,false,false,false,false,thiscall,uint32_t,,const void*; observed PE32 leaf contract,UNKNOWN,LeafRecovery,decomp/leaf323d1aab/generated/src/leaves_000.cpp,coordinator,CANONICAL-1000-00426060,,,decomp/leaf323d1aab/tests/properties.cpp,decomp/evidence/canonical_1000.md,Returns original constant 0x01657F80; frozen-V6 member and locally byte-identical I386 body; CI pending
FUN_004264B0,0x004264B0,0x000264B0,.text,6,FUN_004264B0,,ACTIVE,HIGH,true,false,false,false,false,false,false,thiscall,uint32_t,,const void*; observed PE32 leaf contract,UNKNOWN,LeafRecovery,decomp/leaf323d1aab/generated/src/leaves_000.cpp,coordinator,CANONICAL-1000-004264B0,,,decomp/leaf323d1aab/tests/properties.cpp,decomp/evidence/canonical_1000.md,Returns original constant 0x01657FB0; frozen-V6 member and locally byte-identical I386 body; CI pending
FUN_004264C0,0x004264C0,0x000264C0,.text,6,FUN_004264C0,,ACTIVE,HIGH,true,false,false,false,false,false,false,thiscall,uint32_t,,const void*; observed PE32 leaf contract,UNKNOWN,LeafRecovery,decomp/leaf323d1aab/generated/src/leaves_000.cpp,coordinator,CANONICAL-1000-004264C0,,,decomp/leaf323d1aab/tests/properties.cpp,decomp/evidence/canonical_1000.md,Returns original constant 0x0137F76C; frozen-V6 member and locally byte-identical I386 body; CI pending
FUN_00427080,0x00427080,0x00027080,.text,6,FUN_00427080,,ACTIVE,HIGH,true,false,false,false,false,false,false,thiscall,uint32_t,,const void*; observed PE32 leaf contract,UNKNOWN,LeafRecovery,decomp/leaf323d1aab/generated/src/leaves_000.cpp,coordinator,CANONICAL-1000-00427080,,,decomp/leaf323d1aab/tests/properties.cpp,decomp/evidence/canonical_1000.md,Returns original constant 0x01657FF0; frozen-V6 member and locally byte-identical I386 body; CI pending
FUN_00427090,0x00427090,0x00027090,.text,6,FUN_00427090,,ACTIVE,HIGH,true,false,false,false,false,false,false,thiscall,uint32_t,,const void*; observed PE32 leaf contract,UNKNOWN,LeafRecovery,decomp/leaf323d1aab/generated/src/leaves_000.cpp,coordinator,CANONICAL-1000-00427090,,,decomp/leaf323d1aab/tests/properties.cpp,decomp/evidence/canonical_1000.md,Returns original constant 0x0137F824; frozen-V6 member and locally byte-identical I386 body; CI pending
FUN_00427200,0x00427200,0x00027200,.text,6,FUN_00427200,,ACTIVE,HIGH,true,false,false,false,false,false,false,thiscall,uint32_t,,const void*; observed PE32 leaf contract,UNKNOWN,LeafRecovery,decomp/leaf323d1aab/generated/src/leaves_000.cpp,coordinator,CANONICAL-1000-00427200,,,decomp/leaf323d1aab/tests/properties.cpp,decomp/evidence/canonical_1000.md,Returns original constant 0x0137F8F4; frozen-V6 member and locally byte-identical I386 body; CI pending
FUN_00427400,0x00427400,0x00027400,.text,6,FUN_00427400,,ACTIVE,HIGH,true,false,false,false,false,false,false,thiscall,uint32_t,,const void*; observed PE32 leaf contract,UNKNOWN,LeafRecovery,decomp/leaf323d1aab/generated/src/leaves_000.cpp,coordinator,CANONICAL-1000-00427400,,,decomp/leaf323d1aab/tests/properties.cpp,decomp/evidence/canonical_1000.md,Returns original constant 0x01658128; frozen-V6 member and locally byte-identical I386 body; CI pending
FUN_00427410,0x00427410,0x00027410,.text,6,FUN_00427410,,ACTIVE,HIGH,true,false,false,false,false,false,false,thiscall,uint32_t,,const void*; observed PE32 leaf contract,UNKNOWN,LeafRecovery,decomp/leaf323d1aab/generated/src/leaves_000.cpp,coordinator,CANONICAL-1000-00427410,,,decomp/leaf323d1aab/tests/properties.cpp,decomp/evidence/canonical_1000.md,Returns original constant 0x0137F974; frozen-V6 member and locally byte-identical I386 body; CI pending
FUN_004275C0,0x004275C0,0x000275C0,.text,6,FUN_004275C0,,ACTIVE,HIGH,true,false,false,false,false,false,false,thiscall,uint32_t,,const void*; observed PE32 leaf contract,UNKNOWN,LeafRecovery,decomp/leaf323d1aab/generated/src/leaves_000.cpp,coordinator,CANONICAL-1000-004275C0,,,decomp/leaf323d1aab/tests/properties.cpp,decomp/evidence/canonical_1000.md,Returns original constant 0x0165814C; frozen-V6 member and locally byte-identical I386 body; CI pending
FUN_004275D0,0x004275D0,0x000275D0,.text,6,FUN_004275D0,,ACTIVE,HIGH,true,false,false,false,false,false,false,thiscall,uint32_t,,const void*; observed PE32 leaf contract,UNKNOWN,LeafRecovery,decomp/leaf323d1aab/generated/src/leaves_000.cpp,coordinator,CANONICAL-1000-004275D0,,,decomp/leaf323d1aab/tests/properties.cpp,decomp/evidence/canonical_1000.md,Returns original constant 0x0137F9FC; frozen-V6 member and locally byte-identical I386 body; CI pending
FUN_00428C10,0x00428C10,0x00028C10,.text,6,FUN_00428C10,,ACTIVE,HIGH,true,false,false,false,false,false,false,thiscall,uint32_t,,const void*; observed PE32 leaf contract,UNKNOWN,LeafRecovery,decomp/leaf323d1aab/generated/src/leaves_000.cpp,coordinator,CANONICAL-1000-00428C10,,,decomp/leaf323d1aab/tests/properties.cpp,decomp/evidence/canonical_1000.md,Returns original constant 0x016581D0; frozen-V6 member and locally byte-identical I386 body; CI pending
FUN_00428C20,0x00428C20,0x00028C20,.text,6,FUN_00428C20,,ACTIVE,HIGH,true,false,false,false,false,false,false,thiscall,uint32_t,,const void*; observed PE32 leaf contract,UNKNOWN,LeafRecovery,decomp/leaf323d1aab/generated/src/leaves_000.cpp,coordinator,CANONICAL-1000-00428C20,,,decomp/leaf323d1aab/tests/properties.cpp,decomp/evidence/canonical_1000.md,Returns original constant 0x0137FA84; frozen-V6 member and locally byte-identical I386 body; CI pending
FUN_00428FD0,0x00428FD0,0x00028FD0,.text,6,FUN_00428FD0,,ACTIVE,HIGH,true,false,false,false,false,false,false,thiscall,uint32_t,,const void*; observed PE32 leaf contract,UNKNOWN,LeafRecovery,decomp/leaf323d1aab/generated/src/leaves_000.cpp,coordinator,CANONICAL-1000-00428FD0,,,decomp/leaf323d1aab/tests/properties.cpp,decomp/evidence/canonical_1000.md,Returns original constant 0x016581F8; frozen-V6 member and locally byte-identical I386 body; CI pending
FUN_00428FE0,0x00428FE0,0x00028FE0,.text,6,FUN_00428FE0,,ACTIVE,HIGH,true,false,false,false,false,false,false,thiscall,uint32_t,,const void*; observed PE32 leaf contract,UNKNOWN,LeafRecovery,decomp/leaf323d1aab/generated/src/leaves_000.cpp,coordinator,CANONICAL-1000-00428FE0,,,decomp/leaf323d1aab/tests/properties.cpp,decomp/evidence/canonical_1000.md,Returns original constant 0x0137FB34; frozen-V6 member and locally byte-identical I386 body; CI pending
FUN_00429120,0x00429120,0x00029120,.text,6,FUN_00429120,,ACTIVE,HIGH,true,false,false,false,false,false,false,thiscall,uint32_t,,const void*; observed PE32 leaf contract,UNKNOWN,LeafRecovery,decomp/leaf323d1aab/generated/src/leaves_000.cpp,coordinator,CANONICAL-1000-00429120,,,decomp/leaf323d1aab/tests/properties.cpp,decomp/evidence/canonical_1000.md,Returns original constant 0x0137FC14; frozen-V6 member and locally byte-identical I386 body; CI pending
FUN_0042A710,0x0042A710,0x0002A710,.text,6,FUN_0042A710,,ACTIVE,HIGH,true,false,false,false,false,false,false,thiscall,uint32_t,,const void*; observed PE32 leaf contract,UNKNOWN,LeafRecovery,decomp/leaf323d1aab/generated/src/leaves_000.cpp,coordinator,CANONICAL-1000-0042A710,,,decomp/leaf323d1aab/tests/properties.cpp,decomp/evidence/canonical_1000.md,Returns original constant 0x0137FC9C; frozen-V6 member and locally byte-identical I386 body; CI pending
FUN_0042E560,0x0042E560,0x0002E560,.text,6,FUN_0042E560,,ACTIVE,HIGH,true,false,false,false,false,false,false,thiscall,uint32_t,,const void*; observed PE32 leaf contract,UNKNOWN,LeafRecovery,decomp/leaf323d1aab/generated/src/leaves_000.cpp,coordinator,CANONICAL-1000-0042E560,,,decomp/leaf323d1aab/tests/properties.cpp,decomp/evidence/canonical_1000.md,Returns original constant 0x01658264; frozen-V6 member and locally byte-identical I386 body; CI pending
FUN_0042E570,0x0042E570,0x0002E570,.text,6,FUN_0042E570,,ACTIVE,HIGH,true,false,false,false,false,false,false,thiscall,uint32_t,,const void*; observed PE32 leaf contract,UNKNOWN,LeafRecovery,decomp/leaf323d1aab/generated/src/leaves_000.cpp,coordinator,CANONICAL-1000-0042E570,,,decomp/leaf323d1aab/tests/properties.cpp,decomp/evidence/canonical_1000.md,Returns original constant 0x0137FD4C; frozen-V6 member and locally byte-identical I386 body; CI pending
FUN_0042E6B0,0x0042E6B0,0x0002E6B0,.text,6,FUN_0042E6B0,,ACTIVE,HIGH,true,false,false,false,false,false,false,thiscall,uint32_t,,const void*; observed PE32 leaf contract,UNKNOWN,LeafRecovery,decomp/leaf323d1aab/generated/src/leaves_000.cpp,coordinator,CANONICAL-1000-0042E6B0,,,decomp/leaf323d1aab/tests/properties.cpp,decomp/evidence/canonical_1000.md,Returns original constant 0x0137FDCC; frozen-V6 member and locally byte-identical I386 body; CI pending
FUN_0042E7F0,0x0042E7F0,0x0002E7F0,.text,6,FUN_0042E7F0,,ACTIVE,HIGH,true,false,false,false,false,false,false,thiscall,uint32_t,,const void*; observed PE32 leaf contract,UNKNOWN,LeafRecovery,decomp/leaf323d1aab/generated/src/leaves_000.cpp,coordinator,CANONICAL-1000-0042E7F0,,,decomp/leaf323d1aab/tests/properties.cpp,decomp/evidence/canonical_1000.md,Returns original constant 0x0137FE4C; frozen-V6 member and locally byte-identical I386 body; CI pending
FUN_0042EAC0,0x0042EAC0,0x0002EAC0,.text,6,FUN_0042EAC0,,ACTIVE,HIGH,true,false,false,false,false,false,false,thiscall,uint32_t,,const void*; observed PE32 leaf contract,UNKNOWN,LeafRecovery,decomp/leaf323d1aab/generated/src/leaves_000.cpp,coordinator,CANONICAL-1000-0042EAC0,,,decomp/leaf323d1aab/tests/properties.cpp,decomp/evidence/canonical_1000.md,Returns original constant 0x016582D0; frozen-V6 member and locally byte-identical I386 body; CI pending
FUN_0042EAD0,0x0042EAD0,0x0002EAD0,.text,6,FUN_0042EAD0,,ACTIVE,HIGH,true,false,false,false,false,false,false,thiscall,uint32_t,,const void*; observed PE32 leaf contract,UNKNOWN,LeafRecovery,decomp/leaf323d1aab/generated/src/leaves_000.cpp,coordinator,CANONICAL-1000-0042EAD0,,,decomp/leaf323d1aab/tests/properties.cpp,decomp/evidence/canonical_1000.md,Returns original constant 0x0137FECC; frozen-V6 member and locally byte-identical I386 body; CI pending
FUN_0042EC00,0x0042EC00,0x0002EC00,.text,6,FUN_0042EC00,,ACTIVE,HIGH,true,false,false,false,false,false,false,thiscall,uint32_t,,const void*; observed PE32 leaf contract,UNKNOWN,LeafRecovery,decomp/leaf323d1aab/generated/src/leaves_000.cpp,coordinator,CANONICAL-1000-0042EC00,,,decomp/leaf323d1aab/tests/properties.cpp,decomp/evidence/canonical_1000.md,Returns original constant 0x0137FF4C; frozen-V6 member and locally byte-identical I386 body; CI pending
FUN_0042F1D0,0x0042F1D0,0x0002F1D0,.text,6,FUN_0042F1D0,,ACTIVE,HIGH,true,false,false,false,false,false,false,thiscall,uint32_t,,const void*; observed PE32 leaf contract,UNKNOWN,LeafRecovery,decomp/leaf323d1aab/generated/src/leaves_000.cpp,coordinator,CANONICAL-1000-0042F1D0,,,decomp/leaf323d1aab/tests/properties.cpp,decomp/evidence/canonical_1000.md,Returns original constant 0x01658338; frozen-V6 member and locally byte-identical I386 body; CI pending
FUN_0042F1E0,0x0042F1E0,0x0002F1E0,.text,6,FUN_0042F1E0,,ACTIVE,HIGH,true,false,false,false,false,false,false,thiscall,uint32_t,,const void*; observed PE32 leaf contract,UNKNOWN,LeafRecovery,decomp/leaf323d1aab/generated/src/leaves_000.cpp,coordinator,CANONICAL-1000-0042F1E0,,,decomp/leaf323d1aab/tests/properties.cpp,decomp/evidence/canonical_1000.md,Returns original constant 0x0137FFCC; frozen-V6 member and locally byte-identical I386 body; CI pending
FUN_0042F310,0x0042F310,0x0002F310,.text,6,FUN_0042F310,,ACTIVE,HIGH,true,false,false,false,false,false,false,thiscall,uint32_t,,const void*; observed PE32 leaf contract,UNKNOWN,LeafRecovery,decomp/leaf323d1aab/generated/src/leaves_000.cpp,coordinator,CANONICAL-1000-0042F310,,,decomp/leaf323d1aab/tests/properties.cpp,decomp/evidence/canonical_1000.md,Returns original constant 0x01380064; frozen-V6 member and locally byte-identical I386 body; CI pending
FUN_00431090,0x00431090,0x00031090,.text,6,FUN_00431090,,ACTIVE,HIGH,true,false,false,false,false,false,false,thiscall,uint32_t,,const void*; observed PE32 leaf contract,UNKNOWN,LeafRecovery,decomp/leaf323d1aab/generated/src/leaves_000.cpp,coordinator,CANONICAL-1000-00431090,,,decomp/leaf323d1aab/tests/properties.cpp,decomp/evidence/canonical_1000.md,Returns original constant 0x01658380; frozen-V6 member and locally byte-identical I386 body; CI pending
FUN_004310A0,0x004310A0,0x000310A0,.text,6,FUN_004310A0,,ACTIVE,HIGH,true,false,false,false,false,false,false,thiscall,uint32_t,,const void*; observed PE32 leaf contract,UNKNOWN,LeafRecovery,decomp/leaf323d1aab/generated/src/leaves_000.cpp,coordinator,CANONICAL-1000-004310A0,,,decomp/leaf323d1aab/tests/properties.cpp,decomp/evidence/canonical_1000.md,Returns original constant 0x013800E4; frozen-V6 member and locally byte-identical I386 body; CI pending
FUN_00431880,0x00431880,0x00031880,.text,6,FUN_00431880,,ACTIVE,HIGH,true,false,false,false,false,false,false,thiscall,uint32_t,,const void*; observed PE32 leaf contract,UNKNOWN,LeafRecovery,decomp/leaf323d1aab/generated/src/leaves_000.cpp,coordinator,CANONICAL-1000-00431880,,,decomp/leaf323d1aab/tests/properties.cpp,decomp/evidence/canonical_1000.md,Returns original constant 0x016583A4; frozen-V6 member and locally byte-identical I386 body; CI pending
FUN_00431890,0x00431890,0x00031890,.text,6,FUN_00431890,,ACTIVE,HIGH,true,false,false,false,false,false,false,thiscall,uint32_t,,const void*; observed PE32 leaf contract,UNKNOWN,LeafRecovery,decomp/leaf323d1aab/generated/src/leaves_000.cpp,coordinator,CANONICAL-1000-00431890,,,decomp/leaf323d1aab/tests/properties.cpp,decomp/evidence/canonical_1000.md,Returns original constant 0x0138019C; frozen-V6 member and locally byte-identical I386 body; CI pending
FUN_004319B0,0x004319B0,0x000319B0,.text,6,FUN_004319B0,,ACTIVE,HIGH,true,false,false,false,false,false,false,thiscall,uint32_t,,const void*; observed PE32 leaf contract,UNKNOWN,LeafRecovery,decomp/leaf323d1aab/generated/src/leaves_000.cpp,coordinator,CANONICAL-1000-004319B0,,,decomp/leaf323d1aab/tests/properties.cpp,decomp/evidence/canonical_1000.md,Returns original constant 0x01380224; frozen-V6 member and locally byte-identical I386 body; CI pending
FUN_00431AD0,0x00431AD0,0x00031AD0,.text,6,FUN_00431AD0,,ACTIVE,HIGH,true,false,false,false,false,false,false,thiscall,uint32_t,,const void*; observed PE32 leaf contract,UNKNOWN,LeafRecovery,decomp/leaf323d1aab/generated/src/leaves_000.cpp,coordinator,CANONICAL-1000-00431AD0,,,decomp/leaf323d1aab/tests/properties.cpp,decomp/evidence/canonical_1000.md,Returns original constant 0x013802A4; frozen-V6 member and locally byte-identical I386 body; CI pending
FUN_00431F60,0x00431F60,0x00031F60,.text,6,FUN_00431F60,,ACTIVE,HIGH,true,false,false,false,false,false,false,thiscall,uint32_t,,const void*; observed PE32 leaf contract,UNKNOWN,LeafRecovery,decomp/leaf323d1aab/generated/src/leaves_000.cpp,coordinator,CANONICAL-1000-00431F60,,,decomp/leaf323d1aab/tests/properties.cpp,decomp/evidence/canonical_1000.md,Returns original constant 0x01658418; frozen-V6 member and locally byte-identical I386 body; CI pending
FUN_00431F70,0x00431F70,0x00031F70,.text,6,FUN_00431F70,,ACTIVE,HIGH,true,false,false,false,false,false,false,thiscall,uint32_t,,const void*; observed PE32 leaf contract,UNKNOWN,LeafRecovery,decomp/leaf323d1aab/generated/src/leaves_000.cpp,coordinator,CANONICAL-1000-00431F70,,,decomp/leaf323d1aab/tests/properties.cpp,decomp/evidence/canonical_1000.md,Returns original constant 0x01380324; frozen-V6 member and locally byte-identical I386 body; CI pending
FUN_00432850,0x00432850,0x00032850,.text,6,FUN_00432850,,ACTIVE,HIGH,true,false,false,false,false,false,false,thiscall,uint32_t,,const void*; observed PE32 leaf contract,UNKNOWN,LeafRecovery,decomp/leaf323d1aab/generated/src/leaves_000.cpp,coordinator,CANONICAL-1000-00432850,,,decomp/leaf323d1aab/tests/properties.cpp,decomp/evidence/canonical_1000.md,Returns original constant 0x0165843C; frozen-V6 member and locally byte-identical I386 body; CI pending
FUN_00432860,0x00432860,0x00032860,.text,6,FUN_00432860,,ACTIVE,HIGH,true,false,false,false,false,false,false,thiscall,uint32_t,,const void*; observed PE32 leaf contract,UNKNOWN,LeafRecovery,decomp/leaf323d1aab/generated/src/leaves_000.cpp,coordinator,CANONICAL-1000-00432860,,,decomp/leaf323d1aab/tests/properties.cpp,decomp/evidence/canonical_1000.md,Returns original constant 0x013803F4; frozen-V6 member and locally byte-identical I386 body; CI pending
FUN_00432870,0x00432870,0x00032870,.text,6,FUN_00432870,,ACTIVE,HIGH,true,false,false,false,false,false,false,thiscall,uint32_t,,const void*; observed PE32 leaf contract,UNKNOWN,LeafRecovery,decomp/leaf323d1aab/generated/src/leaves_000.cpp,coordinator,CANONICAL-1000-00432870,,,decomp/leaf323d1aab/tests/properties.cpp,decomp/evidence/canonical_1000.md,Returns original constant 0x016B77A0; frozen-V6 member and locally byte-identical I386 body; CI pending
FUN_00432A30,0x00432A30,0x00032A30,.text,6,FUN_00432A30,,ACTIVE,HIGH,true,false,false,false,false,false,false,thiscall,uint32_t,,const void*; observed PE32 leaf contract,UNKNOWN,LeafRecovery,decomp/leaf323d1aab/generated/src/leaves_000.cpp,coordinator,CANONICAL-1000-00432A30,,,decomp/leaf323d1aab/tests/properties.cpp,decomp/evidence/canonical_1000.md,Returns original constant 0x0138047C; frozen-V6 member and locally byte-identical I386 body; CI pending
FUN_00432AA0,0x00432AA0,0x00032AA0,.text,4,FUN_00432AA0,,ACTIVE,HIGH,true,false,false,false,false,false,false,thiscall,uint32_t,,const void*; observed PE32 leaf contract,UNKNOWN,LeafRecovery,decomp/leaf323d1aab/generated/src/leaves_000.cpp,coordinator,CANONICAL-1000-00432AA0,,,decomp/leaf323d1aab/tests/properties.cpp,decomp/evidence/canonical_1000.md,Returns 32-bit receiver-relative address this+0x40; frozen-V6 member and locally byte-identical I386 body; CI pending
FUN_00432AE0,0x00432AE0,0x00032AE0,.text,6,FUN_00432AE0,,ACTIVE,HIGH,true,false,false,false,false,false,false,thiscall,uint32_t,,const void*; observed PE32 leaf contract,UNKNOWN,LeafRecovery,decomp/leaf323d1aab/generated/src/leaves_000.cpp,coordinator,CANONICAL-1000-00432AE0,,,decomp/leaf323d1aab/tests/properties.cpp,decomp/evidence/canonical_1000.md,Returns original constant 0x016B81A4; frozen-V6 member and locally byte-identical I386 body; CI pending
FUN_004366C0,0x004366C0,0x000366C0,.text,6,FUN_004366C0,,ACTIVE,HIGH,true,false,false,false,false,false,false,thiscall,uint32_t,,const void*; observed PE32 leaf contract,UNKNOWN,LeafRecovery,decomp/leaf323d1aab/generated/src/leaves_000.cpp,coordinator,CANONICAL-1000-004366C0,,,decomp/leaf323d1aab/tests/properties.cpp,decomp/evidence/canonical_1000.md,Returns original constant 0x01658514; frozen-V6 member and locally byte-identical I386 body; CI pending
FUN_004366D0,0x004366D0,0x000366D0,.text,6,FUN_004366D0,,ACTIVE,HIGH,true,false,false,false,false,false,false,thiscall,uint32_t,,const void*; observed PE32 leaf contract,UNKNOWN,LeafRecovery,decomp/leaf323d1aab/generated/src/leaves_000.cpp,coordinator,CANONICAL-1000-004366D0,,,decomp/leaf323d1aab/tests/properties.cpp,decomp/evidence/canonical_1000.md,Returns original constant 0x01380604; frozen-V6 member and locally byte-identical I386 body; CI pending
FUN_004366E0,0x004366E0,0x000366E0,.text,6,FUN_004366E0,,ACTIVE,HIGH,true,false,false,false,false,false,false,thiscall,uint32_t,,const void*; observed PE32 leaf contract,UNKNOWN,LeafRecovery,decomp/leaf323d1aab/generated/src/leaves_000.cpp,coordinator,CANONICAL-1000-004366E0,,,decomp/leaf323d1aab/tests/properties.cpp,decomp/evidence/canonical_1000.md,Returns original constant 0x0156A4F0; frozen-V6 member and locally byte-identical I386 body; CI pending
FUN_004366F0,0x004366F0,0x000366F0,.text,6,FUN_004366F0,,ACTIVE,HIGH,true,false,false,false,false,false,false,thiscall,uint32_t,,const void*; observed PE32 leaf contract,UNKNOWN,LeafRecovery,decomp/leaf323d1aab/generated/src/leaves_000.cpp,coordinator,CANONICAL-1000-004366F0,,,decomp/leaf323d1aab/tests/properties.cpp,decomp/evidence/canonical_1000.md,Returns original constant 0x01658538; frozen-V6 member and locally byte-identical I386 body; CI pending
FUN_00436700,0x00436700,0x00036700,.text,6,FUN_00436700,,ACTIVE,HIGH,true,false,false,false,false,false,false,thiscall,uint32_t,,const void*; observed PE32 leaf contract,UNKNOWN,LeafRecovery,decomp/leaf323d1aab/generated/src/leaves_000.cpp,coordinator,CANONICAL-1000-00436700,,,decomp/leaf323d1aab/tests/properties.cpp,decomp/evidence/canonical_1000.md,Returns original constant 0x0165855C; frozen-V6 member and locally byte-identical I386 body; CI pending
FUN_00436710,0x00436710,0x00036710,.text,6,FUN_00436710,,ACTIVE,HIGH,true,false,false,false,false,false,false,thiscall,uint32_t,,const void*; observed PE32 leaf contract,UNKNOWN,LeafRecovery,decomp/leaf323d1aab/generated/src/leaves_000.cpp,coordinator,CANONICAL-1000-00436710,,,decomp/leaf323d1aab/tests/properties.cpp,decomp/evidence/canonical_1000.md,Returns original constant 0x01658580; frozen-V6 member and locally byte-identical I386 body; CI pending
FUN_00437950,0x00437950,0x00037950,.text,6,FUN_00437950,,ACTIVE,HIGH,true,false,false,false,false,false,false,thiscall,uint32_t,,const void*; observed PE32 leaf contract,UNKNOWN,LeafRecovery,decomp/leaf323d1aab/generated/src/leaves_000.cpp,coordinator,CANONICAL-1000-00437950,,,decomp/leaf323d1aab/tests/properties.cpp,decomp/evidence/canonical_1000.md,Returns original constant 0x016585B4; frozen-V6 member and locally byte-identical I386 body; CI pending
FUN_00437960,0x00437960,0x00037960,.text,6,FUN_00437960,,ACTIVE,HIGH,true,false,false,false,false,false,false,thiscall,uint32_t,,const void*; observed PE32 leaf contract,UNKNOWN,LeafRecovery,decomp/leaf323d1aab/generated/src/leaves_000.cpp,coordinator,CANONICAL-1000-00437960,,,decomp/leaf323d1aab/tests/properties.cpp,decomp/evidence/canonical_1000.md,Returns original constant 0x0138083C; frozen-V6 member and locally byte-identical I386 body; CI pending
FUN_00437970,0x00437970,0x00037970,.text,6,FUN_00437970,,ACTIVE,HIGH,true,false,false,false,false,false,false,thiscall,uint32_t,,const void*; observed PE32 leaf contract,UNKNOWN,LeafRecovery,decomp/leaf323d1aab/generated/src/leaves_000.cpp,coordinator,CANONICAL-1000-00437970,,,decomp/leaf323d1aab/tests/properties.cpp,decomp/evidence/canonical_1000.md,Returns original constant 0x016585A4; frozen-V6 member and locally byte-identical I386 body; CI pending
FUN_00438330,0x00438330,0x00038330,.text,6,FUN_00438330,,ACTIVE,HIGH,true,false,false,false,false,false,false,thiscall,uint32_t,,const void*; observed PE32 leaf contract,UNKNOWN,LeafRecovery,decomp/leaf323d1aab/generated/src/leaves_000.cpp,coordinator,CANONICAL-1000-00438330,,,decomp/leaf323d1aab/tests/properties.cpp,decomp/evidence/canonical_1000.md,Returns original constant 0x016585DC; frozen-V6 member and locally byte-identical I386 body; CI pending
FUN_00438340,0x00438340,0x00038340,.text,6,FUN_00438340,,ACTIVE,HIGH,true,false,false,false,false,false,false,thiscall,uint32_t,,const void*; observed PE32 leaf contract,UNKNOWN,LeafRecovery,decomp/leaf323d1aab/generated/src/leaves_000.cpp,coordinator,CANONICAL-1000-00438340,,,decomp/leaf323d1aab/tests/properties.cpp,decomp/evidence/canonical_1000.md,Returns original constant 0x01380914; frozen-V6 member and locally byte-identical I386 body; CI pending
FUN_004385E0,0x004385E0,0x000385E0,.text,6,FUN_004385E0,,ACTIVE,HIGH,true,false,false,false,false,false,false,thiscall,uint32_t,,const void*; observed PE32 leaf contract,UNKNOWN,LeafRecovery,decomp/leaf323d1aab/generated/src/leaves_000.cpp,coordinator,CANONICAL-1000-004385E0,,,decomp/leaf323d1aab/tests/properties.cpp,decomp/evidence/canonical_1000.md,Returns original constant 0x01658604; frozen-V6 member and locally byte-identical I386 body; CI pending
FUN_004385F0,0x004385F0,0x000385F0,.text,6,FUN_004385F0,,ACTIVE,HIGH,true,false,false,false,false,false,false,thiscall,uint32_t,,const void*; observed PE32 leaf contract,UNKNOWN,LeafRecovery,decomp/leaf323d1aab/generated/src/leaves_000.cpp,coordinator,CANONICAL-1000-004385F0,,,decomp/leaf323d1aab/tests/properties.cpp,decomp/evidence/canonical_1000.md,Returns original constant 0x013809B4; frozen-V6 member and locally byte-identical I386 body; CI pending
FUN_00438D50,0x00438D50,0x00038D50,.text,6,FUN_00438D50,,ACTIVE,HIGH,true,false,false,false,false,false,false,thiscall,uint32_t,,const void*; observed PE32 leaf contract,UNKNOWN,LeafRecovery,decomp/leaf323d1aab/generated/src/leaves_000.cpp,coordinator,CANONICAL-1000-00438D50,,,decomp/leaf323d1aab/tests/properties.cpp,decomp/evidence/canonical_1000.md,Returns original constant 0x01658664; frozen-V6 member and locally byte-identical I386 body; CI pending
FUN_00438D60,0x00438D60,0x00038D60,.text,6,FUN_00438D60,,ACTIVE,HIGH,true,false,false,false,false,false,false,thiscall,uint32_t,,const void*; observed PE32 leaf contract,UNKNOWN,LeafRecovery,decomp/leaf323d1aab/generated/src/leaves_000.cpp,coordinator,CANONICAL-1000-00438D60,,,decomp/leaf323d1aab/tests/properties.cpp,decomp/evidence/canonical_1000.md,Returns original constant 0x01380A4C; frozen-V6 member and locally byte-identical I386 body; CI pending
FUN_004395E0,0x004395E0,0x000395E0,.text,6,FUN_004395E0,,ACTIVE,HIGH,true,false,false,false,false,false,false,thiscall,uint32_t,,const void*; observed PE32 leaf contract,UNKNOWN,LeafRecovery,decomp/leaf323d1aab/generated/src/leaves_000.cpp,coordinator,CANONICAL-1000-004395E0,,,decomp/leaf323d1aab/tests/properties.cpp,decomp/evidence/canonical_1000.md,Returns original constant 0x01658688; frozen-V6 member and locally byte-identical I386 body; CI pending
FUN_004395F0,0x004395F0,0x000395F0,.text,6,FUN_004395F0,,ACTIVE,HIGH,true,false,false,false,false,false,false,thiscall,uint32_t,,const void*; observed PE32 leaf contract,UNKNOWN,LeafRecovery,decomp/leaf323d1aab/generated/src/leaves_000.cpp,coordinator,CANONICAL-1000-004395F0,,,decomp/leaf323d1aab/tests/properties.cpp,decomp/evidence/canonical_1000.md,Returns original constant 0x01380AE4; frozen-V6 member and locally byte-identical I386 body; CI pending
FUN_00439640,0x00439640,0x00039640,.text,7,FUN_00439640,,ACTIVE,HIGH,true,false,false,false,false,false,false,thiscall,uint32_t,,const void*; observed PE32 leaf contract,UNKNOWN,LeafRecovery,decomp/leaf323d1aab/generated/src/leaves_000.cpp,coordinator,CANONICAL-1000-00439640,,,decomp/leaf323d1aab/tests/properties.cpp,decomp/evidence/canonical_1000.md,Unsigned 32-bit load at this+0xADC; frozen-V6 member and locally byte-identical I386 body; CI pending
FUN_004396B0,0x004396B0,0x000396B0,.text,6,FUN_004396B0,,ACTIVE,HIGH,true,false,false,false,false,false,false,thiscall,uint32_t,,const void*; observed PE32 leaf contract,UNKNOWN,LeafRecovery,decomp/leaf323d1aab/generated/src/leaves_000.cpp,coordinator,CANONICAL-1000-004396B0,,,decomp/leaf323d1aab/tests/properties.cpp,decomp/evidence/canonical_1000.md,Returns original constant 0x0165886C; frozen-V6 member and locally byte-identical I386 body; CI pending
FUN_0043B960,0x0043B960,0x0003B960,.text,6,FUN_0043B960,,ACTIVE,HIGH,true,false,false,false,false,false,false,thiscall,uint32_t,,const void*; observed PE32 leaf contract,UNKNOWN,LeafRecovery,decomp/leaf323d1aab/generated/src/leaves_000.cpp,coordinator,CANONICAL-1000-0043B960,,,decomp/leaf323d1aab/tests/properties.cpp,decomp/evidence/canonical_1000.md,Returns original constant 0x01658704; frozen-V6 member and locally byte-identical I386 body; CI pending
FUN_0043B970,0x0043B970,0x0003B970,.text,6,FUN_0043B970,,ACTIVE,HIGH,true,false,false,false,false,false,false,thiscall,uint32_t,,const void*; observed PE32 leaf contract,UNKNOWN,LeafRecovery,decomp/leaf323d1aab/generated/src/leaves_000.cpp,coordinator,CANONICAL-1000-0043B970,,,decomp/leaf323d1aab/tests/properties.cpp,decomp/evidence/canonical_1000.md,Returns original constant 0x01380C0C; frozen-V6 member and locally byte-identical I386 body; CI pending
FUN_0043B980,0x0043B980,0x0003B980,.text,6,FUN_0043B980,,ACTIVE,HIGH,true,false,false,false,false,false,false,thiscall,uint32_t,,const void*; observed PE32 leaf contract,UNKNOWN,LeafRecovery,decomp/leaf323d1aab/generated/src/leaves_000.cpp,coordinator,CANONICAL-1000-0043B980,,,decomp/leaf323d1aab/tests/properties.cpp,decomp/evidence/canonical_1000.md,Returns original constant 0x0156A670; frozen-V6 member and locally byte-identical I386 body; CI pending
FUN_0043B990,0x0043B990,0x0003B990,.text,6,FUN_0043B990,,ACTIVE,HIGH,true,false,false,false,false,false,false,thiscall,uint32_t,,const void*; observed PE32 leaf contract,UNKNOWN,LeafRecovery,decomp/leaf323d1aab/generated/src/leaves_000.cpp,coordinator,CANONICAL-1000-0043B990,,,decomp/leaf323d1aab/tests/properties.cpp,decomp/evidence/canonical_1000.md,Returns original constant 0x01658728; frozen-V6 member and locally byte-identical I386 body; CI pending
FUN_0043B9A0,0x0043B9A0,0x0003B9A0,.text,6,FUN_0043B9A0,,ACTIVE,HIGH,true,false,false,false,false,false,false,thiscall,uint32_t,,const void*; observed PE32 leaf contract,UNKNOWN,LeafRecovery,decomp/leaf323d1aab/generated/src/leaves_000.cpp,coordinator,CANONICAL-1000-0043B9A0,,,decomp/leaf323d1aab/tests/properties.cpp,decomp/evidence/canonical_1000.md,Returns original constant 0x0165874C; frozen-V6 member and locally byte-identical I386 body; CI pending
FUN_0043B9B0,0x0043B9B0,0x0003B9B0,.text,6,FUN_0043B9B0,,ACTIVE,HIGH,true,false,false,false,false,false,false,thiscall,uint32_t,,const void*; observed PE32 leaf contract,UNKNOWN,LeafRecovery,decomp/leaf323d1aab/generated/src/leaves_000.cpp,coordinator,CANONICAL-1000-0043B9B0,,,decomp/leaf323d1aab/tests/properties.cpp,decomp/evidence/canonical_1000.md,Returns original constant 0x01658770; frozen-V6 member and locally byte-identical I386 body; CI pending
FUN_0043B9C0,0x0043B9C0,0x0003B9C0,.text,6,FUN_0043B9C0,,ACTIVE,HIGH,true,false,false,false,false,false,false,thiscall,uint32_t,,const void*; observed PE32 leaf contract,UNKNOWN,LeafRecovery,decomp/leaf323d1aab/generated/src/leaves_000.cpp,coordinator,CANONICAL-1000-0043B9C0,,,decomp/leaf323d1aab/tests/properties.cpp,decomp/evidence/canonical_1000.md,Returns original constant 0x01658794; frozen-V6 member and locally byte-identical I386 body; CI pending
FUN_0043B9D0,0x0043B9D0,0x0003B9D0,.text,6,FUN_0043B9D0,,ACTIVE,HIGH,true,false,false,false,false,false,false,thiscall,uint32_t,,const void*; observed PE32 leaf contract,UNKNOWN,LeafRecovery,decomp/leaf323d1aab/generated/src/leaves_000.cpp,coordinator,CANONICAL-1000-0043B9D0,,,decomp/leaf323d1aab/tests/properties.cpp,decomp/evidence/canonical_1000.md,Returns original constant 0x016587B8; frozen-V6 member and locally byte-identical I386 body; CI pending
FUN_0043B9E0,0x0043B9E0,0x0003B9E0,.text,6,FUN_0043B9E0,,ACTIVE,HIGH,true,false,false,false,false,false,false,thiscall,uint32_t,,const void*; observed PE32 leaf contract,UNKNOWN,LeafRecovery,decomp/leaf323d1aab/generated/src/leaves_000.cpp,coordinator,CANONICAL-1000-0043B9E0,,,decomp/leaf323d1aab/tests/properties.cpp,decomp/evidence/canonical_1000.md,Returns original constant 0x016587DC; frozen-V6 member and locally byte-identical I386 body; CI pending
FUN_0043B9F0,0x0043B9F0,0x0003B9F0,.text,6,FUN_0043B9F0,,ACTIVE,HIGH,true,false,false,false,false,false,false,thiscall,uint32_t,,const void*; observed PE32 leaf contract,UNKNOWN,LeafRecovery,decomp/leaf323d1aab/generated/src/leaves_000.cpp,coordinator,CANONICAL-1000-0043B9F0,,,decomp/leaf323d1aab/tests/properties.cpp,decomp/evidence/canonical_1000.md,Returns original constant 0x01658800; frozen-V6 member and locally byte-identical I386 body; CI pending
FUN_0043BA00,0x0043BA00,0x0003BA00,.text,6,FUN_0043BA00,,ACTIVE,HIGH,true,false,false,false,false,false,false,thiscall,uint32_t,,const void*; observed PE32 leaf contract,UNKNOWN,LeafRecovery,decomp/leaf323d1aab/generated/src/leaves_000.cpp,coordinator,CANONICAL-1000-0043BA00,,,decomp/leaf323d1aab/tests/properties.cpp,decomp/evidence/canonical_1000.md,Returns original constant 0x01658824; frozen-V6 member and locally byte-identical I386 body; CI pending
FUN_0043BA10,0x0043BA10,0x0003BA10,.text,6,FUN_0043BA10,,ACTIVE,HIGH,true,false,false,false,false,false,false,thiscall,uint32_t,,const void*; observed PE32 leaf contract,UNKNOWN,LeafRecovery,decomp/leaf323d1aab/generated/src/leaves_000.cpp,coordinator,CANONICAL-1000-0043BA10,,,decomp/leaf323d1aab/tests/properties.cpp,decomp/evidence/canonical_1000.md,Returns original constant 0x01658848; frozen-V6 member and locally byte-identical I386 body; CI pending
FUN_0043BA20,0x0043BA20,0x0003BA20,.text,6,FUN_0043BA20,,ACTIVE,HIGH,true,false,false,false,false,false,false,thiscall,uint32_t,,const void*; observed PE32 leaf contract,UNKNOWN,LeafRecovery,decomp/leaf323d1aab/generated/src/leaves_000.cpp,coordinator,CANONICAL-1000-0043BA20,,,decomp/leaf323d1aab/tests/properties.cpp,decomp/evidence/canonical_1000.md,Returns original constant 0x01658890; frozen-V6 member and locally byte-identical I386 body; CI pending
FUN_0043BE50,0x0043BE50,0x0003BE50,.text,6,FUN_0043BE50,,ACTIVE,HIGH,true,false,false,false,false,false,false,thiscall,uint32_t,,const void*; observed PE32 leaf contract,UNKNOWN,LeafRecovery,decomp/leaf323d1aab/generated/src/leaves_000.cpp,coordinator,CANONICAL-1000-0043BE50,,,decomp/leaf323d1aab/tests/properties.cpp,decomp/evidence/canonical_1000.md,Returns original constant 0x016588C4; frozen-V6 member and locally byte-identical I386 body; CI pending
FUN_0043BE60,0x0043BE60,0x0003BE60,.text,6,FUN_0043BE60,,ACTIVE,HIGH,true,false,false,false,false,false,false,thiscall,uint32_t,,const void*; observed PE32 leaf contract,UNKNOWN,LeafRecovery,decomp/leaf323d1aab/generated/src/leaves_000.cpp,coordinator,CANONICAL-1000-0043BE60,,,decomp/leaf323d1aab/tests/properties.cpp,decomp/evidence/canonical_1000.md,Returns original constant 0x0138105C; frozen-V6 member and locally byte-identical I386 body; CI pending
FUN_0043BE70,0x0043BE70,0x0003BE70,.text,6,FUN_0043BE70,,ACTIVE,HIGH,true,false,false,false,false,false,false,thiscall,uint32_t,,const void*; observed PE32 leaf contract,UNKNOWN,LeafRecovery,decomp/leaf323d1aab/generated/src/leaves_000.cpp,coordinator,CANONICAL-1000-0043BE70,,,decomp/leaf323d1aab/tests/properties.cpp,decomp/evidence/canonical_1000.md,Returns original constant 0x0156A710; frozen-V6 member and locally byte-identical I386 body; CI pending
FUN_0043BE80,0x0043BE80,0x0003BE80,.text,6,FUN_0043BE80,,ACTIVE,HIGH,true,false,false,false,false,false,false,thiscall,uint32_t,,const void*; observed PE32 leaf contract,UNKNOWN,LeafRecovery,decomp/leaf323d1aab/generated/src/leaves_000.cpp,coordinator,CANONICAL-1000-0043BE80,,,decomp/leaf323d1aab/tests/properties.cpp,decomp/evidence/canonical_1000.md,Returns original constant 0x016588E8; frozen-V6 member and locally byte-identical I386 body; CI pending
FUN_0043C3F0,0x0043C3F0,0x0003C3F0,.text,6,FUN_0043C3F0,,ACTIVE,HIGH,true,false,false,false,false,false,false,thiscall,uint32_t,,const void*; observed PE32 leaf contract,UNKNOWN,LeafRecovery,decomp/leaf323d1aab/generated/src/leaves_000.cpp,coordinator,CANONICAL-1000-0043C3F0,,,decomp/leaf323d1aab/tests/properties.cpp,decomp/evidence/canonical_1000.md,Returns original constant 0x01381134; frozen-V6 member and locally byte-identical I386 body; CI pending
FUN_0043C7F0,0x0043C7F0,0x0003C7F0,.text,6,FUN_0043C7F0,,ACTIVE,HIGH,true,false,false,false,false,false,false,thiscall,uint32_t,,const void*; observed PE32 leaf contract,UNKNOWN,LeafRecovery,decomp/leaf323d1aab/generated/src/leaves_000.cpp,coordinator,CANONICAL-1000-0043C7F0,,,decomp/leaf323d1aab/tests/properties.cpp,decomp/evidence/canonical_1000.md,Returns original constant 0x013811F8; frozen-V6 member and locally byte-identical I386 body; CI pending
FUN_0043D6C0,0x0043D6C0,0x0003D6C0,.text,6,FUN_0043D6C0,,ACTIVE,HIGH,true,false,false,false,false,false,false,thiscall,uint32_t,,const void*; observed PE32 leaf contract,UNKNOWN,LeafRecovery,decomp/leaf323d1aab/generated/src/leaves_000.cpp,coordinator,CANONICAL-1000-0043D6C0,,,decomp/leaf323d1aab/tests/properties.cpp,decomp/evidence/canonical_1000.md,Returns original constant 0x01658934; frozen-V6 member and locally byte-identical I386 body; CI pending
FUN_0043D6D0,0x0043D6D0,0x0003D6D0,.text,6,FUN_0043D6D0,,ACTIVE,HIGH,true,false,false,false,false,false,false,thiscall,uint32_t,,const void*; observed PE32 leaf contract,UNKNOWN,LeafRecovery,decomp/leaf323d1aab/generated/src/leaves_000.cpp,coordinator,CANONICAL-1000-0043D6D0,,,decomp/leaf323d1aab/tests/properties.cpp,decomp/evidence/canonical_1000.md,Returns original constant 0x013811D4; frozen-V6 member and locally byte-identical I386 body; CI pending
FUN_0043DE60,0x0043DE60,0x0003DE60,.text,6,FUN_0043DE60,,ACTIVE,HIGH,true,false,false,false,false,false,false,thiscall,uint32_t,,const void*; observed PE32 leaf contract,UNKNOWN,LeafRecovery,decomp/leaf323d1aab/generated/src/leaves_000.cpp,coordinator,CANONICAL-1000-0043DE60,,,decomp/leaf323d1aab/tests/properties.cpp,decomp/evidence/canonical_1000.md,Returns original constant 0x01381274; frozen-V6 member and locally byte-identical I386 body; CI pending
FUN_0043F080,0x0043F080,0x0003F080,.text,6,FUN_0043F080,,ACTIVE,HIGH,true,false,false,false,false,false,false,thiscall,uint32_t,,const void*; observed PE32 leaf contract,UNKNOWN,LeafRecovery,decomp/leaf323d1aab/generated/src/leaves_000.cpp,coordinator,CANONICAL-1000-0043F080,,,decomp/leaf323d1aab/tests/properties.cpp,decomp/evidence/canonical_1000.md,Returns original constant 0x01658980; frozen-V6 member and locally byte-identical I386 body; CI pending
FUN_0043F090,0x0043F090,0x0003F090,.text,6,FUN_0043F090,,ACTIVE,HIGH,true,false,false,false,false,false,false,thiscall,uint32_t,,const void*; observed PE32 leaf contract,UNKNOWN,LeafRecovery,decomp/leaf323d1aab/generated/src/leaves_000.cpp,coordinator,CANONICAL-1000-0043F090,,,decomp/leaf323d1aab/tests/properties.cpp,decomp/evidence/canonical_1000.md,Returns original constant 0x013812FC; frozen-V6 member and locally byte-identical I386 body; CI pending
FUN_0043F0A0,0x0043F0A0,0x0003F0A0,.text,6,FUN_0043F0A0,,ACTIVE,HIGH,true,false,false,false,false,false,false,thiscall,uint32_t,,const void*; observed PE32 leaf contract,UNKNOWN,LeafRecovery,decomp/leaf323d1aab/generated/src/leaves_000.cpp,coordinator,CANONICAL-1000-0043F0A0,,,decomp/leaf323d1aab/tests/properties.cpp,decomp/evidence/canonical_1000.md,Returns original constant 0x016589A4; frozen-V6 member and locally byte-identical I386 body; CI pending
FUN_0043F0B0,0x0043F0B0,0x0003F0B0,.text,7,FUN_0043F0B0,,ACTIVE,HIGH,true,false,false,false,false,false,false,thiscall,uint32_t,,const void*; observed PE32 leaf contract,UNKNOWN,LeafRecovery,decomp/leaf323d1aab/generated/src/leaves_000.cpp,coordinator,CANONICAL-1000-0043F0B0,,,decomp/leaf323d1aab/tests/properties.cpp,decomp/evidence/canonical_1000.md,Unsigned 32-bit load at this+0x14E4; frozen-V6 member and locally byte-identical I386 body; CI pending
FUN_0043F7B0,0x0043F7B0,0x0003F7B0,.text,6,FUN_0043F7B0,,ACTIVE,HIGH,true,false,false,false,false,false,false,thiscall,uint32_t,,const void*; observed PE32 leaf contract,UNKNOWN,LeafRecovery,decomp/leaf323d1aab/generated/src/leaves_000.cpp,coordinator,CANONICAL-1000-0043F7B0,,,decomp/leaf323d1aab/tests/properties.cpp,decomp/evidence/canonical_1000.md,Returns original constant 0x013813F4; frozen-V6 member and locally byte-identical I386 body; CI pending
FUN_0043FA40,0x0043FA40,0x0003FA40,.text,6,FUN_0043FA40,,ACTIVE,HIGH,true,false,false,false,false,false,false,thiscall,uint32_t,,const void*; observed PE32 leaf contract,UNKNOWN,LeafRecovery,decomp/leaf323d1aab/generated/src/leaves_000.cpp,coordinator,CANONICAL-1000-0043FA40,,,decomp/leaf323d1aab/tests/properties.cpp,decomp/evidence/canonical_1000.md,Returns original constant 0x016589EC; frozen-V6 member and locally byte-identical I386 body; CI pending
FUN_0043FA50,0x0043FA50,0x0003FA50,.text,6,FUN_0043FA50,,ACTIVE,HIGH,true,false,false,false,false,false,false,thiscall,uint32_t,,const void*; observed PE32 leaf contract,UNKNOWN,LeafRecovery,decomp/leaf323d1aab/generated/src/leaves_000.cpp,coordinator,CANONICAL-1000-0043FA50,,,decomp/leaf323d1aab/tests/properties.cpp,decomp/evidence/canonical_1000.md,Returns original constant 0x013814E4; frozen-V6 member and locally byte-identical I386 body; CI pending
FUN_0043FE20,0x0043FE20,0x0003FE20,.text,6,FUN_0043FE20,,ACTIVE,HIGH,true,false,false,false,false,false,false,thiscall,uint32_t,,const void*; observed PE32 leaf contract,UNKNOWN,LeafRecovery,decomp/leaf323d1aab/generated/src/leaves_000.cpp,coordinator,CANONICAL-1000-0043FE20,,,decomp/leaf323d1aab/tests/properties.cpp,decomp/evidence/canonical_1000.md,Returns original constant 0x01658A10; frozen-V6 member and locally byte-identical I386 body; CI pending
FUN_0043FE30,0x0043FE30,0x0003FE30,.text,6,FUN_0043FE30,,ACTIVE,HIGH,true,false,false,false,false,false,false,thiscall,uint32_t,,const void*; observed PE32 leaf contract,UNKNOWN,LeafRecovery,decomp/leaf323d1aab/generated/src/leaves_000.cpp,coordinator,CANONICAL-1000-0043FE30,,,decomp/leaf323d1aab/tests/properties.cpp,decomp/evidence/canonical_1000.md,Returns original constant 0x01381564; frozen-V6 member and locally byte-identical I386 body; CI pending
FUN_0043FE80,0x0043FE80,0x0003FE80,.text,6,FUN_0043FE80,,ACTIVE,HIGH,true,false,false,false,false,false,false,thiscall,uint32_t,,const void*; observed PE32 leaf contract,UNKNOWN,LeafRecovery,decomp/leaf323d1aab/generated/src/leaves_000.cpp,coordinator,CANONICAL-1000-0043FE80,,,decomp/leaf323d1aab/tests/properties.cpp,decomp/evidence/canonical_1000.md,Returns original constant 0x01658A7C; frozen-V6 member and locally byte-identical I386 body; CI pending
FUN_00440F40,0x00440F40,0x00040F40,.text,6,FUN_00440F40,,ACTIVE,HIGH,true,false,false,false,false,false,false,thiscall,uint32_t,,const void*; observed PE32 leaf contract,UNKNOWN,LeafRecovery,decomp/leaf323d1aab/generated/src/leaves_000.cpp,coordinator,CANONICAL-1000-00440F40,,,decomp/leaf323d1aab/tests/properties.cpp,decomp/evidence/canonical_1000.md,Returns original constant 0x01658A34; frozen-V6 member and locally byte-identical I386 body; CI pending
FUN_00440F50,0x00440F50,0x00040F50,.text,6,FUN_00440F50,,ACTIVE,HIGH,true,false,false,false,false,false,false,thiscall,uint32_t,,const void*; observed PE32 leaf contract,UNKNOWN,LeafRecovery,decomp/leaf323d1aab/generated/src/leaves_000.cpp,coordinator,CANONICAL-1000-00440F50,,,decomp/leaf323d1aab/tests/properties.cpp,decomp/evidence/canonical_1000.md,Returns original constant 0x0138163C; frozen-V6 member and locally byte-identical I386 body; CI pending
FUN_00440F60,0x00440F60,0x00040F60,.text,6,FUN_00440F60,,ACTIVE,HIGH,true,false,false,false,false,false,false,thiscall,uint32_t,,const void*; observed PE32 leaf contract,UNKNOWN,LeafRecovery,decomp/leaf323d1aab/generated/src/leaves_000.cpp,coordinator,CANONICAL-1000-00440F60,,,decomp/leaf323d1aab/tests/properties.cpp,decomp/evidence/canonical_1000.md,Returns original constant 0x0156A840; frozen-V6 member and locally byte-identical I386 body; CI pending
FUN_00440F70,0x00440F70,0x00040F70,.text,6,FUN_00440F70,,ACTIVE,HIGH,true,false,false,false,false,false,false,thiscall,uint32_t,,const void*; observed PE32 leaf contract,UNKNOWN,LeafRecovery,decomp/leaf323d1aab/generated/src/leaves_000.cpp,coordinator,CANONICAL-1000-00440F70,,,decomp/leaf323d1aab/tests/properties.cpp,decomp/evidence/canonical_1000.md,Returns original constant 0x01658A58; frozen-V6 member and locally byte-identical I386 body; CI pending
FUN_00440F80,0x00440F80,0x00040F80,.text,6,FUN_00440F80,,ACTIVE,HIGH,true,false,false,false,false,false,false,thiscall,uint32_t,,const void*; observed PE32 leaf contract,UNKNOWN,LeafRecovery,decomp/leaf323d1aab/generated/src/leaves_000.cpp,coordinator,CANONICAL-1000-00440F80,,,decomp/leaf323d1aab/tests/properties.cpp,decomp/evidence/canonical_1000.md,Returns original constant 0x01658AA0; frozen-V6 member and locally byte-identical I386 body; CI pending
FUN_004438C0,0x004438C0,0x000438C0,.text,6,FUN_004438C0,,ACTIVE,HIGH,true,false,false,false,false,false,false,thiscall,uint32_t,,const void*; observed PE32 leaf contract,UNKNOWN,LeafRecovery,decomp/leaf323d1aab/generated/src/leaves_000.cpp,coordinator,CANONICAL-1000-004438C0,,,decomp/leaf323d1aab/tests/properties.cpp,decomp/evidence/canonical_1000.md,Returns original constant 0x01658AC4; frozen-V6 member and locally byte-identical I386 body; CI pending
FUN_004438D0,0x004438D0,0x000438D0,.text,6,FUN_004438D0,,ACTIVE,HIGH,true,false,false,false,false,false,false,thiscall,uint32_t,,const void*; observed PE32 leaf contract,UNKNOWN,LeafRecovery,decomp/leaf323d1aab/generated/src/leaves_000.cpp,coordinator,CANONICAL-1000-004438D0,,,decomp/leaf323d1aab/tests/properties.cpp,decomp/evidence/canonical_1000.md,Returns original constant 0x0138178C; frozen-V6 member and locally byte-identical I386 body; CI pending
FUN_00445270,0x00445270,0x00045270,.text,6,FUN_00445270,,ACTIVE,HIGH,true,false,false,false,false,false,false,thiscall,uint32_t,,const void*; observed PE32 leaf contract,UNKNOWN,LeafRecovery,decomp/leaf323d1aab/generated/src/leaves_000.cpp,coordinator,CANONICAL-1000-00445270,,,decomp/leaf323d1aab/tests/properties.cpp,decomp/evidence/canonical_1000.md,Returns original constant 0x01658B34; frozen-V6 member and locally byte-identical I386 body; CI pending
FUN_00445280,0x00445280,0x00045280,.text,6,FUN_00445280,,ACTIVE,HIGH,true,false,false,false,false,false,false,thiscall,uint32_t,,const void*; observed PE32 leaf contract,UNKNOWN,LeafRecovery,decomp/leaf323d1aab/generated/src/leaves_000.cpp,coordinator,CANONICAL-1000-00445280,,,decomp/leaf323d1aab/tests/properties.cpp,decomp/evidence/canonical_1000.md,Returns original constant 0x013819BC; frozen-V6 member and locally byte-identical I386 body; CI pending
FUN_00445290,0x00445290,0x00045290,.text,6,FUN_00445290,,ACTIVE,HIGH,true,false,false,false,false,false,false,thiscall,uint32_t,,const void*; observed PE32 leaf contract,UNKNOWN,LeafRecovery,decomp/leaf323d1aab/generated/src/leaves_000.cpp,coordinator,CANONICAL-1000-00445290,,,decomp/leaf323d1aab/tests/properties.cpp,decomp/evidence/canonical_1000.md,Returns original constant 0x01658B58; frozen-V6 member and locally byte-identical I386 body; CI pending
FUN_00445B30,0x00445B30,0x00045B30,.text,6,FUN_00445B30,,ACTIVE,HIGH,true,false,false,false,false,false,false,thiscall,uint32_t,,const void*; observed PE32 leaf contract,UNKNOWN,LeafRecovery,decomp/leaf323d1aab/generated/src/leaves_000.cpp,coordinator,CANONICAL-1000-00445B30,,,decomp/leaf323d1aab/tests/properties.cpp,decomp/evidence/canonical_1000.md,Returns original constant 0x01658BA4; frozen-V6 member and locally byte-identical I386 body; CI pending
FUN_00445B40,0x00445B40,0x00045B40,.text,6,FUN_00445B40,,ACTIVE,HIGH,true,false,false,false,false,false,false,thiscall,uint32_t,,const void*; observed PE32 leaf contract,UNKNOWN,LeafRecovery,decomp/leaf323d1aab/generated/src/leaves_000.cpp,coordinator,CANONICAL-1000-00445B40,,,decomp/leaf323d1aab/tests/properties.cpp,decomp/evidence/canonical_1000.md,Returns original constant 0x01381AF4; frozen-V6 member and locally byte-identical I386 body; CI pending
FUN_00447790,0x00447790,0x00047790,.text,6,FUN_00447790,,ACTIVE,HIGH,true,false,false,false,false,false,false,thiscall,uint32_t,,const void*; observed PE32 leaf contract,UNKNOWN,LeafRecovery,decomp/leaf323d1aab/generated/src/leaves_000.cpp,coordinator,CANONICAL-1000-00447790,,,decomp/leaf323d1aab/tests/properties.cpp,decomp/evidence/canonical_1000.md,Returns original constant 0x01658D2C; frozen-V6 member and locally byte-identical I386 body; CI pending
FUN_004477A0,0x004477A0,0x000477A0,.text,6,FUN_004477A0,,ACTIVE,HIGH,true,false,false,false,false,false,false,thiscall,uint32_t,,const void*; observed PE32 leaf contract,UNKNOWN,LeafRecovery,decomp/leaf323d1aab/generated/src/leaves_000.cpp,coordinator,CANONICAL-1000-004477A0,,,decomp/leaf323d1aab/tests/properties.cpp,decomp/evidence/canonical_1000.md,Returns original constant 0x01381BAC; frozen-V6 member and locally byte-identical I386 body; CI pending
FUN_00448400,0x00448400,0x00048400,.text,6,FUN_00448400,,ACTIVE,HIGH,true,false,false,false,false,false,false,thiscall,uint32_t,,const void*; observed PE32 leaf contract,UNKNOWN,LeafRecovery,decomp/leaf323d1aab/generated/src/leaves_000.cpp,coordinator,CANONICAL-1000-00448400,,,decomp/leaf323d1aab/tests/properties.cpp,decomp/evidence/canonical_1000.md,Returns original constant 0x01658D64; frozen-V6 member and locally byte-identical I386 body; CI pending
FUN_00448410,0x00448410,0x00048410,.text,6,FUN_00448410,,ACTIVE,HIGH,true,false,false,false,false,false,false,thiscall,uint32_t,,const void*; observed PE32 leaf contract,UNKNOWN,LeafRecovery,decomp/leaf323d1aab/generated/src/leaves_000.cpp,coordinator,CANONICAL-1000-00448410,,,decomp/leaf323d1aab/tests/properties.cpp,decomp/evidence/canonical_1000.md,Returns original constant 0x01381C9C; frozen-V6 member and locally byte-identical I386 body; CI pending
FUN_00449480,0x00449480,0x00049480,.text,6,FUN_00449480,,ACTIVE,HIGH,true,false,false,false,false,false,false,thiscall,uint32_t,,const void*; observed PE32 leaf contract,UNKNOWN,LeafRecovery,decomp/leaf323d1aab/generated/src/leaves_000.cpp,coordinator,CANONICAL-1000-00449480,,,decomp/leaf323d1aab/tests/properties.cpp,decomp/evidence/canonical_1000.md,Returns original constant 0x01658D98; frozen-V6 member and locally byte-identical I386 body; CI pending
FUN_00449490,0x00449490,0x00049490,.text,6,FUN_00449490,,ACTIVE,HIGH,true,false,false,false,false,false,false,thiscall,uint32_t,,const void*; observed PE32 leaf contract,UNKNOWN,LeafRecovery,decomp/leaf323d1aab/generated/src/leaves_000.cpp,coordinator,CANONICAL-1000-00449490,,,decomp/leaf323d1aab/tests/properties.cpp,decomp/evidence/canonical_1000.md,Returns original constant 0x01381E6C; frozen-V6 member and locally byte-identical I386 body; CI pending
FUN_00449BC0,0x00449BC0,0x00049BC0,.text,6,FUN_00449BC0,,ACTIVE,HIGH,true,false,false,false,false,false,false,thiscall,uint32_t,,const void*; observed PE32 leaf contract,UNKNOWN,LeafRecovery,decomp/leaf323d1aab/generated/src/leaves_000.cpp,coordinator,CANONICAL-1000-00449BC0,,,decomp/leaf323d1aab/tests/properties.cpp,decomp/evidence/canonical_1000.md,Returns original constant 0x01658DBC; frozen-V6 member and locally byte-identical I386 body; CI pending
FUN_00449BD0,0x00449BD0,0x00049BD0,.text,6,FUN_00449BD0,,ACTIVE,HIGH,true,false,false,false,false,false,false,thiscall,uint32_t,,const void*; observed PE32 leaf contract,UNKNOWN,LeafRecovery,decomp/leaf323d1aab/generated/src/leaves_000.cpp,coordinator,CANONICAL-1000-00449BD0,,,decomp/leaf323d1aab/tests/properties.cpp,decomp/evidence/canonical_1000.md,Returns original constant 0x01382014; frozen-V6 member and locally byte-identical I386 body; CI pending
FUN_0044AA70,0x0044AA70,0x0004AA70,.text,6,FUN_0044AA70,,ACTIVE,HIGH,true,false,false,false,false,false,false,thiscall,uint32_t,,const void*; observed PE32 leaf contract,UNKNOWN,LeafRecovery,decomp/leaf323d1aab/generated/src/leaves_000.cpp,coordinator,CANONICAL-1000-0044AA70,,,decomp/leaf323d1aab/tests/properties.cpp,decomp/evidence/canonical_1000.md,Returns original constant 0x01658DF0; frozen-V6 member and locally byte-identical I386 body; CI pending
FUN_0044AA80,0x0044AA80,0x0004AA80,.text,6,FUN_0044AA80,,ACTIVE,HIGH,true,false,false,false,false,false,false,thiscall,uint32_t,,const void*; observed PE32 leaf contract,UNKNOWN,LeafRecovery,decomp/leaf323d1aab/generated/src/leaves_000.cpp,coordinator,CANONICAL-1000-0044AA80,,,decomp/leaf323d1aab/tests/properties.cpp,decomp/evidence/canonical_1000.md,Returns original constant 0x013820C4; frozen-V6 member and locally byte-identical I386 body; CI pending
FUN_0044AB60,0x0044AB60,0x0004AB60,.text,6,FUN_0044AB60,,ACTIVE,HIGH,true,false,false,false,false,false,false,thiscall,uint32_t,,const void*; observed PE32 leaf contract,UNKNOWN,LeafRecovery,decomp/leaf323d1aab/generated/src/leaves_000.cpp,coordinator,CANONICAL-1000-0044AB60,,,decomp/leaf323d1aab/tests/properties.cpp,decomp/evidence/canonical_1000.md,Returns original constant 0x01382178; frozen-V6 member and locally byte-identical I386 body; CI pending
FUN_0044B940,0x0044B940,0x0004B940,.text,6,FUN_0044B940,,ACTIVE,HIGH,true,false,false,false,false,false,false,thiscall,uint32_t,,const void*; observed PE32 leaf contract,UNKNOWN,LeafRecovery,decomp/leaf323d1aab/generated/src/leaves_000.cpp,coordinator,CANONICAL-1000-0044B940,,,decomp/leaf323d1aab/tests/properties.cpp,decomp/evidence/canonical_1000.md,Returns original constant 0x01658E38; frozen-V6 member and locally byte-identical I386 body; CI pending
FUN_0044B950,0x0044B950,0x0004B950,.text,6,FUN_0044B950,,ACTIVE,HIGH,true,false,false,false,false,false,false,thiscall,uint32_t,,const void*; observed PE32 leaf contract,UNKNOWN,LeafRecovery,decomp/leaf323d1aab/generated/src/leaves_000.cpp,coordinator,CANONICAL-1000-0044B950,,,decomp/leaf323d1aab/tests/properties.cpp,decomp/evidence/canonical_1000.md,Returns original constant 0x01382154; frozen-V6 member and locally byte-identical I386 body; CI pending
FUN_0044CA30,0x0044CA30,0x0004CA30,.text,6,FUN_0044CA30,,ACTIVE,HIGH,true,false,false,false,false,false,false,thiscall,uint32_t,,const void*; observed PE32 leaf contract,UNKNOWN,LeafRecovery,decomp/leaf323d1aab/generated/src/leaves_000.cpp,coordinator,CANONICAL-1000-0044CA30,,,decomp/leaf323d1aab/tests/properties.cpp,decomp/evidence/canonical_1000.md,Returns original constant 0x01658EC0; frozen-V6 member and locally byte-identical I386 body; CI pending
FUN_0044CA40,0x0044CA40,0x0004CA40,.text,6,FUN_0044CA40,,ACTIVE,HIGH,true,false,false,false,false,false,false,thiscall,uint32_t,,const void*; observed PE32 leaf contract,UNKNOWN,LeafRecovery,decomp/leaf323d1aab/generated/src/leaves_000.cpp,coordinator,CANONICAL-1000-0044CA40,,,decomp/leaf323d1aab/tests/properties.cpp,decomp/evidence/canonical_1000.md,Returns original constant 0x0138228C; frozen-V6 member and locally byte-identical I386 body; CI pending
FUN_0044CB20,0x0044CB20,0x0004CB20,.text,6,FUN_0044CB20,,ACTIVE,HIGH,true,false,false,false,false,false,false,thiscall,uint32_t,,const void*; observed PE32 leaf contract,UNKNOWN,LeafRecovery,decomp/leaf323d1aab/generated/src/leaves_000.cpp,coordinator,CANONICAL-1000-0044CB20,,,decomp/leaf323d1aab/tests/properties.cpp,decomp/evidence/canonical_1000.md,Returns original constant 0x01382328; frozen-V6 member and locally byte-identical I386 body; CI pending
FUN_0044D220,0x0044D220,0x0004D220,.text,6,FUN_0044D220,,ACTIVE,HIGH,true,false,false,false,false,false,false,thiscall,uint32_t,,const void*; observed PE32 leaf contract,UNKNOWN,LeafRecovery,decomp/leaf323d1aab/generated/src/leaves_000.cpp,coordinator,CANONICAL-1000-0044D220,,,decomp/leaf323d1aab/tests/properties.cpp,decomp/evidence/canonical_1000.md,Returns original constant 0x01658EE4; frozen-V6 member and locally byte-identical I386 body; CI pending
FUN_0044D230,0x0044D230,0x0004D230,.text,6,FUN_0044D230,,ACTIVE,HIGH,true,false,false,false,false,false,false,thiscall,uint32_t,,const void*; observed PE32 leaf contract,UNKNOWN,LeafRecovery,decomp/leaf323d1aab/generated/src/leaves_000.cpp,coordinator,CANONICAL-1000-0044D230,,,decomp/leaf323d1aab/tests/properties.cpp,decomp/evidence/canonical_1000.md,Returns original constant 0x01382314; frozen-V6 member and locally byte-identical I386 body; CI pending
FUN_0044D390,0x0044D390,0x0004D390,.text,6,FUN_0044D390,,ACTIVE,HIGH,true,false,false,false,false,false,false,thiscall,uint32_t,,const void*; observed PE32 leaf contract,UNKNOWN,LeafRecovery,decomp/leaf323d1aab/generated/src/leaves_000.cpp,coordinator,CANONICAL-1000-0044D390,,,decomp/leaf323d1aab/tests/properties.cpp,decomp/evidence/canonical_1000.md,Returns original constant 0x0138247C; frozen-V6 member and locally byte-identical I386 body; CI pending
FUN_0044DD10,0x0044DD10,0x0004DD10,.text,6,FUN_0044DD10,,ACTIVE,HIGH,true,false,false,false,false,false,false,thiscall,uint32_t,,const void*; observed PE32 leaf contract,UNKNOWN,LeafRecovery,decomp/leaf323d1aab/generated/src/leaves_000.cpp,coordinator,CANONICAL-1000-0044DD10,,,decomp/leaf323d1aab/tests/properties.cpp,decomp/evidence/canonical_1000.md,Returns original constant 0x01658F2C; frozen-V6 member and locally byte-identical I386 body; CI pending
FUN_0044DD20,0x0044DD20,0x0004DD20,.text,6,FUN_0044DD20,,ACTIVE,HIGH,true,false,false,false,false,false,false,thiscall,uint32_t,,const void*; observed PE32 leaf contract,UNKNOWN,LeafRecovery,decomp/leaf323d1aab/generated/src/leaves_000.cpp,coordinator,CANONICAL-1000-0044DD20,,,decomp/leaf323d1aab/tests/properties.cpp,decomp/evidence/canonical_1000.md,Returns original constant 0x0138250C; frozen-V6 member and locally byte-identical I386 body; CI pending
FUN_00451690,0x00451690,0x00051690,.text,6,FUN_00451690,,ACTIVE,HIGH,true,false,false,false,false,false,false,thiscall,uint32_t,,const void*; observed PE32 leaf contract,UNKNOWN,LeafRecovery,decomp/leaf323d1aab/generated/src/leaves_000.cpp,coordinator,CANONICAL-1000-00451690,,,decomp/leaf323d1aab/tests/properties.cpp,decomp/evidence/canonical_1000.md,Returns original constant 0x01382668; frozen-V6 member and locally byte-identical I386 body; CI pending
FUN_00451830,0x00451830,0x00051830,.text,6,FUN_00451830,,ACTIVE,HIGH,true,false,false,false,false,false,false,thiscall,uint32_t,,const void*; observed PE32 leaf contract,UNKNOWN,LeafRecovery,decomp/leaf323d1aab/generated/src/leaves_000.cpp,coordinator,CANONICAL-1000-00451830,,,decomp/leaf323d1aab/tests/properties.cpp,decomp/evidence/canonical_1000.md,Returns original constant 0x013828D4; frozen-V6 member and locally byte-identical I386 body; CI pending
FUN_00452600,0x00452600,0x00052600,.text,6,FUN_00452600,,ACTIVE,HIGH,true,false,false,false,false,false,false,thiscall,uint32_t,,const void*; observed PE32 leaf contract,UNKNOWN,LeafRecovery,decomp/leaf323d1aab/generated/src/leaves_000.cpp,coordinator,CANONICAL-1000-00452600,,,decomp/leaf323d1aab/tests/properties.cpp,decomp/evidence/canonical_1000.md,Returns original constant 0x016591C4; frozen-V6 member and locally byte-identical I386 body; CI pending
FUN_00452610,0x00452610,0x00052610,.text,6,FUN_00452610,,ACTIVE,HIGH,true,false,false,false,false,false,false,thiscall,uint32_t,,const void*; observed PE32 leaf contract,UNKNOWN,LeafRecovery,decomp/leaf323d1aab/generated/src/leaves_000.cpp,coordinator,CANONICAL-1000-00452610,,,decomp/leaf323d1aab/tests/properties.cpp,decomp/evidence/canonical_1000.md,Returns original constant 0x013828AC; frozen-V6 member and locally byte-identical I386 body; CI pending
FUN_00452C20,0x00452C20,0x00052C20,.text,6,FUN_00452C20,,ACTIVE,HIGH,true,false,false,false,false,false,false,thiscall,uint32_t,,const void*; observed PE32 leaf contract,UNKNOWN,LeafRecovery,decomp/leaf323d1aab/generated/src/leaves_000.cpp,coordinator,CANONICAL-1000-00452C20,,,decomp/leaf323d1aab/tests/properties.cpp,decomp/evidence/canonical_1000.md,Returns original constant 0x016591E8; frozen-V6 member and locally byte-identical I386 body; CI pending
FUN_00452C30,0x00452C30,0x00052C30,.text,6,FUN_00452C30,,ACTIVE,HIGH,true,false,false,false,false,false,false,thiscall,uint32_t,,const void*; observed PE32 leaf contract,UNKNOWN,LeafRecovery,decomp/leaf323d1aab/generated/src/leaves_000.cpp,coordinator,CANONICAL-1000-00452C30,,,decomp/leaf323d1aab/tests/properties.cpp,decomp/evidence/canonical_1000.md,Returns original constant 0x0138297C; frozen-V6 member and locally byte-identical I386 body; CI pending
FUN_00452F80,0x00452F80,0x00052F80,.text,6,FUN_00452F80,,ACTIVE,HIGH,true,false,false,false,false,false,false,thiscall,uint32_t,,const void*; observed PE32 leaf contract,UNKNOWN,LeafRecovery,decomp/leaf323d1aab/generated/src/leaves_000.cpp,coordinator,CANONICAL-1000-00452F80,,,decomp/leaf323d1aab/tests/properties.cpp,decomp/evidence/canonical_1000.md,Returns original constant 0x0165920C; frozen-V6 member and locally byte-identical I386 body; CI pending
FUN_00452F90,0x00452F90,0x00052F90,.text,6,FUN_00452F90,,ACTIVE,HIGH,true,false,false,false,false,false,false,thiscall,uint32_t,,const void*; observed PE32 leaf contract,UNKNOWN,LeafRecovery,decomp/leaf323d1aab/generated/src/leaves_000.cpp,coordinator,CANONICAL-1000-00452F90,,,decomp/leaf323d1aab/tests/properties.cpp,decomp/evidence/canonical_1000.md,Returns original constant 0x01382A34; frozen-V6 member and locally byte-identical I386 body; CI pending
FUN_00453510,0x00453510,0x00053510,.text,6,FUN_00453510,,ACTIVE,HIGH,true,false,false,false,false,false,false,thiscall,uint32_t,,const void*; observed PE32 leaf contract,UNKNOWN,LeafRecovery,decomp/leaf323d1aab/generated/src/leaves_000.cpp,coordinator,CANONICAL-1000-00453510,,,decomp/leaf323d1aab/tests/properties.cpp,decomp/evidence/canonical_1000.md,Returns original constant 0x01659230; frozen-V6 member and locally byte-identical I386 body; CI pending
FUN_00453520,0x00453520,0x00053520,.text,6,FUN_00453520,,ACTIVE,HIGH,true,false,false,false,false,false,false,thiscall,uint32_t,,const void*; observed PE32 leaf contract,UNKNOWN,LeafRecovery,decomp/leaf323d1aab/generated/src/leaves_000.cpp,coordinator,CANONICAL-1000-00453520,,,decomp/leaf323d1aab/tests/properties.cpp,decomp/evidence/canonical_1000.md,Returns original constant 0x01382ABC; frozen-V6 member and locally byte-identical I386 body; CI pending
FUN_004536B0,0x004536B0,0x000536B0,.text,6,FUN_004536B0,,ACTIVE,HIGH,true,false,false,false,false,false,false,thiscall,uint32_t,,const void*; observed PE32 leaf contract,UNKNOWN,LeafRecovery,decomp/leaf323d1aab/generated/src/leaves_000.cpp,coordinator,CANONICAL-1000-004536B0,,,decomp/leaf323d1aab/tests/properties.cpp,decomp/evidence/canonical_1000.md,Returns original constant 0x01382B44; frozen-V6 member and locally byte-identical I386 body; CI pending
FUN_004537E0,0x004537E0,0x000537E0,.text,6,FUN_004537E0,,ACTIVE,HIGH,true,false,false,false,false,false,false,thiscall,uint32_t,,const void*; observed PE32 leaf contract,UNKNOWN,LeafRecovery,decomp/leaf323d1aab/generated/src/leaves_000.cpp,coordinator,CANONICAL-1000-004537E0,,,decomp/leaf323d1aab/tests/properties.cpp,decomp/evidence/canonical_1000.md,Returns original constant 0x01382BCC; frozen-V6 member and locally byte-identical I386 body; CI pending
FUN_00455B60,0x00455B60,0x00055B60,.text,6,FUN_00455B60,,ACTIVE,HIGH,true,false,false,false,false,false,false,thiscall,uint32_t,,const void*; observed PE32 leaf contract,UNKNOWN,LeafRecovery,decomp/leaf323d1aab/generated/src/leaves_000.cpp,coordinator,CANONICAL-1000-00455B60,,,decomp/leaf323d1aab/tests/properties.cpp,decomp/evidence/canonical_1000.md,Returns original constant 0x01382C4C; frozen-V6 member and locally byte-identical I386 body; CI pending
FUN_00456BE0,0x00456BE0,0x00056BE0,.text,6,FUN_00456BE0,,ACTIVE,HIGH,true,false,false,false,false,false,false,thiscall,uint32_t,,const void*; observed PE32 leaf contract,UNKNOWN,LeafRecovery,decomp/leaf323d1aab/generated/src/leaves_000.cpp,coordinator,CANONICAL-1000-00456BE0,,,decomp/leaf323d1aab/tests/properties.cpp,decomp/evidence/canonical_1000.md,Returns original constant 0x016592FC; frozen-V6 member and locally byte-identical I386 body; CI pending
FUN_00456BF0,0x00456BF0,0x00056BF0,.text,6,FUN_00456BF0,,ACTIVE,HIGH,true,false,false,false,false,false,false,thiscall,uint32_t,,const void*; observed PE32 leaf contract,UNKNOWN,LeafRecovery,decomp/leaf323d1aab/generated/src/leaves_000.cpp,coordinator,CANONICAL-1000-00456BF0,,,decomp/leaf323d1aab/tests/properties.cpp,decomp/evidence/canonical_1000.md,Returns original constant 0x01382CE4; frozen-V6 member and locally byte-identical I386 body; CI pending
FUN_00456DB0,0x00456DB0,0x00056DB0,.text,6,FUN_00456DB0,,ACTIVE,HIGH,true,false,false,false,false,false,false,thiscall,uint32_t,,const void*; observed PE32 leaf contract,UNKNOWN,LeafRecovery,decomp/leaf323d1aab/generated/src/leaves_000.cpp,coordinator,CANONICAL-1000-00456DB0,,,decomp/leaf323d1aab/tests/properties.cpp,decomp/evidence/canonical_1000.md,Returns original constant 0x01659320; frozen-V6 member and locally byte-identical I386 body; CI pending
FUN_00456DC0,0x00456DC0,0x00056DC0,.text,6,FUN_00456DC0,,ACTIVE,HIGH,true,false,false,false,false,false,false,thiscall,uint32_t,,const void*; observed PE32 leaf contract,UNKNOWN,LeafRecovery,decomp/leaf323d1aab/generated/src/leaves_000.cpp,coordinator,CANONICAL-1000-00456DC0,,,decomp/leaf323d1aab/tests/properties.cpp,decomp/evidence/canonical_1000.md,Returns original constant 0x01382D94; frozen-V6 member and locally byte-identical I386 body; CI pending
FUN_00457180,0x00457180,0x00057180,.text,6,FUN_00457180,,ACTIVE,HIGH,true,false,false,false,false,false,false,thiscall,uint32_t,,const void*; observed PE32 leaf contract,UNKNOWN,LeafRecovery,decomp/leaf323d1aab/generated/src/leaves_000.cpp,coordinator,CANONICAL-1000-00457180,,,decomp/leaf323d1aab/tests/properties.cpp,decomp/evidence/canonical_1000.md,Returns original constant 0x01382E1C; frozen-V6 member and locally byte-identical I386 body; CI pending
FUN_004572B0,0x004572B0,0x000572B0,.text,6,FUN_004572B0,,ACTIVE,HIGH,true,false,false,false,false,false,false,thiscall,uint32_t,,const void*; observed PE32 leaf contract,UNKNOWN,LeafRecovery,decomp/leaf323d1aab/generated/src/leaves_000.cpp,coordinator,CANONICAL-1000-004572B0,,,decomp/leaf323d1aab/tests/properties.cpp,decomp/evidence/canonical_1000.md,Returns original constant 0x01382E9C; frozen-V6 member and locally byte-identical I386 body; CI pending
FUN_00457A00,0x00457A00,0x00057A00,.text,6,FUN_00457A00,,ACTIVE,HIGH,true,false,false,false,false,false,false,thiscall,uint32_t,,const void*; observed PE32 leaf contract,UNKNOWN,LeafRecovery,decomp/leaf323d1aab/generated/src/leaves_000.cpp,coordinator,CANONICAL-1000-00457A00,,,decomp/leaf323d1aab/tests/properties.cpp,decomp/evidence/canonical_1000.md,Returns original constant 0x0165938C; frozen-V6 member and locally byte-identical I386 body; CI pending
FUN_00457A10,0x00457A10,0x00057A10,.text,6,FUN_00457A10,,ACTIVE,HIGH,true,false,false,false,false,false,false,thiscall,uint32_t,,const void*; observed PE32 leaf contract,UNKNOWN,LeafRecovery,decomp/leaf323d1aab/generated/src/leaves_000.cpp,coordinator,CANONICAL-1000-00457A10,,,decomp/leaf323d1aab/tests/properties.cpp,decomp/evidence/canonical_1000.md,Returns original constant 0x01382F1C; frozen-V6 member and locally byte-identical I386 body; CI pending
FUN_00457B40,0x00457B40,0x00057B40,.text,6,FUN_00457B40,,ACTIVE,HIGH,true,false,false,false,false,false,false,thiscall,uint32_t,,const void*; observed PE32 leaf contract,UNKNOWN,LeafRecovery,decomp/leaf323d1aab/generated/src/leaves_000.cpp,coordinator,CANONICAL-1000-00457B40,,,decomp/leaf323d1aab/tests/properties.cpp,decomp/evidence/canonical_1000.md,Returns original constant 0x01382FB4; frozen-V6 member and locally byte-identical I386 body; CI pending
FUN_00457F00,0x00457F00,0x00057F00,.text,6,FUN_00457F00,,ACTIVE,HIGH,true,false,false,false,false,false,false,thiscall,uint32_t,,const void*; observed PE32 leaf contract,UNKNOWN,LeafRecovery,decomp/leaf323d1aab/generated/src/leaves_000.cpp,coordinator,CANONICAL-1000-00457F00,,,decomp/leaf323d1aab/tests/properties.cpp,decomp/evidence/canonical_1000.md,Returns original constant 0x016593D4; frozen-V6 member and locally byte-identical I386 body; CI pending
FUN_00457F10,0x00457F10,0x00057F10,.text,6,FUN_00457F10,,ACTIVE,HIGH,true,false,false,false,false,false,false,thiscall,uint32_t,,const void*; observed PE32 leaf contract,UNKNOWN,LeafRecovery,decomp/leaf323d1aab/generated/src/leaves_000.cpp,coordinator,CANONICAL-1000-00457F10,,,decomp/leaf323d1aab/tests/properties.cpp,decomp/evidence/canonical_1000.md,Returns original constant 0x01383034; frozen-V6 member and locally byte-identical I386 body; CI pending
FUN_004585A0,0x004585A0,0x000585A0,.text,6,FUN_004585A0,,ACTIVE,HIGH,true,false,false,false,false,false,false,thiscall,uint32_t,,const void*; observed PE32 leaf contract,UNKNOWN,LeafRecovery,decomp/leaf323d1aab/generated/src/leaves_000.cpp,coordinator,CANONICAL-1000-004585A0,,,decomp/leaf323d1aab/tests/properties.cpp,decomp/evidence/canonical_1000.md,Returns original constant 0x013830B4; frozen-V6 member and locally byte-identical I386 body; CI pending
FUN_004586D0,0x004586D0,0x000586D0,.text,6,FUN_004586D0,,ACTIVE,HIGH,true,false,false,false,false,false,false,thiscall,uint32_t,,const void*; observed PE32 leaf contract,UNKNOWN,LeafRecovery,decomp/leaf323d1aab/generated/src/leaves_000.cpp,coordinator,CANONICAL-1000-004586D0,,,decomp/leaf323d1aab/tests/properties.cpp,decomp/evidence/canonical_1000.md,Returns original constant 0x0138315C; frozen-V6 member and locally byte-identical I386 body; CI pending
FUN_00458910,0x00458910,0x00058910,.text,6,FUN_00458910,,ACTIVE,HIGH,true,false,false,false,false,false,false,thiscall,uint32_t,,const void*; observed PE32 leaf contract,UNKNOWN,LeafRecovery,decomp/leaf323d1aab/generated/src/leaves_000.cpp,coordinator,CANONICAL-1000-00458910,,,decomp/leaf323d1aab/tests/properties.cpp,decomp/evidence/canonical_1000.md,Returns original constant 0x01659440; frozen-V6 member and locally byte-identical I386 body; CI pending
FUN_00458920,0x00458920,0x00058920,.text,6,FUN_00458920,,ACTIVE,HIGH,true,false,false,false,false,false,false,thiscall,uint32_t,,const void*; observed PE32 leaf contract,UNKNOWN,LeafRecovery,decomp/leaf323d1aab/generated/src/leaves_000.cpp,coordinator,CANONICAL-1000-00458920,,,decomp/leaf323d1aab/tests/properties.cpp,decomp/evidence/canonical_1000.md,Returns original constant 0x013831DC; frozen-V6 member and locally byte-identical I386 body; CI pending
FUN_0045B8A0,0x0045B8A0,0x0005B8A0,.text,6,FUN_0045B8A0,,ACTIVE,HIGH,true,false,false,false,false,false,false,thiscall,uint32_t,,const void*; observed PE32 leaf contract,UNKNOWN,LeafRecovery,decomp/leaf323d1aab/generated/src/leaves_000.cpp,coordinator,CANONICAL-1000-0045B8A0,,,decomp/leaf323d1aab/tests/properties.cpp,decomp/evidence/canonical_1000.md,Returns original constant 0x01659484; frozen-V6 member and locally byte-identical I386 body; CI pending
FUN_0045B8B0,0x0045B8B0,0x0005B8B0,.text,6,FUN_0045B8B0,,ACTIVE,HIGH,true,false,false,false,false,false,false,thiscall,uint32_t,,const void*; observed PE32 leaf contract,UNKNOWN,LeafRecovery,decomp/leaf323d1aab/generated/src/leaves_000.cpp,coordinator,CANONICAL-1000-0045B8B0,,,decomp/leaf323d1aab/tests/properties.cpp,decomp/evidence/canonical_1000.md,Returns original constant 0x0138327C; frozen-V6 member and locally byte-identical I386 body; CI pending
FUN_0045B990,0x0045B990,0x0005B990,.text,6,FUN_0045B990,,ACTIVE,HIGH,true,false,false,false,false,false,false,thiscall,uint32_t,,const void*; observed PE32 leaf contract,UNKNOWN,LeafRecovery,decomp/leaf323d1aab/generated/src/leaves_000.cpp,coordinator,CANONICAL-1000-0045B990,,,decomp/leaf323d1aab/tests/properties.cpp,decomp/evidence/canonical_1000.md,Returns original constant 0x0138333C; frozen-V6 member and locally byte-identical I386 body; CI pending
FUN_0045C030,0x0045C030,0x0005C030,.text,6,FUN_0045C030,,ACTIVE,HIGH,true,false,false,false,false,false,false,thiscall,uint32_t,,const void*; observed PE32 leaf contract,UNKNOWN,LeafRecovery,decomp/leaf323d1aab/generated/src/leaves_000.cpp,coordinator,CANONICAL-1000-0045C030,,,decomp/leaf323d1aab/tests/properties.cpp,decomp/evidence/canonical_1000.md,Returns original constant 0x016594AC; frozen-V6 member and locally byte-identical I386 body; CI pending
FUN_0045C040,0x0045C040,0x0005C040,.text,6,FUN_0045C040,,ACTIVE,HIGH,true,false,false,false,false,false,false,thiscall,uint32_t,,const void*; observed PE32 leaf contract,UNKNOWN,LeafRecovery,decomp/leaf323d1aab/generated/src/leaves_000.cpp,coordinator,CANONICAL-1000-0045C040,,,decomp/leaf323d1aab/tests/properties.cpp,decomp/evidence/canonical_1000.md,Returns original constant 0x01383314; frozen-V6 member and locally byte-identical I386 body; CI pending
FUN_0045C270,0x0045C270,0x0005C270,.text,6,FUN_0045C270,,ACTIVE,HIGH,true,false,false,false,false,false,false,thiscall,uint32_t,,const void*; observed PE32 leaf contract,UNKNOWN,LeafRecovery,decomp/leaf323d1aab/generated/src/leaves_000.cpp,coordinator,CANONICAL-1000-0045C270,,,decomp/leaf323d1aab/tests/properties.cpp,decomp/evidence/canonical_1000.md,Returns original constant 0x013833BC; frozen-V6 member and locally byte-identical I386 body; CI pending
FUN_0045C640,0x0045C640,0x0005C640,.text,6,FUN_0045C640,,ACTIVE,HIGH,true,false,false,false,false,false,false,thiscall,uint32_t,,const void*; observed PE32 leaf contract,UNKNOWN,LeafRecovery,decomp/leaf323d1aab/generated/src/leaves_000.cpp,coordinator,CANONICAL-1000-0045C640,,,decomp/leaf323d1aab/tests/properties.cpp,decomp/evidence/canonical_1000.md,Returns original constant 0x016594F4; frozen-V6 member and locally byte-identical I386 body; CI pending
FUN_0045C650,0x0045C650,0x0005C650,.text,6,FUN_0045C650,,ACTIVE,HIGH,true,false,false,false,false,false,false,thiscall,uint32_t,,const void*; observed PE32 leaf contract,UNKNOWN,LeafRecovery,decomp/leaf323d1aab/generated/src/leaves_000.cpp,coordinator,CANONICAL-1000-0045C650,,,decomp/leaf323d1aab/tests/properties.cpp,decomp/evidence/canonical_1000.md,Returns original constant 0x01383444; frozen-V6 member and locally byte-identical I386 body; CI pending
FUN_0045DA60,0x0045DA60,0x0005DA60,.text,6,FUN_0045DA60,,ACTIVE,HIGH,true,false,false,false,false,false,false,thiscall,uint32_t,,const void*; observed PE32 leaf contract,UNKNOWN,LeafRecovery,decomp/leaf323d1aab/generated/src/leaves_000.cpp,coordinator,CANONICAL-1000-0045DA60,,,decomp/leaf323d1aab/tests/properties.cpp,decomp/evidence/canonical_1000.md,Returns original constant 0x01659518; frozen-V6 member and locally byte-identical I386 body; CI pending
FUN_0045DA70,0x0045DA70,0x0005DA70,.text,6,FUN_0045DA70,,ACTIVE,HIGH,true,false,false,false,false,false,false,thiscall,uint32_t,,const void*; observed PE32 leaf contract,UNKNOWN,LeafRecovery,decomp/leaf323d1aab/generated/src/leaves_000.cpp,coordinator,CANONICAL-1000-0045DA70,,,decomp/leaf323d1aab/tests/properties.cpp,decomp/evidence/canonical_1000.md,Returns original constant 0x013834E8; frozen-V6 member and locally byte-identical I386 body; CI pending
FUN_0045E200,0x0045E200,0x0005E200,.text,6,FUN_0045E200,,ACTIVE,HIGH,true,false,false,false,false,false,false,thiscall,uint32_t,,const void*; observed PE32 leaf contract,UNKNOWN,LeafRecovery,decomp/leaf323d1aab/generated/src/leaves_000.cpp,coordinator,CANONICAL-1000-0045E200,,,decomp/leaf323d1aab/tests/properties.cpp,decomp/evidence/canonical_1000.md,Returns original constant 0x0165953C; frozen-V6 member and locally byte-identical I386 body; CI pending
FUN_0045E210,0x0045E210,0x0005E210,.text,6,FUN_0045E210,,ACTIVE,HIGH,true,false,false,false,false,false,false,thiscall,uint32_t,,const void*; observed PE32 leaf contract,UNKNOWN,LeafRecovery,decomp/leaf323d1aab/generated/src/leaves_000.cpp,coordinator,CANONICAL-1000-0045E210,,,decomp/leaf323d1aab/tests/properties.cpp,decomp/evidence/canonical_1000.md,Returns original constant 0x0138370C; frozen-V6 member and locally byte-identical I386 body; CI pending
FUN_0045E340,0x0045E340,0x0005E340,.text,6,FUN_0045E340,,ACTIVE,HIGH,true,false,false,false,false,false,false,thiscall,uint32_t,,const void*; observed PE32 leaf contract,UNKNOWN,LeafRecovery,decomp/leaf323d1aab/generated/src/leaves_000.cpp,coordinator,CANONICAL-1000-0045E340,,,decomp/leaf323d1aab/tests/properties.cpp,decomp/evidence/canonical_1000.md,Returns original constant 0x013837B4; frozen-V6 member and locally byte-identical I386 body; CI pending
FUN_0045FC10,0x0045FC10,0x0005FC10,.text,6,FUN_0045FC10,,ACTIVE,HIGH,true,false,false,false,false,false,false,thiscall,uint32_t,,const void*; observed PE32 leaf contract,UNKNOWN,LeafRecovery,decomp/leaf323d1aab/generated/src/leaves_000.cpp,coordinator,CANONICAL-1000-0045FC10,,,decomp/leaf323d1aab/tests/properties.cpp,decomp/evidence/canonical_1000.md,Returns original constant 0x01659584; frozen-V6 member and locally byte-identical I386 body; CI pending
FUN_0045FC20,0x0045FC20,0x0005FC20,.text,6,FUN_0045FC20,,ACTIVE,HIGH,true,false,false,false,false,false,false,thiscall,uint32_t,,const void*; observed PE32 leaf contract,UNKNOWN,LeafRecovery,decomp/leaf323d1aab/generated/src/leaves_000.cpp,coordinator,CANONICAL-1000-0045FC20,,,decomp/leaf323d1aab/tests/properties.cpp,decomp/evidence/canonical_1000.md,Returns original constant 0x013838B0; frozen-V6 member and locally byte-identical I386 body; CI pending
FUN_0045FD50,0x0045FD50,0x0005FD50,.text,6,FUN_0045FD50,,ACTIVE,HIGH,true,false,false,false,false,false,false,thiscall,uint32_t,,const void*; observed PE32 leaf contract,UNKNOWN,LeafRecovery,decomp/leaf323d1aab/generated/src/leaves_000.cpp,coordinator,CANONICAL-1000-0045FD50,,,decomp/leaf323d1aab/tests/properties.cpp,decomp/evidence/canonical_1000.md,Returns original constant 0x013839F4; frozen-V6 member and locally byte-identical I386 body; CI pending
FUN_0045FE80,0x0045FE80,0x0005FE80,.text,6,FUN_0045FE80,,ACTIVE,HIGH,true,false,false,false,false,false,false,thiscall,uint32_t,,const void*; observed PE32 leaf contract,UNKNOWN,LeafRecovery,decomp/leaf323d1aab/generated/src/leaves_000.cpp,coordinator,CANONICAL-1000-0045FE80,,,decomp/leaf323d1aab/tests/properties.cpp,decomp/evidence/canonical_1000.md,Returns original constant 0x01383A7C; frozen-V6 member and locally byte-identical I386 body; CI pending
FUN_004600C0,0x004600C0,0x000600C0,.text,6,FUN_004600C0,,ACTIVE,HIGH,true,false,false,false,false,false,false,thiscall,uint32_t,,const void*; observed PE32 leaf contract,UNKNOWN,LeafRecovery,decomp/leaf323d1aab/generated/src/leaves_000.cpp,coordinator,CANONICAL-1000-004600C0,,,decomp/leaf323d1aab/tests/properties.cpp,decomp/evidence/canonical_1000.md,Returns original constant 0x016595F0; frozen-V6 member and locally byte-identical I386 body; CI pending
FUN_004600D0,0x004600D0,0x000600D0,.text,6,FUN_004600D0,,ACTIVE,HIGH,true,false,false,false,false,false,false,thiscall,uint32_t,,const void*; observed PE32 leaf contract,UNKNOWN,LeafRecovery,decomp/leaf323d1aab/generated/src/leaves_000.cpp,coordinator,CANONICAL-1000-004600D0,,,decomp/leaf323d1aab/tests/properties.cpp,decomp/evidence/canonical_1000.md,Returns original constant 0x01383AFC; frozen-V6 member and locally byte-identical I386 body; CI pending
FUN_00460410,0x00460410,0x00060410,.text,6,FUN_00460410,,ACTIVE,HIGH,true,false,false,false,false,false,false,thiscall,uint32_t,,const void*; observed PE32 leaf contract,UNKNOWN,LeafRecovery,decomp/leaf323d1aab/generated/src/leaves_000.cpp,coordinator,CANONICAL-1000-00460410,,,decomp/leaf323d1aab/tests/properties.cpp,decomp/evidence/canonical_1000.md,Returns original constant 0x01383B94; frozen-V6 member and locally byte-identical I386 body; CI pending
FUN_00460540,0x00460540,0x00060540,.text,6,FUN_00460540,,ACTIVE,HIGH,true,false,false,false,false,false,false,thiscall,uint32_t,,const void*; observed PE32 leaf contract,UNKNOWN,LeafRecovery,decomp/leaf323d1aab/generated/src/leaves_000.cpp,coordinator,CANONICAL-1000-00460540,,,decomp/leaf323d1aab/tests/properties.cpp,decomp/evidence/canonical_1000.md,Returns original constant 0x01383C1C; frozen-V6 member and locally byte-identical I386 body; CI pending
FUN_00460670,0x00460670,0x00060670,.text,6,FUN_00460670,,ACTIVE,HIGH,true,false,false,false,false,false,false,thiscall,uint32_t,,const void*; observed PE32 leaf contract,UNKNOWN,LeafRecovery,decomp/leaf323d1aab/generated/src/leaves_000.cpp,coordinator,CANONICAL-1000-00460670,,,decomp/leaf323d1aab/tests/properties.cpp,decomp/evidence/canonical_1000.md,Returns original constant 0x01383C9C; frozen-V6 member and locally byte-identical I386 body; CI pending
FUN_004607A0,0x004607A0,0x000607A0,.text,6,FUN_004607A0,,ACTIVE,HIGH,true,false,false,false,false,false,false,thiscall,uint32_t,,const void*; observed PE32 leaf contract,UNKNOWN,LeafRecovery,decomp/leaf323d1aab/generated/src/leaves_000.cpp,coordinator,CANONICAL-1000-004607A0,,,decomp/leaf323d1aab/tests/properties.cpp,decomp/evidence/canonical_1000.md,Returns original constant 0x01383D1C; frozen-V6 member and locally byte-identical I386 body; CI pending
FUN_004608D0,0x004608D0,0x000608D0,.text,6,FUN_004608D0,,ACTIVE,HIGH,true,false,false,false,false,false,false,thiscall,uint32_t,,const void*; observed PE32 leaf contract,UNKNOWN,LeafRecovery,decomp/leaf323d1aab/generated/src/leaves_000.cpp,coordinator,CANONICAL-1000-004608D0,,,decomp/leaf323d1aab/tests/properties.cpp,decomp/evidence/canonical_1000.md,Returns original constant 0x01383D9C; frozen-V6 member and locally byte-identical I386 body; CI pending
FUN_00460A00,0x00460A00,0x00060A00,.text,6,FUN_00460A00,,ACTIVE,HIGH,true,false,false,false,false,false,false,thiscall,uint32_t,,const void*; observed PE32 leaf contract,UNKNOWN,LeafRecovery,decomp/leaf323d1aab/generated/src/leaves_000.cpp,coordinator,CANONICAL-1000-00460A00,,,decomp/leaf323d1aab/tests/properties.cpp,decomp/evidence/canonical_1000.md,Returns original constant 0x01383E1C; frozen-V6 member and locally byte-identical I386 body; CI pending
FUN_00460B30,0x00460B30,0x00060B30,.text,6,FUN_00460B30,,ACTIVE,HIGH,true,false,false,false,false,false,false,thiscall,uint32_t,,const void*; observed PE32 leaf contract,UNKNOWN,LeafRecovery,decomp/leaf323d1aab/generated/src/leaves_000.cpp,coordinator,CANONICAL-1000-00460B30,,,decomp/leaf323d1aab/tests/properties.cpp,decomp/evidence/canonical_1000.md,Returns original constant 0x01383E94; frozen-V6 member and locally byte-identical I386 body; CI pending
FUN_00460C60,0x00460C60,0x00060C60,.text,6,FUN_00460C60,,ACTIVE,HIGH,true,false,false,false,false,false,false,thiscall,uint32_t,,const void*; observed PE32 leaf contract,UNKNOWN,LeafRecovery,decomp/leaf323d1aab/generated/src/leaves_000.cpp,coordinator,CANONICAL-1000-00460C60,,,decomp/leaf323d1aab/tests/properties.cpp,decomp/evidence/canonical_1000.md,Returns original constant 0x01383F0C; frozen-V6 member and locally byte-identical I386 body; CI pending
FUN_00460D90,0x00460D90,0x00060D90,.text,6,FUN_00460D90,,ACTIVE,HIGH,true,false,false,false,false,false,false,thiscall,uint32_t,,const void*; observed PE32 leaf contract,UNKNOWN,LeafRecovery,decomp/leaf323d1aab/generated/src/leaves_000.cpp,coordinator,CANONICAL-1000-00460D90,,,decomp/leaf323d1aab/tests/properties.cpp,decomp/evidence/canonical_1000.md,Returns original constant 0x01383F8C; frozen-V6 member and locally byte-identical I386 body; CI pending
FUN_00460EC0,0x00460EC0,0x00060EC0,.text,6,FUN_00460EC0,,ACTIVE,HIGH,true,false,false,false,false,false,false,thiscall,uint32_t,,const void*; observed PE32 leaf contract,UNKNOWN,LeafRecovery,decomp/leaf323d1aab/generated/src/leaves_000.cpp,coordinator,CANONICAL-1000-00460EC0,,,decomp/leaf323d1aab/tests/properties.cpp,decomp/evidence/canonical_1000.md,Returns original constant 0x0138400C; frozen-V6 member and locally byte-identical I386 body; CI pending
FUN_00460FF0,0x00460FF0,0x00060FF0,.text,6,FUN_00460FF0,,ACTIVE,HIGH,true,false,false,false,false,false,false,thiscall,uint32_t,,const void*; observed PE32 leaf contract,UNKNOWN,LeafRecovery,decomp/leaf323d1aab/generated/src/leaves_000.cpp,coordinator,CANONICAL-1000-00460FF0,,,decomp/leaf323d1aab/tests/properties.cpp,decomp/evidence/canonical_1000.md,Returns original constant 0x0138408C; frozen-V6 member and locally byte-identical I386 body; CI pending
FUN_00461120,0x00461120,0x00061120,.text,6,FUN_00461120,,ACTIVE,HIGH,true,false,false,false,false,false,false,thiscall,uint32_t,,const void*; observed PE32 leaf contract,UNKNOWN,LeafRecovery,decomp/leaf323d1aab/generated/src/leaves_000.cpp,coordinator,CANONICAL-1000-00461120,,,decomp/leaf323d1aab/tests/properties.cpp,decomp/evidence/canonical_1000.md,Returns original constant 0x0138410C; frozen-V6 member and locally byte-identical I386 body; CI pending
FUN_00461250,0x00461250,0x00061250,.text,6,FUN_00461250,,ACTIVE,HIGH,true,false,false,false,false,false,false,thiscall,uint32_t,,const void*; observed PE32 leaf contract,UNKNOWN,LeafRecovery,decomp/leaf323d1aab/generated/src/leaves_000.cpp,coordinator,CANONICAL-1000-00461250,,,decomp/leaf323d1aab/tests/properties.cpp,decomp/evidence/canonical_1000.md,Returns original constant 0x0138418C; frozen-V6 member and locally byte-identical I386 body; CI pending
FUN_00461380,0x00461380,0x00061380,.text,6,FUN_00461380,,ACTIVE,HIGH,true,false,false,false,false,false,false,thiscall,uint32_t,,const void*; observed PE32 leaf contract,UNKNOWN,LeafRecovery,decomp/leaf323d1aab/generated/src/leaves_000.cpp,coordinator,CANONICAL-1000-00461380,,,decomp/leaf323d1aab/tests/properties.cpp,decomp/evidence/canonical_1000.md,Returns original constant 0x0138420C; frozen-V6 member and locally byte-identical I386 body; CI pending
FUN_004614B0,0x004614B0,0x000614B0,.text,6,FUN_004614B0,,ACTIVE,HIGH,true,false,false,false,false,false,false,thiscall,uint32_t,,const void*; observed PE32 leaf contract,UNKNOWN,LeafRecovery,decomp/leaf323d1aab/generated/src/leaves_000.cpp,coordinator,CANONICAL-1000-004614B0,,,decomp/leaf323d1aab/tests/properties.cpp,decomp/evidence/canonical_1000.md,Returns original constant 0x0138428C; frozen-V6 member and locally byte-identical I386 body; CI pending
FUN_004615E0,0x004615E0,0x000615E0,.text,6,FUN_004615E0,,ACTIVE,HIGH,true,false,false,false,false,false,false,thiscall,uint32_t,,const void*; observed PE32 leaf contract,UNKNOWN,LeafRecovery,decomp/leaf323d1aab/generated/src/leaves_000.cpp,coordinator,CANONICAL-1000-004615E0,,,decomp/leaf323d1aab/tests/properties.cpp,decomp/evidence/canonical_1000.md,Returns original constant 0x0138430C; frozen-V6 member and locally byte-identical I386 body; CI pending
FUN_00461710,0x00461710,0x00061710,.text,6,FUN_00461710,,ACTIVE,HIGH,true,false,false,false,false,false,false,thiscall,uint32_t,,const void*; observed PE32 leaf contract,UNKNOWN,LeafRecovery,decomp/leaf323d1aab/generated/src/leaves_000.cpp,coordinator,CANONICAL-1000-00461710,,,decomp/leaf323d1aab/tests/properties.cpp,decomp/evidence/canonical_1000.md,Returns original constant 0x0138438C; frozen-V6 member and locally byte-identical I386 body; CI pending
FUN_00461840,0x00461840,0x00061840,.text,6,FUN_00461840,,ACTIVE,HIGH,true,false,false,false,false,false,false,thiscall,uint32_t,,const void*; observed PE32 leaf contract,UNKNOWN,LeafRecovery,decomp/leaf323d1aab/generated/src/leaves_000.cpp,coordinator,CANONICAL-1000-00461840,,,decomp/leaf323d1aab/tests/properties.cpp,decomp/evidence/canonical_1000.md,Returns original constant 0x0138440C; frozen-V6 member and locally byte-identical I386 body; CI pending
FUN_00461970,0x00461970,0x00061970,.text,6,FUN_00461970,,ACTIVE,HIGH,true,false,false,false,false,false,false,thiscall,uint32_t,,const void*; observed PE32 leaf contract,UNKNOWN,LeafRecovery,decomp/leaf323d1aab/generated/src/leaves_000.cpp,coordinator,CANONICAL-1000-00461970,,,decomp/leaf323d1aab/tests/properties.cpp,decomp/evidence/canonical_1000.md,Returns original constant 0x0138448C; frozen-V6 member and locally byte-identical I386 body; CI pending
FUN_00461AA0,0x00461AA0,0x00061AA0,.text,6,FUN_00461AA0,,ACTIVE,HIGH,true,false,false,false,false,false,false,thiscall,uint32_t,,const void*; observed PE32 leaf contract,UNKNOWN,LeafRecovery,decomp/leaf323d1aab/generated/src/leaves_000.cpp,coordinator,CANONICAL-1000-00461AA0,,,decomp/leaf323d1aab/tests/properties.cpp,decomp/evidence/canonical_1000.md,Returns original constant 0x0138450C; frozen-V6 member and locally byte-identical I386 body; CI pending
FUN_00461BD0,0x00461BD0,0x00061BD0,.text,6,FUN_00461BD0,,ACTIVE,HIGH,true,false,false,false,false,false,false,thiscall,uint32_t,,const void*; observed PE32 leaf contract,UNKNOWN,LeafRecovery,decomp/leaf323d1aab/generated/src/leaves_000.cpp,coordinator,CANONICAL-1000-00461BD0,,,decomp/leaf323d1aab/tests/properties.cpp,decomp/evidence/canonical_1000.md,Returns original constant 0x0138458C; frozen-V6 member and locally byte-identical I386 body; CI pending
FUN_00464270,0x00464270,0x00064270,.text,6,FUN_00464270,,ACTIVE,HIGH,true,false,false,false,false,false,false,thiscall,uint32_t,,const void*; observed PE32 leaf contract,UNKNOWN,LeafRecovery,decomp/leaf323d1aab/generated/src/leaves_000.cpp,coordinator,CANONICAL-1000-00464270,,,decomp/leaf323d1aab/tests/properties.cpp,decomp/evidence/canonical_1000.md,Returns original constant 0x01659924; frozen-V6 member and locally byte-identical I386 body; CI pending
FUN_00464280,0x00464280,0x00064280,.text,6,FUN_00464280,,ACTIVE,HIGH,true,false,false,false,false,false,false,thiscall,uint32_t,,const void*; observed PE32 leaf contract,UNKNOWN,LeafRecovery,decomp/leaf323d1aab/generated/src/leaves_000.cpp,coordinator,CANONICAL-1000-00464280,,,decomp/leaf323d1aab/tests/properties.cpp,decomp/evidence/canonical_1000.md,Returns original constant 0x013846A4; frozen-V6 member and locally byte-identical I386 body; CI pending
FUN_00464290,0x00464290,0x00064290,.text,6,FUN_00464290,,ACTIVE,HIGH,true,false,false,false,false,false,false,thiscall,uint32_t,,const void*; observed PE32 leaf contract,UNKNOWN,LeafRecovery,decomp/leaf323d1aab/generated/src/leaves_000.cpp,coordinator,CANONICAL-1000-00464290,,,decomp/leaf323d1aab/tests/properties.cpp,decomp/evidence/canonical_1000.md,Returns original constant 0x01659948; frozen-V6 member and locally byte-identical I386 body; CI pending
FUN_00464D20,0x00464D20,0x00064D20,.text,6,FUN_00464D20,,ACTIVE,HIGH,true,false,false,false,false,false,false,thiscall,uint32_t,,const void*; observed PE32 leaf contract,UNKNOWN,LeafRecovery,decomp/leaf323d1aab/generated/src/leaves_000.cpp,coordinator,CANONICAL-1000-00464D20,,,decomp/leaf323d1aab/tests/properties.cpp,decomp/evidence/canonical_1000.md,Returns original constant 0x013847F4; frozen-V6 member and locally byte-identical I386 body; CI pending
FUN_00464E70,0x00464E70,0x00064E70,.text,6,FUN_00464E70,,ACTIVE,HIGH,true,false,false,false,false,false,false,thiscall,uint32_t,,const void*; observed PE32 leaf contract,UNKNOWN,LeafRecovery,decomp/leaf323d1aab/generated/src/leaves_000.cpp,coordinator,CANONICAL-1000-00464E70,,,decomp/leaf323d1aab/tests/properties.cpp,decomp/evidence/canonical_1000.md,Returns original constant 0x01384874; frozen-V6 member and locally byte-identical I386 body; CI pending
FUN_00465E50,0x00465E50,0x00065E50,.text,6,FUN_00465E50,,ACTIVE,HIGH,true,false,false,false,false,false,false,thiscall,uint32_t,,const void*; observed PE32 leaf contract,UNKNOWN,LeafRecovery,decomp/leaf323d1aab/generated/src/leaves_000.cpp,coordinator,CANONICAL-1000-00465E50,,,decomp/leaf323d1aab/tests/properties.cpp,decomp/evidence/canonical_1000.md,Returns original constant 0x013848F4; frozen-V6 member and locally byte-identical I386 body; CI pending
FUN_00466150,0x00466150,0x00066150,.text,6,FUN_00466150,,ACTIVE,HIGH,true,false,false,false,false,false,false,thiscall,uint32_t,,const void*; observed PE32 leaf contract,UNKNOWN,LeafRecovery,decomp/leaf323d1aab/generated/src/leaves_000.cpp,coordinator,CANONICAL-1000-00466150,,,decomp/leaf323d1aab/tests/properties.cpp,decomp/evidence/canonical_1000.md,Returns original constant 0x016599D8; frozen-V6 member and locally byte-identical I386 body; CI pending
FUN_00466160,0x00466160,0x00066160,.text,6,FUN_00466160,,ACTIVE,HIGH,true,false,false,false,false,false,false,thiscall,uint32_t,,const void*; observed PE32 leaf contract,UNKNOWN,LeafRecovery,decomp/leaf323d1aab/generated/src/leaves_000.cpp,coordinator,CANONICAL-1000-00466160,,,decomp/leaf323d1aab/tests/properties.cpp,decomp/evidence/canonical_1000.md,Returns original constant 0x013849EC; frozen-V6 member and locally byte-identical I386 body; CI pending
FUN_00467990,0x00467990,0x00067990,.text,6,FUN_00467990,,ACTIVE,HIGH,true,false,false,false,false,false,false,thiscall,uint32_t,,const void*; observed PE32 leaf contract,UNKNOWN,LeafRecovery,decomp/leaf323d1aab/generated/src/leaves_000.cpp,coordinator,CANONICAL-1000-00467990,,,decomp/leaf323d1aab/tests/properties.cpp,decomp/evidence/canonical_1000.md,Returns original constant 0x01659A44; frozen-V6 member and locally byte-identical I386 body; CI pending
FUN_004679A0,0x004679A0,0x000679A0,.text,6,FUN_004679A0,,ACTIVE,HIGH,true,false,false,false,false,false,false,thiscall,uint32_t,,const void*; observed PE32 leaf contract,UNKNOWN,LeafRecovery,decomp/leaf323d1aab/generated/src/leaves_000.cpp,coordinator,CANONICAL-1000-004679A0,,,decomp/leaf323d1aab/tests/properties.cpp,decomp/evidence/canonical_1000.md,Returns original constant 0x01384A94; frozen-V6 member and locally byte-identical I386 body; CI pending
FUN_004679B0,0x004679B0,0x000679B0,.text,6,FUN_004679B0,,ACTIVE,HIGH,true,false,false,false,false,false,false,thiscall,uint32_t,,const void*; observed PE32 leaf contract,UNKNOWN,LeafRecovery,decomp/leaf323d1aab/generated/src/leaves_000.cpp,coordinator,CANONICAL-1000-004679B0,,,decomp/leaf323d1aab/tests/properties.cpp,decomp/evidence/canonical_1000.md,Returns original constant 0x01659A68; frozen-V6 member and locally byte-identical I386 body; CI pending
FUN_00467C30,0x00467C30,0x00067C30,.text,6,FUN_00467C30,,ACTIVE,HIGH,true,false,false,false,false,false,false,thiscall,uint32_t,,const void*; observed PE32 leaf contract,UNKNOWN,LeafRecovery,decomp/leaf323d1aab/generated/src/leaves_000.cpp,coordinator,CANONICAL-1000-00467C30,,,decomp/leaf323d1aab/tests/properties.cpp,decomp/evidence/canonical_1000.md,Returns original constant 0x01659A8C; frozen-V6 member and locally byte-identical I386 body; CI pending
FUN_00467C40,0x00467C40,0x00067C40,.text,6,FUN_00467C40,,ACTIVE,HIGH,true,false,false,false,false,false,false,thiscall,uint32_t,,const void*; observed PE32 leaf contract,UNKNOWN,LeafRecovery,decomp/leaf323d1aab/generated/src/leaves_000.cpp,coordinator,CANONICAL-1000-00467C40,,,decomp/leaf323d1aab/tests/properties.cpp,decomp/evidence/canonical_1000.md,Returns original constant 0x01384CBC; frozen-V6 member and locally byte-identical I386 body; CI pending
FUN_00467EC0,0x00467EC0,0x00067EC0,.text,6,FUN_00467EC0,,ACTIVE,HIGH,true,false,false,false,false,false,false,thiscall,uint32_t,,const void*; observed PE32 leaf contract,UNKNOWN,LeafRecovery,decomp/leaf323d1aab/generated/src/leaves_000.cpp,coordinator,CANONICAL-1000-00467EC0,,,decomp/leaf323d1aab/tests/properties.cpp,decomp/evidence/canonical_1000.md,Returns original constant 0x01384D3C; frozen-V6 member and locally byte-identical I386 body; CI pending
FUN_004680E0,0x004680E0,0x000680E0,.text,6,FUN_004680E0,,ACTIVE,HIGH,true,false,false,false,false,false,false,thiscall,uint32_t,,const void*; observed PE32 leaf contract,UNKNOWN,LeafRecovery,decomp/leaf323d1aab/generated/src/leaves_000.cpp,coordinator,CANONICAL-1000-004680E0,,,decomp/leaf323d1aab/tests/properties.cpp,decomp/evidence/canonical_1000.md,Returns original constant 0x01384DC4; frozen-V6 member and locally byte-identical I386 body; CI pending
FUN_00468260,0x00468260,0x00068260,.text,6,FUN_00468260,,ACTIVE,HIGH,true,false,false,false,false,false,false,thiscall,uint32_t,,const void*; observed PE32 leaf contract,UNKNOWN,LeafRecovery,decomp/leaf323d1aab/generated/src/leaves_000.cpp,coordinator,CANONICAL-1000-00468260,,,decomp/leaf323d1aab/tests/properties.cpp,decomp/evidence/canonical_1000.md,Returns original constant 0x01384E4C; frozen-V6 member and locally byte-identical I386 body; CI pending
FUN_004684B0,0x004684B0,0x000684B0,.text,6,FUN_004684B0,,ACTIVE,HIGH,true,false,false,false,false,false,false,thiscall,uint32_t,,const void*; observed PE32 leaf contract,UNKNOWN,LeafRecovery,decomp/leaf323d1aab/generated/src/leaves_000.cpp,coordinator,CANONICAL-1000-004684B0,,,decomp/leaf323d1aab/tests/properties.cpp,decomp/evidence/canonical_1000.md,Returns original constant 0x01659B1C; frozen-V6 member and locally byte-identical I386 body; CI pending
FUN_004684C0,0x004684C0,0x000684C0,.text,6,FUN_004684C0,,ACTIVE,HIGH,true,false,false,false,false,false,false,thiscall,uint32_t,,const void*; observed PE32 leaf contract,UNKNOWN,LeafRecovery,decomp/leaf323d1aab/generated/src/leaves_000.cpp,coordinator,CANONICAL-1000-004684C0,,,decomp/leaf323d1aab/tests/properties.cpp,decomp/evidence/canonical_1000.md,Returns original constant 0x01384ED4; frozen-V6 member and locally byte-identical I386 body; CI pending
FUN_004686A0,0x004686A0,0x000686A0,.text,6,FUN_004686A0,,ACTIVE,HIGH,true,false,false,false,false,false,false,thiscall,uint32_t,,const void*; observed PE32 leaf contract,UNKNOWN,LeafRecovery,decomp/leaf323d1aab/generated/src/leaves_000.cpp,coordinator,CANONICAL-1000-004686A0,,,decomp/leaf323d1aab/tests/properties.cpp,decomp/evidence/canonical_1000.md,Returns original constant 0x01384F5C; frozen-V6 member and locally byte-identical I386 body; CI pending
FUN_004689D0,0x004689D0,0x000689D0,.text,6,FUN_004689D0,,ACTIVE,HIGH,true,false,false,false,false,false,false,thiscall,uint32_t,,const void*; observed PE32 leaf contract,UNKNOWN,LeafRecovery,decomp/leaf323d1aab/generated/src/leaves_000.cpp,coordinator,CANONICAL-1000-004689D0,,,decomp/leaf323d1aab/tests/properties.cpp,decomp/evidence/canonical_1000.md,Returns original constant 0x0156B4B0; frozen-V6 member and locally byte-identical I386 body; CI pending
FUN_004689E0,0x004689E0,0x000689E0,.text,6,FUN_004689E0,,ACTIVE,HIGH,true,false,false,false,false,false,false,thiscall,uint32_t,,const void*; observed PE32 leaf contract,UNKNOWN,LeafRecovery,decomp/leaf323d1aab/generated/src/leaves_000.cpp,coordinator,CANONICAL-1000-004689E0,,,decomp/leaf323d1aab/tests/properties.cpp,decomp/evidence/canonical_1000.md,Returns original constant 0x00000100; frozen-V6 member and locally byte-identical I386 body; CI pending
FUN_0046D090,0x0046D090,0x0006D090,.text,6,FUN_0046D090,,ACTIVE,HIGH,true,false,false,false,false,false,false,thiscall,uint32_t,,const void*; observed PE32 leaf contract,UNKNOWN,LeafRecovery,decomp/leaf323d1aab/generated/src/leaves_000.cpp,coordinator,CANONICAL-1000-0046D090,,,decomp/leaf323d1aab/tests/properties.cpp,decomp/evidence/canonical_1000.md,Returns original constant 0x01659BB4; frozen-V6 member and locally byte-identical I386 body; CI pending
FUN_0046D0F0,0x0046D0F0,0x0006D0F0,.text,6,FUN_0046D0F0,,ACTIVE,HIGH,true,false,false,false,false,false,false,thiscall,uint32_t,,const void*; observed PE32 leaf contract,UNKNOWN,LeafRecovery,decomp/leaf323d1aab/generated/src/leaves_000.cpp,coordinator,CANONICAL-1000-0046D0F0,,,decomp/leaf323d1aab/tests/properties.cpp,decomp/evidence/canonical_1000.md,Returns original constant 0x01659B6C; frozen-V6 member and locally byte-identical I386 body; CI pending
FUN_0046D150,0x0046D150,0x0006D150,.text,6,FUN_0046D150,,ACTIVE,HIGH,true,false,false,false,false,false,false,thiscall,uint32_t,,const void*; observed PE32 leaf contract,UNKNOWN,LeafRecovery,decomp/leaf323d1aab/generated/src/leaves_000.cpp,coordinator,CANONICAL-1000-0046D150,,,decomp/leaf323d1aab/tests/properties.cpp,decomp/evidence/canonical_1000.md,Returns original constant 0x01659D6C; frozen-V6 member and locally byte-identical I386 body; CI pending
FUN_0046DA50,0x0046DA50,0x0006DA50,.text,6,FUN_0046DA50,,ACTIVE,HIGH,true,false,false,false,false,false,false,thiscall,uint32_t,,const void*; observed PE32 leaf contract,UNKNOWN,LeafRecovery,decomp/leaf323d1aab/generated/src/leaves_000.cpp,coordinator,CANONICAL-1000-0046DA50,,,decomp/leaf323d1aab/tests/properties.cpp,decomp/evidence/canonical_1000.md,Returns original constant 0x01659D48; frozen-V6 member and locally byte-identical I386 body; CI pending
FUN_0046E520,0x0046E520,0x0006E520,.text,6,FUN_0046E520,,ACTIVE,HIGH,true,false,false,false,false,false,false,thiscall,uint32_t,,const void*; observed PE32 leaf contract,UNKNOWN,LeafRecovery,decomp/leaf323d1aab/generated/src/leaves_000.cpp,coordinator,CANONICAL-1000-0046E520,,,decomp/leaf323d1aab/tests/properties.cpp,decomp/evidence/canonical_1000.md,Returns original constant 0x01659D94; frozen-V6 member and locally byte-identical I386 body; CI pending
FUN_00471B80,0x00471B80,0x00071B80,.text,6,FUN_00471B80,,ACTIVE,HIGH,true,false,false,false,false,false,false,thiscall,uint32_t,,const void*; observed PE32 leaf contract,UNKNOWN,LeafRecovery,decomp/leaf323d1aab/generated/src/leaves_000.cpp,coordinator,CANONICAL-1000-00471B80,,,decomp/leaf323d1aab/tests/properties.cpp,decomp/evidence/canonical_1000.md,Returns original constant 0x01659DDC; frozen-V6 member and locally byte-identical I386 body; CI pending
FUN_00472310,0x00472310,0x00072310,.text,4,FUN_00472310,,ACTIVE,HIGH,true,false,false,false,false,false,false,thiscall,uint32_t,,const void*; observed PE32 leaf contract,UNKNOWN,LeafRecovery,decomp/leaf323d1aab/generated/src/leaves_000.cpp,coordinator,CANONICAL-1000-00472310,,,decomp/leaf323d1aab/tests/properties.cpp,decomp/evidence/canonical_1000.md,Unsigned 32-bit load at this+0x28; frozen-V6 member and locally byte-identical I386 body; CI pending
FUN_00472E50,0x00472E50,0x00072E50,.text,6,FUN_00472E50,,ACTIVE,HIGH,true,false,false,false,false,false,false,thiscall,uint32_t,,const void*; observed PE32 leaf contract,UNKNOWN,LeafRecovery,decomp/leaf323d1aab/generated/src/leaves_000.cpp,coordinator,CANONICAL-1000-00472E50,,,decomp/leaf323d1aab/tests/properties.cpp,decomp/evidence/canonical_1000.md,Returns original constant 0x01659E00; frozen-V6 member and locally byte-identical I386 body; CI pending
FUN_004769D0,0x004769D0,0x000769D0,.text,6,FUN_004769D0,,ACTIVE,HIGH,true,false,false,false,false,false,false,thiscall,uint32_t,,const void*; observed PE32 leaf contract,UNKNOWN,LeafRecovery,decomp/leaf323d1aab/generated/src/leaves_000.cpp,coordinator,CANONICAL-1000-004769D0,,,decomp/leaf323d1aab/tests/properties.cpp,decomp/evidence/canonical_1000.md,Returns original constant 0x01659E24; frozen-V6 member and locally byte-identical I386 body; CI pending
FUN_00476B00,0x00476B00,0x00076B00,.text,6,FUN_00476B00,,ACTIVE,HIGH,true,false,false,false,false,false,false,thiscall,uint32_t,,const void*; observed PE32 leaf contract,UNKNOWN,LeafRecovery,decomp/leaf323d1aab/generated/src/leaves_000.cpp,coordinator,CANONICAL-1000-00476B00,,,decomp/leaf323d1aab/tests/properties.cpp,decomp/evidence/canonical_1000.md,Returns original constant 0x016B5048; frozen-V6 member and locally byte-identical I386 body; CI pending
FUN_00476B40,0x00476B40,0x00076B40,.text,6,FUN_00476B40,,ACTIVE,HIGH,true,false,false,false,false,false,false,thiscall,uint32_t,,const void*; observed PE32 leaf contract,UNKNOWN,LeafRecovery,decomp/leaf323d1aab/generated/src/leaves_000.cpp,coordinator,CANONICAL-1000-00476B40,,,decomp/leaf323d1aab/tests/properties.cpp,decomp/evidence/canonical_1000.md,Returns original constant 0x016B5B08; frozen-V6 member and locally byte-identical I386 body; CI pending
FUN_00478FD0,0x00478FD0,0x00078FD0,.text,6,FUN_00478FD0,,ACTIVE,HIGH,true,false,false,false,false,false,false,thiscall,uint32_t,,const void*; observed PE32 leaf contract,UNKNOWN,LeafRecovery,decomp/leaf323d1aab/generated/src/leaves_000.cpp,coordinator,CANONICAL-1000-00478FD0,,,decomp/leaf323d1aab/tests/properties.cpp,decomp/evidence/canonical_1000.md,Returns original constant 0x01659E48; frozen-V6 member and locally byte-identical I386 body; CI pending
FUN_004790A0,0x004790A0,0x000790A0,.text,4,FUN_004790A0,,ACTIVE,HIGH,true,false,false,false,false,false,false,thiscall,uint32_t,,const void*; observed PE32 leaf contract,UNKNOWN,LeafRecovery,decomp/leaf323d1aab/generated/src/leaves_000.cpp,coordinator,CANONICAL-1000-004790A0,,,decomp/leaf323d1aab/tests/properties.cpp,decomp/evidence/canonical_1000.md,Returns 32-bit receiver-relative address this+0x50; frozen-V6 member and locally byte-identical I386 body; CI pending
FUN_004790B0,0x004790B0,0x000790B0,.text,7,FUN_004790B0,,ACTIVE,HIGH,true,false,false,false,false,false,false,thiscall,uint32_t,,const void*; observed PE32 leaf contract,UNKNOWN,LeafRecovery,decomp/leaf323d1aab/generated/src/leaves_000.cpp,coordinator,CANONICAL-1000-004790B0,,,decomp/leaf323d1aab/tests/properties.cpp,decomp/evidence/canonical_1000.md,Unsigned 32-bit load at this+0x324; frozen-V6 member and locally byte-identical I386 body; CI pending
FUN_00479110,0x00479110,0x00079110,.text,7,FUN_00479110,,ACTIVE,HIGH,true,false,false,false,false,false,false,thiscall,uint32_t,,const void*; observed PE32 leaf contract,UNKNOWN,LeafRecovery,decomp/leaf323d1aab/generated/src/leaves_000.cpp,coordinator,CANONICAL-1000-00479110,,,decomp/leaf323d1aab/tests/properties.cpp,decomp/evidence/canonical_1000.md,Unsigned 32-bit load at this+0x2A0; frozen-V6 member and locally byte-identical I386 body; CI pending
FUN_00479160,0x00479160,0x00079160,.text,6,FUN_00479160,,ACTIVE,HIGH,true,false,false,false,false,false,false,thiscall,uint32_t,,const void*; observed PE32 leaf contract,UNKNOWN,LeafRecovery,decomp/leaf323d1aab/generated/src/leaves_000.cpp,coordinator,CANONICAL-1000-00479160,,,decomp/leaf323d1aab/tests/properties.cpp,decomp/evidence/canonical_1000.md,Returns original constant 0x01659EA0; frozen-V6 member and locally byte-identical I386 body; CI pending
FUN_004791D0,0x004791D0,0x000791D0,.text,7,FUN_004791D0,,ACTIVE,HIGH,true,false,false,false,false,false,false,thiscall,uint32_t,,const void*; observed PE32 leaf contract,UNKNOWN,LeafRecovery,decomp/leaf323d1aab/generated/src/leaves_000.cpp,coordinator,CANONICAL-1000-004791D0,,,decomp/leaf323d1aab/tests/properties.cpp,decomp/evidence/canonical_1000.md,Returns 32-bit receiver-relative address this+0x15E0; frozen-V6 member and locally byte-identical I386 body; CI pending
FUN_00479310,0x00479310,0x00079310,.text,7,FUN_00479310,,ACTIVE,HIGH,true,false,false,false,false,false,false,thiscall,uint32_t,,const void*; observed PE32 leaf contract,UNKNOWN,LeafRecovery,decomp/leaf323d1aab/generated/src/leaves_000.cpp,coordinator,CANONICAL-1000-00479310,,,decomp/leaf323d1aab/tests/properties.cpp,decomp/evidence/canonical_1000.md,Unsigned 32-bit load at this+0x284; frozen-V6 member and locally byte-identical I386 body; CI pending
FUN_00479370,0x00479370,0x00079370,.text,6,FUN_00479370,,ACTIVE,HIGH,true,false,false,false,false,false,false,thiscall,uint32_t,,const void*; observed PE32 leaf contract,UNKNOWN,LeafRecovery,decomp/leaf323d1aab/generated/src/leaves_000.cpp,coordinator,CANONICAL-1000-00479370,,,decomp/leaf323d1aab/tests/properties.cpp,decomp/evidence/canonical_1000.md,Returns original constant 0x00000012; frozen-V6 member and locally byte-identical I386 body; CI pending
FUN_00479380,0x00479380,0x00079380,.text,6,FUN_00479380,,ACTIVE,HIGH,true,false,false,false,false,false,false,thiscall,uint32_t,,const void*; observed PE32 leaf contract,UNKNOWN,LeafRecovery,decomp/leaf323d1aab/generated/src/leaves_000.cpp,coordinator,CANONICAL-1000-00479380,,,decomp/leaf323d1aab/tests/properties.cpp,decomp/evidence/canonical_1000.md,Returns original constant 0x00000015; frozen-V6 member and locally byte-identical I386 body; CI pending
FUN_00479390,0x00479390,0x00079390,.text,6,FUN_00479390,,ACTIVE,HIGH,true,false,false,false,false,false,false,thiscall,uint32_t,,const void*; observed PE32 leaf contract,UNKNOWN,LeafRecovery,decomp/leaf323d1aab/generated/src/leaves_000.cpp,coordinator,CANONICAL-1000-00479390,,,decomp/leaf323d1aab/tests/properties.cpp,decomp/evidence/canonical_1000.md,Returns original constant 0x00000011; frozen-V6 member and locally byte-identical I386 body; CI pending
FUN_004793A0,0x004793A0,0x000793A0,.text,6,FUN_004793A0,,ACTIVE,HIGH,true,false,false,false,false,false,false,thiscall,uint32_t,,const void*; observed PE32 leaf contract,UNKNOWN,LeafRecovery,decomp/leaf323d1aab/generated/src/leaves_000.cpp,coordinator,CANONICAL-1000-004793A0,,,decomp/leaf323d1aab/tests/properties.cpp,decomp/evidence/canonical_1000.md,Returns original constant 0x00000015; frozen-V6 member and locally byte-identical I386 body; CI pending
FUN_004793B0,0x004793B0,0x000793B0,.text,6,FUN_004793B0,,ACTIVE,HIGH,true,false,false,false,false,false,false,thiscall,uint32_t,,const void*; observed PE32 leaf contract,UNKNOWN,LeafRecovery,decomp/leaf323d1aab/generated/src/leaves_000.cpp,coordinator,CANONICAL-1000-004793B0,,,decomp/leaf323d1aab/tests/properties.cpp,decomp/evidence/canonical_1000.md,Returns original constant 0x00000011; frozen-V6 member and locally byte-identical I386 body; CI pending
FUN_00479930,0x00479930,0x00079930,.text,7,FUN_00479930,,ACTIVE,HIGH,true,false,false,false,false,false,false,thiscall,uint32_t,,const void*; observed PE32 leaf contract,UNKNOWN,LeafRecovery,decomp/leaf323d1aab/generated/src/leaves_000.cpp,coordinator,CANONICAL-1000-00479930,,,decomp/leaf323d1aab/tests/properties.cpp,decomp/evidence/canonical_1000.md,Unsigned 32-bit load at this+0x2A8; frozen-V6 member and locally byte-identical I386 body; CI pending
FUN_00479940,0x00479940,0x00079940,.text,7,FUN_00479940,,ACTIVE,HIGH,true,false,false,false,false,false,false,thiscall,uint32_t,,const void*; observed PE32 leaf contract,UNKNOWN,LeafRecovery,decomp/leaf323d1aab/generated/src/leaves_000.cpp,coordinator,CANONICAL-1000-00479940,,,decomp/leaf323d1aab/tests/properties.cpp,decomp/evidence/canonical_1000.md,Unsigned 32-bit load at this+0xB4; frozen-V6 member and locally byte-identical I386 body; CI pending
FUN_00480920,0x00480920,0x00080920,.text,6,FUN_00480920,,ACTIVE,HIGH,true,false,false,false,false,false,false,thiscall,uint32_t,,const void*; observed PE32 leaf contract,UNKNOWN,LeafRecovery,decomp/leaf323d1aab/generated/src/leaves_000.cpp,coordinator,CANONICAL-1000-00480920,,,decomp/leaf323d1aab/tests/properties.cpp,decomp/evidence/canonical_1000.md,Returns original constant 0x01659E6C; frozen-V6 member and locally byte-identical I386 body; CI pending
FUN_00484B20,0x00484B20,0x00084B20,.text,6,FUN_00484B20,,ACTIVE,HIGH,true,false,false,false,false,false,false,thiscall,uint32_t,,const void*; observed PE32 leaf contract,UNKNOWN,LeafRecovery,decomp/leaf323d1aab/generated/src/leaves_000.cpp,coordinator,CANONICAL-1000-00484B20,,,decomp/leaf323d1aab/tests/properties.cpp,decomp/evidence/canonical_1000.md,Returns original constant 0x01659F34; frozen-V6 member and locally byte-identical I386 body; CI pending
FUN_00484B30,0x00484B30,0x00084B30,.text,6,FUN_00484B30,,ACTIVE,HIGH,true,false,false,false,false,false,false,thiscall,uint32_t,,const void*; observed PE32 leaf contract,UNKNOWN,LeafRecovery,decomp/leaf323d1aab/generated/src/leaves_000.cpp,coordinator,CANONICAL-1000-00484B30,,,decomp/leaf323d1aab/tests/properties.cpp,decomp/evidence/canonical_1000.md,Returns original constant 0x00000001; frozen-V6 member and locally byte-identical I386 body; CI pending
FUN_00484E30,0x00484E30,0x00084E30,.text,5,FUN_00484E30,,ACTIVE,HIGH,true,false,false,false,false,false,false,thiscall,uint32_t,,const void*; observed PE32 leaf contract,UNKNOWN,LeafRecovery,decomp/leaf323d1aab/generated/src/leaves_000.cpp,coordinator,CANONICAL-1000-00484E30,,,decomp/leaf323d1aab/tests/properties.cpp,decomp/evidence/canonical_1000.md,Unsigned 16-bit load at this+0x1A; frozen-V6 member and locally byte-identical I386 body; CI pending
FUN_00484EB0,0x00484EB0,0x00084EB0,.text,6,FUN_00484EB0,,ACTIVE,HIGH,true,false,false,false,false,false,false,thiscall,uint32_t,,const void*; observed PE32 leaf contract,UNKNOWN,LeafRecovery,decomp/leaf323d1aab/generated/src/leaves_000.cpp,coordinator,CANONICAL-1000-00484EB0,,,decomp/leaf323d1aab/tests/properties.cpp,decomp/evidence/canonical_1000.md,Returns original constant 0x01572098; frozen-V6 member and locally byte-identical I386 body; CI pending
FUN_00484EC0,0x00484EC0,0x00084EC0,.text,6,FUN_00484EC0,,ACTIVE,HIGH,true,false,false,false,false,false,false,thiscall,uint32_t,,const void*; observed PE32 leaf contract,UNKNOWN,LeafRecovery,decomp/leaf323d1aab/generated/src/leaves_000.cpp,coordinator,CANONICAL-1000-00484EC0,,,decomp/leaf323d1aab/tests/properties.cpp,decomp/evidence/canonical_1000.md,Returns original constant 0x00000020; frozen-V6 member and locally byte-identical I386 body; CI pending
FUN_00487E70,0x00487E70,0x00087E70,.text,6,FUN_00487E70,,ACTIVE,HIGH,true,false,false,false,false,false,false,thiscall,uint32_t,,const void*; observed PE32 leaf contract,UNKNOWN,LeafRecovery,decomp/leaf323d1aab/generated/src/leaves_000.cpp,coordinator,CANONICAL-1000-00487E70,,,decomp/leaf323d1aab/tests/properties.cpp,decomp/evidence/canonical_1000.md,Returns original constant 0x01659F58; frozen-V6 member and locally byte-identical I386 body; CI pending
FUN_00487EE0,0x00487EE0,0x00087EE0,.text,7,FUN_00487EE0,,ACTIVE,HIGH,true,false,false,false,false,false,false,thiscall,uint32_t,,const void*; observed PE32 leaf contract,UNKNOWN,LeafRecovery,decomp/leaf323d1aab/generated/src/leaves_000.cpp,coordinator,CANONICAL-1000-00487EE0,,,decomp/leaf323d1aab/tests/properties.cpp,decomp/evidence/canonical_1000.md,Unsigned 32-bit load at this+0x1E8B4; frozen-V6 member and locally byte-identical I386 body; CI pending
FUN_00487EF0,0x00487EF0,0x00087EF0,.text,7,FUN_00487EF0,,ACTIVE,HIGH,true,false,false,false,false,false,false,thiscall,uint32_t,,const void*; observed PE32 leaf contract,UNKNOWN,LeafRecovery,decomp/leaf323d1aab/generated/src/leaves_000.cpp,coordinator,CANONICAL-1000-00487EF0,,,decomp/leaf323d1aab/tests/properties.cpp,decomp/evidence/canonical_1000.md,Unsigned 32-bit load at this+0x1E8B8; frozen-V6 member and locally byte-identical I386 body; CI pending
FUN_00487F10,0x00487F10,0x00087F10,.text,6,FUN_00487F10,,ACTIVE,HIGH,true,false,false,false,false,false,false,thiscall,uint32_t,,const void*; observed PE32 leaf contract,UNKNOWN,LeafRecovery,decomp/leaf323d1aab/generated/src/leaves_000.cpp,coordinator,CANONICAL-1000-00487F10,,,decomp/leaf323d1aab/tests/properties.cpp,decomp/evidence/canonical_1000.md,Returns original constant 0x0169280C; frozen-V6 member and locally byte-identical I386 body; CI pending
FUN_00487F20,0x00487F20,0x00087F20,.text,6,FUN_00487F20,,ACTIVE,HIGH,true,false,false,false,false,false,false,thiscall,uint32_t,,const void*; observed PE32 leaf contract,UNKNOWN,LeafRecovery,decomp/leaf323d1aab/generated/src/leaves_001.cpp,coordinator,CANONICAL-1000-00487F20,,,decomp/leaf323d1aab/tests/properties.cpp,decomp/evidence/canonical_1000.md,Returns original constant 0x01692830; frozen-V6 member and locally byte-identical I386 body; CI pending
FUN_00487F30,0x00487F30,0x00087F30,.text,6,FUN_00487F30,,ACTIVE,HIGH,true,false,false,false,false,false,false,thiscall,uint32_t,,const void*; observed PE32 leaf contract,UNKNOWN,LeafRecovery,decomp/leaf323d1aab/generated/src/leaves_001.cpp,coordinator,CANONICAL-1000-00487F30,,,decomp/leaf323d1aab/tests/properties.cpp,decomp/evidence/canonical_1000.md,Returns original constant 0x01692854; frozen-V6 member and locally byte-identical I386 body; CI pending
FUN_00488060,0x00488060,0x00088060,.text,6,FUN_00488060,,ACTIVE,HIGH,true,false,false,false,false,false,false,thiscall,uint32_t,,const void*; observed PE32 leaf contract,UNKNOWN,LeafRecovery,decomp/leaf323d1aab/generated/src/leaves_001.cpp,coordinator,CANONICAL-1000-00488060,,,decomp/leaf323d1aab/tests/properties.cpp,decomp/evidence/canonical_1000.md,Returns original constant 0x016B1BD0; frozen-V6 member and locally byte-identical I386 body; CI pending
FUN_00488070,0x00488070,0x00088070,.text,6,FUN_00488070,,ACTIVE,HIGH,true,false,false,false,false,false,false,thiscall,uint32_t,,const void*; observed PE32 leaf contract,UNKNOWN,LeafRecovery,decomp/leaf323d1aab/generated/src/leaves_001.cpp,coordinator,CANONICAL-1000-00488070,,,decomp/leaf323d1aab/tests/properties.cpp,decomp/evidence/canonical_1000.md,Returns original constant 0x016B1BF4; frozen-V6 member and locally byte-identical I386 body; CI pending
FUN_00488080,0x00488080,0x00088080,.text,6,FUN_00488080,,ACTIVE,HIGH,true,false,false,false,false,false,false,thiscall,uint32_t,,const void*; observed PE32 leaf contract,UNKNOWN,LeafRecovery,decomp/leaf323d1aab/generated/src/leaves_001.cpp,coordinator,CANONICAL-1000-00488080,,,decomp/leaf323d1aab/tests/properties.cpp,decomp/evidence/canonical_1000.md,Returns original constant 0x016B1C84; frozen-V6 member and locally byte-identical I386 body; CI pending
FUN_00488090,0x00488090,0x00088090,.text,6,FUN_00488090,,ACTIVE,HIGH,true,false,false,false,false,false,false,thiscall,uint32_t,,const void*; observed PE32 leaf contract,UNKNOWN,LeafRecovery,decomp/leaf323d1aab/generated/src/leaves_001.cpp,coordinator,CANONICAL-1000-00488090,,,decomp/leaf323d1aab/tests/properties.cpp,decomp/evidence/canonical_1000.md,Returns original constant 0x016B1CA8; frozen-V6 member and locally byte-identical I386 body; CI pending
FUN_004880A0,0x004880A0,0x000880A0,.text,6,FUN_004880A0,,ACTIVE,HIGH,true,false,false,false,false,false,false,thiscall,uint32_t,,const void*; observed PE32 leaf contract,UNKNOWN,LeafRecovery,decomp/leaf323d1aab/generated/src/leaves_001.cpp,coordinator,CANONICAL-1000-004880A0,,,decomp/leaf323d1aab/tests/properties.cpp,decomp/evidence/canonical_1000.md,Returns original constant 0x016B2218; frozen-V6 member and locally byte-identical I386 body; CI pending
FUN_004880B0,0x004880B0,0x000880B0,.text,6,FUN_004880B0,,ACTIVE,HIGH,true,false,false,false,false,false,false,thiscall,uint32_t,,const void*; observed PE32 leaf contract,UNKNOWN,LeafRecovery,decomp/leaf323d1aab/generated/src/leaves_001.cpp,coordinator,CANONICAL-1000-004880B0,,,decomp/leaf323d1aab/tests/properties.cpp,decomp/evidence/canonical_1000.md,Returns original constant 0x016B223C; frozen-V6 member and locally byte-identical I386 body; CI pending
FUN_004880C0,0x004880C0,0x000880C0,.text,6,FUN_004880C0,,ACTIVE,HIGH,true,false,false,false,false,false,false,thiscall,uint32_t,,const void*; observed PE32 leaf contract,UNKNOWN,LeafRecovery,decomp/leaf323d1aab/generated/src/leaves_001.cpp,coordinator,CANONICAL-1000-004880C0,,,decomp/leaf323d1aab/tests/properties.cpp,decomp/evidence/canonical_1000.md,Returns original constant 0x016B2284; frozen-V6 member and locally byte-identical I386 body; CI pending
FUN_004880D0,0x004880D0,0x000880D0,.text,6,FUN_004880D0,,ACTIVE,HIGH,true,false,false,false,false,false,false,thiscall,uint32_t,,const void*; observed PE32 leaf contract,UNKNOWN,LeafRecovery,decomp/leaf323d1aab/generated/src/leaves_001.cpp,coordinator,CANONICAL-1000-004880D0,,,decomp/leaf323d1aab/tests/properties.cpp,decomp/evidence/canonical_1000.md,Returns original constant 0x016B22A8; frozen-V6 member and locally byte-identical I386 body; CI pending
FUN_004880E0,0x004880E0,0x000880E0,.text,6,FUN_004880E0,,ACTIVE,HIGH,true,false,false,false,false,false,false,thiscall,uint32_t,,const void*; observed PE32 leaf contract,UNKNOWN,LeafRecovery,decomp/leaf323d1aab/generated/src/leaves_001.cpp,coordinator,CANONICAL-1000-004880E0,,,decomp/leaf323d1aab/tests/properties.cpp,decomp/evidence/canonical_1000.md,Returns original constant 0x016B22F0; frozen-V6 member and locally byte-identical I386 body; CI pending
FUN_00489E20,0x00489E20,0x00089E20,.text,7,FUN_00489E20,,ACTIVE,HIGH,true,false,false,false,false,false,false,thiscall,uint32_t,,const void*; observed PE32 leaf contract,UNKNOWN,LeafRecovery,decomp/leaf323d1aab/generated/src/leaves_001.cpp,coordinator,CANONICAL-1000-00489E20,,,decomp/leaf323d1aab/tests/properties.cpp,decomp/evidence/canonical_1000.md,Unsigned 32-bit load at this+0x1E8BC; frozen-V6 member and locally byte-identical I386 body; CI pending
FUN_004925C0,0x004925C0,0x000925C0,.text,6,FUN_004925C0,,ACTIVE,HIGH,true,false,false,false,false,false,false,thiscall,uint32_t,,const void*; observed PE32 leaf contract,UNKNOWN,LeafRecovery,decomp/leaf323d1aab/generated/src/leaves_001.cpp,coordinator,CANONICAL-1000-004925C0,,,decomp/leaf323d1aab/tests/properties.cpp,decomp/evidence/canonical_1000.md,Returns original constant 0x016E1694; frozen-V6 member and locally byte-identical I386 body; CI pending
FUN_00492A40,0x00492A40,0x00092A40,.text,6,FUN_00492A40,,ACTIVE,HIGH,true,false,false,false,false,false,false,thiscall,uint32_t,,const void*; observed PE32 leaf contract,UNKNOWN,LeafRecovery,decomp/leaf323d1aab/generated/src/leaves_001.cpp,coordinator,CANONICAL-1000-00492A40,,,decomp/leaf323d1aab/tests/properties.cpp,decomp/evidence/canonical_1000.md,Returns original constant 0x01692878; frozen-V6 member and locally byte-identical I386 body; CI pending
FUN_00492B10,0x00492B10,0x00092B10,.text,6,FUN_00492B10,,ACTIVE,HIGH,true,false,false,false,false,false,false,thiscall,uint32_t,,const void*; observed PE32 leaf contract,UNKNOWN,LeafRecovery,decomp/leaf323d1aab/generated/src/leaves_001.cpp,coordinator,CANONICAL-1000-00492B10,,,decomp/leaf323d1aab/tests/properties.cpp,decomp/evidence/canonical_1000.md,Returns original constant 0x0169289C; frozen-V6 member and locally byte-identical I386 body; CI pending
FUN_00492C30,0x00492C30,0x00092C30,.text,6,FUN_00492C30,,ACTIVE,HIGH,true,false,false,false,false,false,false,thiscall,uint32_t,,const void*; observed PE32 leaf contract,UNKNOWN,LeafRecovery,decomp/leaf323d1aab/generated/src/leaves_001.cpp,coordinator,CANONICAL-1000-00492C30,,,decomp/leaf323d1aab/tests/properties.cpp,decomp/evidence/canonical_1000.md,Returns original constant 0x016B1DC8; frozen-V6 member and locally byte-identical I386 body; CI pending
FUN_00493370,0x00493370,0x00093370,.text,6,FUN_00493370,,ACTIVE,HIGH,true,false,false,false,false,false,false,thiscall,uint32_t,,const void*; observed PE32 leaf contract,UNKNOWN,LeafRecovery,decomp/leaf323d1aab/generated/src/leaves_001.cpp,coordinator,CANONICAL-1000-00493370,,,decomp/leaf323d1aab/tests/properties.cpp,decomp/evidence/canonical_1000.md,Returns original constant 0x016B2314; frozen-V6 member and locally byte-identical I386 body; CI pending
FUN_00493420,0x00493420,0x00093420,.text,6,FUN_00493420,,ACTIVE,HIGH,true,false,false,false,false,false,false,thiscall,uint32_t,,const void*; observed PE32 leaf contract,UNKNOWN,LeafRecovery,decomp/leaf323d1aab/generated/src/leaves_001.cpp,coordinator,CANONICAL-1000-00493420,,,decomp/leaf323d1aab/tests/properties.cpp,decomp/evidence/canonical_1000.md,Returns original constant 0x016B2338; frozen-V6 member and locally byte-identical I386 body; CI pending
FUN_004934A0,0x004934A0,0x000934A0,.text,6,FUN_004934A0,,ACTIVE,HIGH,true,false,false,false,false,false,false,thiscall,uint32_t,,const void*; observed PE32 leaf contract,UNKNOWN,LeafRecovery,decomp/leaf323d1aab/generated/src/leaves_001.cpp,coordinator,CANONICAL-1000-004934A0,,,decomp/leaf323d1aab/tests/properties.cpp,decomp/evidence/canonical_1000.md,Returns original constant 0x016B235C; frozen-V6 member and locally byte-identical I386 body; CI pending
FUN_004935D0,0x004935D0,0x000935D0,.text,6,FUN_004935D0,,ACTIVE,HIGH,true,false,false,false,false,false,false,thiscall,uint32_t,,const void*; observed PE32 leaf contract,UNKNOWN,LeafRecovery,decomp/leaf323d1aab/generated/src/leaves_001.cpp,coordinator,CANONICAL-1000-004935D0,,,decomp/leaf323d1aab/tests/properties.cpp,decomp/evidence/canonical_1000.md,Returns original constant 0x016B4F94; frozen-V6 member and locally byte-identical I386 body; CI pending
FUN_00493660,0x00493660,0x00093660,.text,7,FUN_00493660,,ACTIVE,HIGH,true,false,false,false,false,false,false,thiscall,uint32_t,,const void*; observed PE32 leaf contract,UNKNOWN,LeafRecovery,decomp/leaf323d1aab/generated/src/leaves_001.cpp,coordinator,CANONICAL-1000-00493660,,,decomp/leaf323d1aab/tests/properties.cpp,decomp/evidence/canonical_1000.md,Unsigned 32-bit load at this+0x19E0; frozen-V6 member and locally byte-identical I386 body; CI pending
FUN_004936A0,0x004936A0,0x000936A0,.text,7,FUN_004936A0,,ACTIVE,HIGH,true,false,false,false,false,false,false,thiscall,uint32_t,,const void*; observed PE32 leaf contract,UNKNOWN,LeafRecovery,decomp/leaf323d1aab/generated/src/leaves_001.cpp,coordinator,CANONICAL-1000-004936A0,,,decomp/leaf323d1aab/tests/properties.cpp,decomp/evidence/canonical_1000.md,Unsigned 32-bit load at this+0x1F44; frozen-V6 member and locally byte-identical I386 body; CI pending
FUN_004936C0,0x004936C0,0x000936C0,.text,7,FUN_004936C0,,ACTIVE,HIGH,true,false,false,false,false,false,false,thiscall,uint32_t,,const void*; observed PE32 leaf contract,UNKNOWN,LeafRecovery,decomp/leaf323d1aab/generated/src/leaves_001.cpp,coordinator,CANONICAL-1000-004936C0,,,decomp/leaf323d1aab/tests/properties.cpp,decomp/evidence/canonical_1000.md,Unsigned 32-bit load at this+0x1F48; frozen-V6 member and locally byte-identical I386 body; CI pending
FUN_004A3FC0,0x004A3FC0,0x000A3FC0,.text,6,FUN_004A3FC0,,ACTIVE,HIGH,true,false,false,false,false,false,false,thiscall,uint32_t,,const void*; observed PE32 leaf contract,UNKNOWN,LeafRecovery,decomp/leaf323d1aab/generated/src/leaves_001.cpp,coordinator,CANONICAL-1000-004A3FC0,,,decomp/leaf323d1aab/tests/properties.cpp,decomp/evidence/canonical_1000.md,Returns original constant 0x00000001; frozen-V6 member and locally byte-identical I386 body; CI pending
FUN_004A3FD0,0x004A3FD0,0x000A3FD0,.text,6,FUN_004A3FD0,,ACTIVE,HIGH,true,false,false,false,false,false,false,thiscall,uint32_t,,const void*; observed PE32 leaf contract,UNKNOWN,LeafRecovery,decomp/leaf323d1aab/generated/src/leaves_001.cpp,coordinator,CANONICAL-1000-004A3FD0,,,decomp/leaf323d1aab/tests/properties.cpp,decomp/evidence/canonical_1000.md,Returns original constant 0x00000001; frozen-V6 member and locally byte-identical I386 body; CI pending
FUN_004AA450,0x004AA450,0x000AA450,.text,6,FUN_004AA450,,ACTIVE,HIGH,true,false,false,false,false,false,false,thiscall,uint32_t,,const void*; observed PE32 leaf contract,UNKNOWN,LeafRecovery,decomp/leaf323d1aab/generated/src/leaves_001.cpp,coordinator,CANONICAL-1000-004AA450,,,decomp/leaf323d1aab/tests/properties.cpp,decomp/evidence/canonical_1000.md,Returns original constant 0x0165A0E4; frozen-V6 member and locally byte-identical I386 body; CI pending
FUN_004ACD20,0x004ACD20,0x000ACD20,.text,6,FUN_004ACD20,,ACTIVE,HIGH,true,false,false,false,false,false,false,thiscall,uint32_t,,const void*; observed PE32 leaf contract,UNKNOWN,LeafRecovery,decomp/leaf323d1aab/generated/src/leaves_001.cpp,coordinator,CANONICAL-1000-004ACD20,,,decomp/leaf323d1aab/tests/properties.cpp,decomp/evidence/canonical_1000.md,Returns original constant 0x0165A108; frozen-V6 member and locally byte-identical I386 body; CI pending
FUN_004AD260,0x004AD260,0x000AD260,.text,7,FUN_004AD260,,ACTIVE,HIGH,true,false,false,false,false,false,false,thiscall,uint32_t,,const void*; observed PE32 leaf contract,UNKNOWN,LeafRecovery,decomp/leaf323d1aab/generated/src/leaves_001.cpp,coordinator,CANONICAL-1000-004AD260,,,decomp/leaf323d1aab/tests/properties.cpp,decomp/evidence/canonical_1000.md,Unsigned 32-bit load at this+0x1D3F0; frozen-V6 member and locally byte-identical I386 body; CI pending
FUN_004AD270,0x004AD270,0x000AD270,.text,7,FUN_004AD270,,ACTIVE,HIGH,true,false,false,false,false,false,false,thiscall,uint32_t,,const void*; observed PE32 leaf contract,UNKNOWN,LeafRecovery,decomp/leaf323d1aab/generated/src/leaves_001.cpp,coordinator,CANONICAL-1000-004AD270,,,decomp/leaf323d1aab/tests/properties.cpp,decomp/evidence/canonical_1000.md,Unsigned 32-bit load at this+0x1D3F4; frozen-V6 member and locally byte-identical I386 body; CI pending
FUN_004AD280,0x004AD280,0x000AD280,.text,7,FUN_004AD280,,ACTIVE,HIGH,true,false,false,false,false,false,false,thiscall,uint32_t,,const void*; observed PE32 leaf contract,UNKNOWN,LeafRecovery,decomp/leaf323d1aab/generated/src/leaves_001.cpp,coordinator,CANONICAL-1000-004AD280,,,decomp/leaf323d1aab/tests/properties.cpp,decomp/evidence/canonical_1000.md,Unsigned 32-bit load at this+0x1D3F8; frozen-V6 member and locally byte-identical I386 body; CI pending
FUN_004AE160,0x004AE160,0x000AE160,.text,6,FUN_004AE160,,ACTIVE,HIGH,true,false,false,false,false,false,false,thiscall,uint32_t,,const void*; observed PE32 leaf contract,UNKNOWN,LeafRecovery,decomp/leaf323d1aab/generated/src/leaves_001.cpp,coordinator,CANONICAL-1000-004AE160,,,decomp/leaf323d1aab/tests/properties.cpp,decomp/evidence/canonical_1000.md,Returns original constant 0x0165A130; frozen-V6 member and locally byte-identical I386 body; CI pending
FUN_004AF030,0x004AF030,0x000AF030,.text,6,FUN_004AF030,,ACTIVE,HIGH,true,false,false,false,false,false,false,thiscall,uint32_t,,const void*; observed PE32 leaf contract,UNKNOWN,LeafRecovery,decomp/leaf323d1aab/generated/src/leaves_001.cpp,coordinator,CANONICAL-1000-004AF030,,,decomp/leaf323d1aab/tests/properties.cpp,decomp/evidence/canonical_1000.md,Returns original constant 0x0165A1CC; frozen-V6 member and locally byte-identical I386 body; CI pending
FUN_004AF120,0x004AF120,0x000AF120,.text,7,FUN_004AF120,,ACTIVE,HIGH,true,false,false,false,false,false,false,thiscall,uint32_t,,const void*; observed PE32 leaf contract,UNKNOWN,LeafRecovery,decomp/leaf323d1aab/generated/src/leaves_001.cpp,coordinator,CANONICAL-1000-004AF120,,,decomp/leaf323d1aab/tests/properties.cpp,decomp/evidence/canonical_1000.md,Unsigned 32-bit load at this+0x466E0; frozen-V6 member and locally byte-identical I386 body; CI pending
FUN_004AF130,0x004AF130,0x000AF130,.text,7,FUN_004AF130,,ACTIVE,HIGH,true,false,false,false,false,false,false,thiscall,uint32_t,,const void*; observed PE32 leaf contract,UNKNOWN,LeafRecovery,decomp/leaf323d1aab/generated/src/leaves_001.cpp,coordinator,CANONICAL-1000-004AF130,,,decomp/leaf323d1aab/tests/properties.cpp,decomp/evidence/canonical_1000.md,Unsigned 32-bit load at this+0x466E4; frozen-V6 member and locally byte-identical I386 body; CI pending
FUN_004AF140,0x004AF140,0x000AF140,.text,7,FUN_004AF140,,ACTIVE,HIGH,true,false,false,false,false,false,false,thiscall,uint32_t,,const void*; observed PE32 leaf contract,UNKNOWN,LeafRecovery,decomp/leaf323d1aab/generated/src/leaves_001.cpp,coordinator,CANONICAL-1000-004AF140,,,decomp/leaf323d1aab/tests/properties.cpp,decomp/evidence/canonical_1000.md,Unsigned 32-bit load at this+0x466E8; frozen-V6 member and locally byte-identical I386 body; CI pending
FUN_004AF150,0x004AF150,0x000AF150,.text,7,FUN_004AF150,,ACTIVE,HIGH,true,false,false,false,false,false,false,thiscall,uint32_t,,const void*; observed PE32 leaf contract,UNKNOWN,LeafRecovery,decomp/leaf323d1aab/generated/src/leaves_001.cpp,coordinator,CANONICAL-1000-004AF150,,,decomp/leaf323d1aab/tests/properties.cpp,decomp/evidence/canonical_1000.md,Unsigned 32-bit load at this+0x466EC; frozen-V6 member and locally byte-identical I386 body; CI pending
FUN_004AF160,0x004AF160,0x000AF160,.text,7,FUN_004AF160,,ACTIVE,HIGH,true,false,false,false,false,false,false,thiscall,uint32_t,,const void*; observed PE32 leaf contract,UNKNOWN,LeafRecovery,decomp/leaf323d1aab/generated/src/leaves_001.cpp,coordinator,CANONICAL-1000-004AF160,,,decomp/leaf323d1aab/tests/properties.cpp,decomp/evidence/canonical_1000.md,Unsigned 32-bit load at this+0x466F0; frozen-V6 member and locally byte-identical I386 body; CI pending
FUN_004AF190,0x004AF190,0x000AF190,.text,7,FUN_004AF190,,ACTIVE,HIGH,true,false,false,false,false,false,false,thiscall,uint32_t,,const void*; observed PE32 leaf contract,UNKNOWN,LeafRecovery,decomp/leaf323d1aab/generated/src/leaves_001.cpp,coordinator,CANONICAL-1000-004AF190,,,decomp/leaf323d1aab/tests/properties.cpp,decomp/evidence/canonical_1000.md,Unsigned 32-bit load at this+0x4694C; frozen-V6 member and locally byte-identical I386 body; CI pending
FUN_004AF240,0x004AF240,0x000AF240,.text,7,FUN_004AF240,,ACTIVE,HIGH,true,false,false,false,false,false,false,thiscall,uint32_t,,const void*; observed PE32 leaf contract,UNKNOWN,LeafRecovery,decomp/leaf323d1aab/generated/src/leaves_001.cpp,coordinator,CANONICAL-1000-004AF240,,,decomp/leaf323d1aab/tests/properties.cpp,decomp/evidence/canonical_1000.md,Unsigned 32-bit load at this+0x80; frozen-V6 member and locally byte-identical I386 body; CI pending
FUN_004AF930,0x004AF930,0x000AF930,.text,7,FUN_004AF930,,ACTIVE,HIGH,true,false,false,false,false,false,false,thiscall,uint32_t,,const void*; observed PE32 leaf contract,UNKNOWN,LeafRecovery,decomp/leaf323d1aab/generated/src/leaves_001.cpp,coordinator,CANONICAL-1000-004AF930,,,decomp/leaf323d1aab/tests/properties.cpp,decomp/evidence/canonical_1000.md,Unsigned 32-bit load at this+0x52C; frozen-V6 member and locally byte-identical I386 body; CI pending
FUN_004B0CE0,0x004B0CE0,0x000B0CE0,.text,7,FUN_004B0CE0,,ACTIVE,HIGH,true,false,false,false,false,false,false,thiscall,uint32_t,,const void*; observed PE32 leaf contract,UNKNOWN,LeafRecovery,decomp/leaf323d1aab/generated/src/leaves_001.cpp,coordinator,CANONICAL-1000-004B0CE0,,,decomp/leaf323d1aab/tests/properties.cpp,decomp/evidence/canonical_1000.md,Unsigned 32-bit load at this+0x530; frozen-V6 member and locally byte-identical I386 body; CI pending
FUN_004B0D20,0x004B0D20,0x000B0D20,.text,7,FUN_004B0D20,,ACTIVE,HIGH,true,false,false,false,false,false,false,thiscall,uint32_t,,const void*; observed PE32 leaf contract,UNKNOWN,LeafRecovery,decomp/leaf323d1aab/generated/src/leaves_001.cpp,coordinator,CANONICAL-1000-004B0D20,,,decomp/leaf323d1aab/tests/properties.cpp,decomp/evidence/canonical_1000.md,Unsigned 32-bit load at this+0x538; frozen-V6 member and locally byte-identical I386 body; CI pending
FUN_004B0D60,0x004B0D60,0x000B0D60,.text,7,FUN_004B0D60,,ACTIVE,HIGH,true,false,false,false,false,false,false,thiscall,uint32_t,,const void*; observed PE32 leaf contract,UNKNOWN,LeafRecovery,decomp/leaf323d1aab/generated/src/leaves_001.cpp,coordinator,CANONICAL-1000-004B0D60,,,decomp/leaf323d1aab/tests/properties.cpp,decomp/evidence/canonical_1000.md,Unsigned 32-bit load at this+0x53C; frozen-V6 member and locally byte-identical I386 body; CI pending
FUN_004B9180,0x004B9180,0x000B9180,.text,6,FUN_004B9180,,ACTIVE,HIGH,true,false,false,false,false,false,false,thiscall,uint32_t,,const void*; observed PE32 leaf contract,UNKNOWN,LeafRecovery,decomp/leaf323d1aab/generated/src/leaves_001.cpp,coordinator,CANONICAL-1000-004B9180,,,decomp/leaf323d1aab/tests/properties.cpp,decomp/evidence/canonical_1000.md,Returns original constant 0x0165A20C; frozen-V6 member and locally byte-identical I386 body; CI pending
FUN_004B9310,0x004B9310,0x000B9310,.text,4,FUN_004B9310,,ACTIVE,HIGH,true,false,false,false,false,false,false,thiscall,uint32_t,,const void*; observed PE32 leaf contract,UNKNOWN,LeafRecovery,decomp/leaf323d1aab/generated/src/leaves_001.cpp,coordinator,CANONICAL-1000-004B9310,,,decomp/leaf323d1aab/tests/properties.cpp,decomp/evidence/canonical_1000.md,Unsigned 32-bit load at this+0x24; frozen-V6 member and locally byte-identical I386 body; CI pending
FUN_004BA080,0x004BA080,0x000BA080,.text,6,FUN_004BA080,,ACTIVE,HIGH,true,false,false,false,false,false,false,thiscall,uint32_t,,const void*; observed PE32 leaf contract,UNKNOWN,LeafRecovery,decomp/leaf323d1aab/generated/src/leaves_001.cpp,coordinator,CANONICAL-1000-004BA080,,,decomp/leaf323d1aab/tests/properties.cpp,decomp/evidence/canonical_1000.md,Returns original constant 0x0165B6BC; frozen-V6 member and locally byte-identical I386 body; CI pending
FUN_004BBBA0,0x004BBBA0,0x000BBBA0,.text,6,FUN_004BBBA0,,ACTIVE,HIGH,true,false,false,false,false,false,false,thiscall,uint32_t,,const void*; observed PE32 leaf contract,UNKNOWN,LeafRecovery,decomp/leaf323d1aab/generated/src/leaves_001.cpp,coordinator,CANONICAL-1000-004BBBA0,,,decomp/leaf323d1aab/tests/properties.cpp,decomp/evidence/canonical_1000.md,Returns original constant 0x0165B6E8; frozen-V6 member and locally byte-identical I386 body; CI pending
FUN_004BBD60,0x004BBD60,0x000BBD60,.text,6,FUN_004BBD60,,ACTIVE,HIGH,true,false,false,false,false,false,false,thiscall,uint32_t,,const void*; observed PE32 leaf contract,UNKNOWN,LeafRecovery,decomp/leaf323d1aab/generated/src/leaves_001.cpp,coordinator,CANONICAL-1000-004BBD60,,,decomp/leaf323d1aab/tests/properties.cpp,decomp/evidence/canonical_1000.md,Returns original constant 0x01393ED4; frozen-V6 member and locally byte-identical I386 body; CI pending
FUN_004C4BE0,0x004C4BE0,0x000C4BE0,.text,6,FUN_004C4BE0,,ACTIVE,HIGH,true,false,false,false,false,false,false,thiscall,uint32_t,,const void*; observed PE32 leaf contract,UNKNOWN,LeafRecovery,decomp/leaf323d1aab/generated/src/leaves_001.cpp,coordinator,CANONICAL-1000-004C4BE0,,,decomp/leaf323d1aab/tests/properties.cpp,decomp/evidence/canonical_1000.md,Returns original constant 0x0165B720; frozen-V6 member and locally byte-identical I386 body; CI pending
FUN_004C4C60,0x004C4C60,0x000C4C60,.text,7,FUN_004C4C60,,ACTIVE,HIGH,true,false,false,false,false,false,false,thiscall,uint32_t,,const void*; observed PE32 leaf contract,UNKNOWN,LeafRecovery,decomp/leaf323d1aab/generated/src/leaves_001.cpp,coordinator,CANONICAL-1000-004C4C60,,,decomp/leaf323d1aab/tests/properties.cpp,decomp/evidence/canonical_1000.md,Unsigned 32-bit load at this+0x64C10; frozen-V6 member and locally byte-identical I386 body; CI pending
FUN_004C4CA0,0x004C4CA0,0x000C4CA0,.text,6,FUN_004C4CA0,,ACTIVE,HIGH,true,false,false,false,false,false,false,thiscall,uint32_t,,const void*; observed PE32 leaf contract,UNKNOWN,LeafRecovery,decomp/leaf323d1aab/generated/src/leaves_001.cpp,coordinator,CANONICAL-1000-004C4CA0,,,decomp/leaf323d1aab/tests/properties.cpp,decomp/evidence/canonical_1000.md,Returns original constant 0x0165B744; frozen-V6 member and locally byte-identical I386 body; CI pending
FUN_004C5080,0x004C5080,0x000C5080,.text,4,FUN_004C5080,,ACTIVE,HIGH,true,false,false,false,false,false,false,thiscall,uint32_t,,const void*; observed PE32 leaf contract,UNKNOWN,LeafRecovery,decomp/leaf323d1aab/generated/src/leaves_001.cpp,coordinator,CANONICAL-1000-004C5080,,,decomp/leaf323d1aab/tests/properties.cpp,decomp/evidence/canonical_1000.md,Unsigned 32-bit load at this+0x5C; frozen-V6 member and locally byte-identical I386 body; CI pending
FUN_004C5A00,0x004C5A00,0x000C5A00,.text,6,FUN_004C5A00,,ACTIVE,HIGH,true,false,false,false,false,false,false,thiscall,uint32_t,,const void*; observed PE32 leaf contract,UNKNOWN,LeafRecovery,decomp/leaf323d1aab/generated/src/leaves_001.cpp,coordinator,CANONICAL-1000-004C5A00,,,decomp/leaf323d1aab/tests/properties.cpp,decomp/evidence/canonical_1000.md,Returns original constant 0x0165B834; frozen-V6 member and locally byte-identical I386 body; CI pending
FUN_004C6040,0x004C6040,0x000C6040,.text,7,FUN_004C6040,,ACTIVE,HIGH,true,false,false,false,false,false,false,thiscall,uint32_t,,const void*; observed PE32 leaf contract,UNKNOWN,LeafRecovery,decomp/leaf323d1aab/generated/src/leaves_001.cpp,coordinator,CANONICAL-1000-004C6040,,,decomp/leaf323d1aab/tests/properties.cpp,decomp/evidence/canonical_1000.md,Unsigned 32-bit load at this+0xE0; frozen-V6 member and locally byte-identical I386 body; CI pending
FUN_004C6050,0x004C6050,0x000C6050,.text,7,FUN_004C6050,,ACTIVE,HIGH,true,false,false,false,false,false,false,thiscall,uint32_t,,const void*; observed PE32 leaf contract,UNKNOWN,LeafRecovery,decomp/leaf323d1aab/generated/src/leaves_001.cpp,coordinator,CANONICAL-1000-004C6050,,,decomp/leaf323d1aab/tests/properties.cpp,decomp/evidence/canonical_1000.md,Unsigned 32-bit load at this+0xF0; frozen-V6 member and locally byte-identical I386 body; CI pending
FUN_004C8C50,0x004C8C50,0x000C8C50,.text,7,FUN_004C8C50,,ACTIVE,HIGH,true,false,false,false,false,false,false,thiscall,uint32_t,,const void*; observed PE32 leaf contract,UNKNOWN,LeafRecovery,decomp/leaf323d1aab/generated/src/leaves_001.cpp,coordinator,CANONICAL-1000-004C8C50,,,decomp/leaf323d1aab/tests/properties.cpp,decomp/evidence/canonical_1000.md,Returns 32-bit receiver-relative address this+0x220; frozen-V6 member and locally byte-identical I386 body; CI pending
FUN_004C9CA0,0x004C9CA0,0x000C9CA0,.text,4,FUN_004C9CA0,,ACTIVE,HIGH,true,false,false,false,false,false,false,thiscall,uint32_t,,const void*; observed PE32 leaf contract,UNKNOWN,LeafRecovery,decomp/leaf323d1aab/generated/src/leaves_001.cpp,coordinator,CANONICAL-1000-004C9CA0,,,decomp/leaf323d1aab/tests/properties.cpp,decomp/evidence/canonical_1000.md,Unsigned 32-bit load at this+0x3C; frozen-V6 member and locally byte-identical I386 body; CI pending
FUN_004CAF00,0x004CAF00,0x000CAF00,.text,4,FUN_004CAF00,,ACTIVE,HIGH,true,false,false,false,false,false,false,thiscall,uint32_t,,const void*; observed PE32 leaf contract,UNKNOWN,LeafRecovery,decomp/leaf323d1aab/generated/src/leaves_001.cpp,coordinator,CANONICAL-1000-004CAF00,,,decomp/leaf323d1aab/tests/properties.cpp,decomp/evidence/canonical_1000.md,Unsigned 32-bit load at this+0x64; frozen-V6 member and locally byte-identical I386 body; CI pending
FUN_004CAF80,0x004CAF80,0x000CAF80,.text,4,FUN_004CAF80,,ACTIVE,HIGH,true,false,false,false,false,false,false,thiscall,uint32_t,,const void*; observed PE32 leaf contract,UNKNOWN,LeafRecovery,decomp/leaf323d1aab/generated/src/leaves_001.cpp,coordinator,CANONICAL-1000-004CAF80,,,decomp/leaf323d1aab/tests/properties.cpp,decomp/evidence/canonical_1000.md,Unsigned 32-bit load at this+0x78; frozen-V6 member and locally byte-identical I386 body; CI pending
FUN_004D4820,0x004D4820,0x000D4820,.text,6,FUN_004D4820,,ACTIVE,HIGH,true,false,false,false,false,false,false,thiscall,uint32_t,,const void*; observed PE32 leaf contract,UNKNOWN,LeafRecovery,decomp/leaf323d1aab/generated/src/leaves_001.cpp,coordinator,CANONICAL-1000-004D4820,,,decomp/leaf323d1aab/tests/properties.cpp,decomp/evidence/canonical_1000.md,Returns original constant 0x0165B85C; frozen-V6 member and locally byte-identical I386 body; CI pending
FUN_004D4830,0x004D4830,0x000D4830,.text,6,FUN_004D4830,,ACTIVE,HIGH,true,false,false,false,false,false,false,thiscall,uint32_t,,const void*; observed PE32 leaf contract,UNKNOWN,LeafRecovery,decomp/leaf323d1aab/generated/src/leaves_001.cpp,coordinator,CANONICAL-1000-004D4830,,,decomp/leaf323d1aab/tests/properties.cpp,decomp/evidence/canonical_1000.md,Returns original constant 0x0165B880; frozen-V6 member and locally byte-identical I386 body; CI pending
FUN_004D4850,0x004D4850,0x000D4850,.text,6,FUN_004D4850,,ACTIVE,HIGH,true,false,false,false,false,false,false,thiscall,uint32_t,,const void*; observed PE32 leaf contract,UNKNOWN,LeafRecovery,decomp/leaf323d1aab/generated/src/leaves_001.cpp,coordinator,CANONICAL-1000-004D4850,,,decomp/leaf323d1aab/tests/properties.cpp,decomp/evidence/canonical_1000.md,Returns original constant 0x0165B8A4; frozen-V6 member and locally byte-identical I386 body; CI pending
FUN_004D4860,0x004D4860,0x000D4860,.text,6,FUN_004D4860,,ACTIVE,HIGH,true,false,false,false,false,false,false,thiscall,uint32_t,,const void*; observed PE32 leaf contract,UNKNOWN,LeafRecovery,decomp/leaf323d1aab/generated/src/leaves_001.cpp,coordinator,CANONICAL-1000-004D4860,,,decomp/leaf323d1aab/tests/properties.cpp,decomp/evidence/canonical_1000.md,Returns original constant 0x0165B8C8; frozen-V6 member and locally byte-identical I386 body; CI pending
FUN_004D4870,0x004D4870,0x000D4870,.text,6,FUN_004D4870,,ACTIVE,HIGH,true,false,false,false,false,false,false,thiscall,uint32_t,,const void*; observed PE32 leaf contract,UNKNOWN,LeafRecovery,decomp/leaf323d1aab/generated/src/leaves_001.cpp,coordinator,CANONICAL-1000-004D4870,,,decomp/leaf323d1aab/tests/properties.cpp,decomp/evidence/canonical_1000.md,Returns original constant 0x0165B8EC; frozen-V6 member and locally byte-identical I386 body; CI pending
FUN_004D4880,0x004D4880,0x000D4880,.text,6,FUN_004D4880,,ACTIVE,HIGH,true,false,false,false,false,false,false,thiscall,uint32_t,,const void*; observed PE32 leaf contract,UNKNOWN,LeafRecovery,decomp/leaf323d1aab/generated/src/leaves_001.cpp,coordinator,CANONICAL-1000-004D4880,,,decomp/leaf323d1aab/tests/properties.cpp,decomp/evidence/canonical_1000.md,Returns original constant 0x0165B910; frozen-V6 member and locally byte-identical I386 body; CI pending
FUN_004D4890,0x004D4890,0x000D4890,.text,6,FUN_004D4890,,ACTIVE,HIGH,true,false,false,false,false,false,false,thiscall,uint32_t,,const void*; observed PE32 leaf contract,UNKNOWN,LeafRecovery,decomp/leaf323d1aab/generated/src/leaves_001.cpp,coordinator,CANONICAL-1000-004D4890,,,decomp/leaf323d1aab/tests/properties.cpp,decomp/evidence/canonical_1000.md,Returns original constant 0x0165B934; frozen-V6 member and locally byte-identical I386 body; CI pending
FUN_004D48A0,0x004D48A0,0x000D48A0,.text,6,FUN_004D48A0,,ACTIVE,HIGH,true,false,false,false,false,false,false,thiscall,uint32_t,,const void*; observed PE32 leaf contract,UNKNOWN,LeafRecovery,decomp/leaf323d1aab/generated/src/leaves_001.cpp,coordinator,CANONICAL-1000-004D48A0,,,decomp/leaf323d1aab/tests/properties.cpp,decomp/evidence/canonical_1000.md,Returns original constant 0x0165B958; frozen-V6 member and locally byte-identical I386 body; CI pending
FUN_004D48B0,0x004D48B0,0x000D48B0,.text,6,FUN_004D48B0,,ACTIVE,HIGH,true,false,false,false,false,false,false,thiscall,uint32_t,,const void*; observed PE32 leaf contract,UNKNOWN,LeafRecovery,decomp/leaf323d1aab/generated/src/leaves_001.cpp,coordinator,CANONICAL-1000-004D48B0,,,decomp/leaf323d1aab/tests/properties.cpp,decomp/evidence/canonical_1000.md,Returns original constant 0x0137F568; frozen-V6 member and locally byte-identical I386 body; CI pending
FUN_004D48C0,0x004D48C0,0x000D48C0,.text,6,FUN_004D48C0,,ACTIVE,HIGH,true,false,false,false,false,false,false,thiscall,uint32_t,,const void*; observed PE32 leaf contract,UNKNOWN,LeafRecovery,decomp/leaf323d1aab/generated/src/leaves_001.cpp,coordinator,CANONICAL-1000-004D48C0,,,decomp/leaf323d1aab/tests/properties.cpp,decomp/evidence/canonical_1000.md,Returns original constant 0x0165B97C; frozen-V6 member and locally byte-identical I386 body; CI pending
FUN_004D48D0,0x004D48D0,0x000D48D0,.text,6,FUN_004D48D0,,ACTIVE,HIGH,true,false,false,false,false,false,false,thiscall,uint32_t,,const void*; observed PE32 leaf contract,UNKNOWN,LeafRecovery,decomp/leaf323d1aab/generated/src/leaves_001.cpp,coordinator,CANONICAL-1000-004D48D0,,,decomp/leaf323d1aab/tests/properties.cpp,decomp/evidence/canonical_1000.md,Returns original constant 0x01394C2C; frozen-V6 member and locally byte-identical I386 body; CI pending
FUN_004D4DD0,0x004D4DD0,0x000D4DD0,.text,6,FUN_004D4DD0,,ACTIVE,HIGH,true,false,false,false,false,false,false,thiscall,uint32_t,,const void*; observed PE32 leaf contract,UNKNOWN,LeafRecovery,decomp/leaf323d1aab/generated/src/leaves_001.cpp,coordinator,CANONICAL-1000-004D4DD0,,,decomp/leaf323d1aab/tests/properties.cpp,decomp/evidence/canonical_1000.md,Returns original constant 0x0165B9B8; frozen-V6 member and locally byte-identical I386 body; CI pending
FUN_004D4E10,0x004D4E10,0x000D4E10,.text,7,FUN_004D4E10,,ACTIVE,HIGH,true,false,false,false,false,false,false,thiscall,uint32_t,,const void*; observed PE32 leaf contract,UNKNOWN,LeafRecovery,decomp/leaf323d1aab/generated/src/leaves_001.cpp,coordinator,CANONICAL-1000-004D4E10,,,decomp/leaf323d1aab/tests/properties.cpp,decomp/evidence/canonical_1000.md,Returns 32-bit receiver-relative address this+0x2E0; frozen-V6 member and locally byte-identical I386 body; CI pending
FUN_004D8D40,0x004D8D40,0x000D8D40,.text,6,FUN_004D8D40,,ACTIVE,HIGH,true,false,false,false,false,false,false,thiscall,uint32_t,,const void*; observed PE32 leaf contract,UNKNOWN,LeafRecovery,decomp/leaf323d1aab/generated/src/leaves_001.cpp,coordinator,CANONICAL-1000-004D8D40,,,decomp/leaf323d1aab/tests/properties.cpp,decomp/evidence/canonical_1000.md,Returns original constant 0x0165BA04; frozen-V6 member and locally byte-identical I386 body; CI pending
FUN_004D8D50,0x004D8D50,0x000D8D50,.text,6,FUN_004D8D50,,ACTIVE,HIGH,true,false,false,false,false,false,false,thiscall,uint32_t,,const void*; observed PE32 leaf contract,UNKNOWN,LeafRecovery,decomp/leaf323d1aab/generated/src/leaves_001.cpp,coordinator,CANONICAL-1000-004D8D50,,,decomp/leaf323d1aab/tests/properties.cpp,decomp/evidence/canonical_1000.md,Returns original constant 0x0165B9E0; frozen-V6 member and locally byte-identical I386 body; CI pending
FUN_004D8DD0,0x004D8DD0,0x000D8DD0,.text,6,FUN_004D8DD0,,ACTIVE,HIGH,true,false,false,false,false,false,false,thiscall,uint32_t,,const void*; observed PE32 leaf contract,UNKNOWN,LeafRecovery,decomp/leaf323d1aab/generated/src/leaves_001.cpp,coordinator,CANONICAL-1000-004D8DD0,,,decomp/leaf323d1aab/tests/properties.cpp,decomp/evidence/canonical_1000.md,Returns original constant 0x016E23F8; frozen-V6 member and locally byte-identical I386 body; CI pending
FUN_004D8DE0,0x004D8DE0,0x000D8DE0,.text,6,FUN_004D8DE0,,ACTIVE,HIGH,true,false,false,false,false,false,false,thiscall,uint32_t,,const void*; observed PE32 leaf contract,UNKNOWN,LeafRecovery,decomp/leaf323d1aab/generated/src/leaves_001.cpp,coordinator,CANONICAL-1000-004D8DE0,,,decomp/leaf323d1aab/tests/properties.cpp,decomp/evidence/canonical_1000.md,Returns original constant 0x016E24AC; frozen-V6 member and locally byte-identical I386 body; CI pending
FUN_004D8DF0,0x004D8DF0,0x000D8DF0,.text,6,FUN_004D8DF0,,ACTIVE,HIGH,true,false,false,false,false,false,false,thiscall,uint32_t,,const void*; observed PE32 leaf contract,UNKNOWN,LeafRecovery,decomp/leaf323d1aab/generated/src/leaves_001.cpp,coordinator,CANONICAL-1000-004D8DF0,,,decomp/leaf323d1aab/tests/properties.cpp,decomp/evidence/canonical_1000.md,Returns original constant 0x016E26A4; frozen-V6 member and locally byte-identical I386 body; CI pending
FUN_004D8E00,0x004D8E00,0x000D8E00,.text,6,FUN_004D8E00,,ACTIVE,HIGH,true,false,false,false,false,false,false,thiscall,uint32_t,,const void*; observed PE32 leaf contract,UNKNOWN,LeafRecovery,decomp/leaf323d1aab/generated/src/leaves_001.cpp,coordinator,CANONICAL-1000-004D8E00,,,decomp/leaf323d1aab/tests/properties.cpp,decomp/evidence/canonical_1000.md,Returns original constant 0x0165BA58; frozen-V6 member and locally byte-identical I386 body; CI pending
FUN_004D8E80,0x004D8E80,0x000D8E80,.text,6,FUN_004D8E80,,ACTIVE,HIGH,true,false,false,false,false,false,false,thiscall,uint32_t,,const void*; observed PE32 leaf contract,UNKNOWN,LeafRecovery,decomp/leaf323d1aab/generated/src/leaves_001.cpp,coordinator,CANONICAL-1000-004D8E80,,,decomp/leaf323d1aab/tests/properties.cpp,decomp/evidence/canonical_1000.md,Returns original constant 0x016E4C40; frozen-V6 member and locally byte-identical I386 body; CI pending
FUN_004D9750,0x004D9750,0x000D9750,.text,7,FUN_004D9750,,ACTIVE,HIGH,true,false,false,false,false,false,false,thiscall,uint32_t,,const void*; observed PE32 leaf contract,UNKNOWN,LeafRecovery,decomp/leaf323d1aab/generated/src/leaves_001.cpp,coordinator,CANONICAL-1000-004D9750,,,decomp/leaf323d1aab/tests/properties.cpp,decomp/evidence/canonical_1000.md,Unsigned 32-bit load at this+0x13C; frozen-V6 member and locally byte-identical I386 body; CI pending
FUN_004D9A20,0x004D9A20,0x000D9A20,.text,4,FUN_004D9A20,,ACTIVE,HIGH,true,false,false,false,false,false,false,thiscall,uint32_t,,const void*; observed PE32 leaf contract,UNKNOWN,LeafRecovery,decomp/leaf323d1aab/generated/src/leaves_001.cpp,coordinator,CANONICAL-1000-004D9A20,,,decomp/leaf323d1aab/tests/properties.cpp,decomp/evidence/canonical_1000.md,Unsigned 32-bit load at this+0x4; frozen-V6 member and locally byte-identical I386 body; CI pending
FUN_004E0230,0x004E0230,0x000E0230,.text,6,FUN_004E0230,,ACTIVE,HIGH,true,false,false,false,false,false,false,thiscall,uint32_t,,const void*; observed PE32 leaf contract,UNKNOWN,LeafRecovery,decomp/leaf323d1aab/generated/src/leaves_001.cpp,coordinator,CANONICAL-1000-004E0230,,,decomp/leaf323d1aab/tests/properties.cpp,decomp/evidence/canonical_1000.md,Returns original constant 0x0165BA7C; frozen-V6 member and locally byte-identical I386 body; CI pending
FUN_004E0240,0x004E0240,0x000E0240,.text,6,FUN_004E0240,,ACTIVE,HIGH,true,false,false,false,false,false,false,thiscall,uint32_t,,const void*; observed PE32 leaf contract,UNKNOWN,LeafRecovery,decomp/leaf323d1aab/generated/src/leaves_001.cpp,coordinator,CANONICAL-1000-004E0240,,,decomp/leaf323d1aab/tests/properties.cpp,decomp/evidence/canonical_1000.md,Returns original constant 0x0165BAA0; frozen-V6 member and locally byte-identical I386 body; CI pending
FUN_004E0310,0x004E0310,0x000E0310,.text,6,FUN_004E0310,,ACTIVE,HIGH,true,false,false,false,false,false,false,thiscall,uint32_t,,const void*; observed PE32 leaf contract,UNKNOWN,LeafRecovery,decomp/leaf323d1aab/generated/src/leaves_001.cpp,coordinator,CANONICAL-1000-004E0310,,,decomp/leaf323d1aab/tests/properties.cpp,decomp/evidence/canonical_1000.md,Returns original constant 0x016E265C; frozen-V6 member and locally byte-identical I386 body; CI pending
FUN_004E03A0,0x004E03A0,0x000E03A0,.text,6,FUN_004E03A0,,ACTIVE,HIGH,true,false,false,false,false,false,false,thiscall,uint32_t,,const void*; observed PE32 leaf contract,UNKNOWN,LeafRecovery,decomp/leaf323d1aab/generated/src/leaves_001.cpp,coordinator,CANONICAL-1000-004E03A0,,,decomp/leaf323d1aab/tests/properties.cpp,decomp/evidence/canonical_1000.md,Returns original constant 0x016E25F0; frozen-V6 member and locally byte-identical I386 body; CI pending
FUN_004E03B0,0x004E03B0,0x000E03B0,.text,6,FUN_004E03B0,,ACTIVE,HIGH,true,false,false,false,false,false,false,thiscall,uint32_t,,const void*; observed PE32 leaf contract,UNKNOWN,LeafRecovery,decomp/leaf323d1aab/generated/src/leaves_001.cpp,coordinator,CANONICAL-1000-004E03B0,,,decomp/leaf323d1aab/tests/properties.cpp,decomp/evidence/canonical_1000.md,Returns original constant 0x00000006; frozen-V6 member and locally byte-identical I386 body; CI pending
FUN_004E0430,0x004E0430,0x000E0430,.text,6,FUN_004E0430,,ACTIVE,HIGH,true,false,false,false,false,false,false,thiscall,uint32_t,,const void*; observed PE32 leaf contract,UNKNOWN,LeafRecovery,decomp/leaf323d1aab/generated/src/leaves_001.cpp,coordinator,CANONICAL-1000-004E0430,,,decomp/leaf323d1aab/tests/properties.cpp,decomp/evidence/canonical_1000.md,Returns original constant 0x016E2734; frozen-V6 member and locally byte-identical I386 body; CI pending
FUN_004E04D0,0x004E04D0,0x000E04D0,.text,6,FUN_004E04D0,,ACTIVE,HIGH,true,false,false,false,false,false,false,thiscall,uint32_t,,const void*; observed PE32 leaf contract,UNKNOWN,LeafRecovery,decomp/leaf323d1aab/generated/src/leaves_001.cpp,coordinator,CANONICAL-1000-004E04D0,,,decomp/leaf323d1aab/tests/properties.cpp,decomp/evidence/canonical_1000.md,Returns original constant 0x016E25A8; frozen-V6 member and locally byte-identical I386 body; CI pending
FUN_004E0560,0x004E0560,0x000E0560,.text,6,FUN_004E0560,,ACTIVE,HIGH,true,false,false,false,false,false,false,thiscall,uint32_t,,const void*; observed PE32 leaf contract,UNKNOWN,LeafRecovery,decomp/leaf323d1aab/generated/src/leaves_001.cpp,coordinator,CANONICAL-1000-004E0560,,,decomp/leaf323d1aab/tests/properties.cpp,decomp/evidence/canonical_1000.md,Returns original constant 0x016E2614; frozen-V6 member and locally byte-identical I386 body; CI pending
FUN_004E05F0,0x004E05F0,0x000E05F0,.text,6,FUN_004E05F0,,ACTIVE,HIGH,true,false,false,false,false,false,false,thiscall,uint32_t,,const void*; observed PE32 leaf contract,UNKNOWN,LeafRecovery,decomp/leaf323d1aab/generated/src/leaves_001.cpp,coordinator,CANONICAL-1000-004E05F0,,,decomp/leaf323d1aab/tests/properties.cpp,decomp/evidence/canonical_1000.md,Returns original constant 0x016E2584; frozen-V6 member and locally byte-identical I386 body; CI pending
FUN_004E06E0,0x004E06E0,0x000E06E0,.text,6,FUN_004E06E0,,ACTIVE,HIGH,true,false,false,false,false,false,false,thiscall,uint32_t,,const void*; observed PE32 leaf contract,UNKNOWN,LeafRecovery,decomp/leaf323d1aab/generated/src/leaves_001.cpp,coordinator,CANONICAL-1000-004E06E0,,,decomp/leaf323d1aab/tests/properties.cpp,decomp/evidence/canonical_1000.md,Returns original constant 0x016E26C8; frozen-V6 member and locally byte-identical I386 body; CI pending
FUN_004E0770,0x004E0770,0x000E0770,.text,6,FUN_004E0770,,ACTIVE,HIGH,true,false,false,false,false,false,false,thiscall,uint32_t,,const void*; observed PE32 leaf contract,UNKNOWN,LeafRecovery,decomp/leaf323d1aab/generated/src/leaves_001.cpp,coordinator,CANONICAL-1000-004E0770,,,decomp/leaf323d1aab/tests/properties.cpp,decomp/evidence/canonical_1000.md,Returns original constant 0x016E24D0; frozen-V6 member and locally byte-identical I386 body; CI pending
FUN_004E0780,0x004E0780,0x000E0780,.text,6,FUN_004E0780,,ACTIVE,HIGH,true,false,false,false,false,false,false,thiscall,uint32_t,,const void*; observed PE32 leaf contract,UNKNOWN,LeafRecovery,decomp/leaf323d1aab/generated/src/leaves_001.cpp,coordinator,CANONICAL-1000-004E0780,,,decomp/leaf323d1aab/tests/properties.cpp,decomp/evidence/canonical_1000.md,Returns original constant 0x0000000A; frozen-V6 member and locally byte-identical I386 body; CI pending
FUN_004E0800,0x004E0800,0x000E0800,.text,6,FUN_004E0800,,ACTIVE,HIGH,true,false,false,false,false,false,false,thiscall,uint32_t,,const void*; observed PE32 leaf contract,UNKNOWN,LeafRecovery,decomp/leaf323d1aab/generated/src/leaves_001.cpp,coordinator,CANONICAL-1000-004E0800,,,decomp/leaf323d1aab/tests/properties.cpp,decomp/evidence/canonical_1000.md,Returns original constant 0x016E241C; frozen-V6 member and locally byte-identical I386 body; CI pending
FUN_004E0890,0x004E0890,0x000E0890,.text,6,FUN_004E0890,,ACTIVE,HIGH,true,false,false,false,false,false,false,thiscall,uint32_t,,const void*; observed PE32 leaf contract,UNKNOWN,LeafRecovery,decomp/leaf323d1aab/generated/src/leaves_001.cpp,coordinator,CANONICAL-1000-004E0890,,,decomp/leaf323d1aab/tests/properties.cpp,decomp/evidence/canonical_1000.md,Returns original constant 0x016E2518; frozen-V6 member and locally byte-identical I386 body; CI pending
FUN_004E0910,0x004E0910,0x000E0910,.text,6,FUN_004E0910,,ACTIVE,HIGH,true,false,false,false,false,false,false,thiscall,uint32_t,,const void*; observed PE32 leaf contract,UNKNOWN,LeafRecovery,decomp/leaf323d1aab/generated/src/leaves_001.cpp,coordinator,CANONICAL-1000-004E0910,,,decomp/leaf323d1aab/tests/properties.cpp,decomp/evidence/canonical_1000.md,Returns original constant 0x016E2464; frozen-V6 member and locally byte-identical I386 body; CI pending
FUN_004E09D0,0x004E09D0,0x000E09D0,.text,6,FUN_004E09D0,,ACTIVE,HIGH,true,false,false,false,false,false,false,thiscall,uint32_t,,const void*; observed PE32 leaf contract,UNKNOWN,LeafRecovery,decomp/leaf323d1aab/generated/src/leaves_001.cpp,coordinator,CANONICAL-1000-004E09D0,,,decomp/leaf323d1aab/tests/properties.cpp,decomp/evidence/canonical_1000.md,Returns original constant 0x016E24F4; frozen-V6 member and locally byte-identical I386 body; CI pending
FUN_004E1140,0x004E1140,0x000E1140,.text,6,FUN_004E1140,,ACTIVE,HIGH,true,false,false,false,false,false,false,thiscall,uint32_t,,const void*; observed PE32 leaf contract,UNKNOWN,LeafRecovery,decomp/leaf323d1aab/generated/src/leaves_001.cpp,coordinator,CANONICAL-1000-004E1140,,,decomp/leaf323d1aab/tests/properties.cpp,decomp/evidence/canonical_1000.md,Returns original constant 0x0165BA34; frozen-V6 member and locally byte-identical I386 body; CI pending
FUN_004E1560,0x004E1560,0x000E1560,.text,6,FUN_004E1560,,ACTIVE,HIGH,true,false,false,false,false,false,false,thiscall,uint32_t,,const void*; observed PE32 leaf contract,UNKNOWN,LeafRecovery,decomp/leaf323d1aab/generated/src/leaves_001.cpp,coordinator,CANONICAL-1000-004E1560,,,decomp/leaf323d1aab/tests/properties.cpp,decomp/evidence/canonical_1000.md,Returns original constant 0x0165BAD4; frozen-V6 member and locally byte-identical I386 body; CI pending
FUN_004E15A0,0x004E15A0,0x000E15A0,.text,7,FUN_004E15A0,,ACTIVE,HIGH,true,false,false,false,false,false,false,thiscall,uint32_t,,const void*; observed PE32 leaf contract,UNKNOWN,LeafRecovery,decomp/leaf323d1aab/generated/src/leaves_001.cpp,coordinator,CANONICAL-1000-004E15A0,,,decomp/leaf323d1aab/tests/properties.cpp,decomp/evidence/canonical_1000.md,Unsigned 32-bit load at this+0x32C; frozen-V6 member and locally byte-identical I386 body; CI pending
FUN_004E1920,0x004E1920,0x000E1920,.text,4,FUN_004E1920,,ACTIVE,HIGH,true,false,false,false,false,false,false,thiscall,uint32_t,,const void*; observed PE32 leaf contract,UNKNOWN,LeafRecovery,decomp/leaf323d1aab/generated/src/leaves_001.cpp,coordinator,CANONICAL-1000-004E1920,,,decomp/leaf323d1aab/tests/properties.cpp,decomp/evidence/canonical_1000.md,Unsigned 32-bit load at this+0x64; frozen-V6 member and locally byte-identical I386 body; CI pending
FUN_004E4C80,0x004E4C80,0x000E4C80,.text,6,FUN_004E4C80,,ACTIVE,HIGH,true,false,false,false,false,false,false,thiscall,uint32_t,,const void*; observed PE32 leaf contract,UNKNOWN,LeafRecovery,decomp/leaf323d1aab/generated/src/leaves_001.cpp,coordinator,CANONICAL-1000-004E4C80,,,decomp/leaf323d1aab/tests/properties.cpp,decomp/evidence/canonical_1000.md,Returns original constant 0x0165BAFC; frozen-V6 member and locally byte-identical I386 body; CI pending
FUN_004E4C90,0x004E4C90,0x000E4C90,.text,6,FUN_004E4C90,,ACTIVE,HIGH,true,false,false,false,false,false,false,thiscall,uint32_t,,const void*; observed PE32 leaf contract,UNKNOWN,LeafRecovery,decomp/leaf323d1aab/generated/src/leaves_001.cpp,coordinator,CANONICAL-1000-004E4C90,,,decomp/leaf323d1aab/tests/properties.cpp,decomp/evidence/canonical_1000.md,Returns original constant 0x0165BB44; frozen-V6 member and locally byte-identical I386 body; CI pending
FUN_004E4CA0,0x004E4CA0,0x000E4CA0,.text,6,FUN_004E4CA0,,ACTIVE,HIGH,true,false,false,false,false,false,false,thiscall,uint32_t,,const void*; observed PE32 leaf contract,UNKNOWN,LeafRecovery,decomp/leaf323d1aab/generated/src/leaves_001.cpp,coordinator,CANONICAL-1000-004E4CA0,,,decomp/leaf323d1aab/tests/properties.cpp,decomp/evidence/canonical_1000.md,Returns original constant 0x0165BB68; frozen-V6 member and locally byte-identical I386 body; CI pending
FUN_004E4CB0,0x004E4CB0,0x000E4CB0,.text,6,FUN_004E4CB0,,ACTIVE,HIGH,true,false,false,false,false,false,false,thiscall,uint32_t,,const void*; observed PE32 leaf contract,UNKNOWN,LeafRecovery,decomp/leaf323d1aab/generated/src/leaves_001.cpp,coordinator,CANONICAL-1000-004E4CB0,,,decomp/leaf323d1aab/tests/properties.cpp,decomp/evidence/canonical_1000.md,Returns original constant 0x013981F8; frozen-V6 member and locally byte-identical I386 body; CI pending
FUN_004E4CC0,0x004E4CC0,0x000E4CC0,.text,6,FUN_004E4CC0,,ACTIVE,HIGH,true,false,false,false,false,false,false,thiscall,uint32_t,,const void*; observed PE32 leaf contract,UNKNOWN,LeafRecovery,decomp/leaf323d1aab/generated/src/leaves_001.cpp,coordinator,CANONICAL-1000-004E4CC0,,,decomp/leaf323d1aab/tests/properties.cpp,decomp/evidence/canonical_1000.md,Returns original constant 0x0165BB8C; frozen-V6 member and locally byte-identical I386 body; CI pending
FUN_004E4CD0,0x004E4CD0,0x000E4CD0,.text,6,FUN_004E4CD0,,ACTIVE,HIGH,true,false,false,false,false,false,false,thiscall,uint32_t,,const void*; observed PE32 leaf contract,UNKNOWN,LeafRecovery,decomp/leaf323d1aab/generated/src/leaves_001.cpp,coordinator,CANONICAL-1000-004E4CD0,,,decomp/leaf323d1aab/tests/properties.cpp,decomp/evidence/canonical_1000.md,Returns original constant 0x01398238; frozen-V6 member and locally byte-identical I386 body; CI pending
FUN_004E5D00,0x004E5D00,0x000E5D00,.text,6,FUN_004E5D00,,ACTIVE,HIGH,true,false,false,false,false,false,false,thiscall,uint32_t,,const void*; observed PE32 leaf contract,UNKNOWN,LeafRecovery,decomp/leaf323d1aab/generated/src/leaves_001.cpp,coordinator,CANONICAL-1000-004E5D00,,,decomp/leaf323d1aab/tests/properties.cpp,decomp/evidence/canonical_1000.md,Returns original constant 0x0000000A; frozen-V6 member and locally byte-identical I386 body; CI pending
FUN_004EA270,0x004EA270,0x000EA270,.text,6,FUN_004EA270,,ACTIVE,HIGH,true,false,false,false,false,false,false,thiscall,uint32_t,,const void*; observed PE32 leaf contract,UNKNOWN,LeafRecovery,decomp/leaf323d1aab/generated/src/leaves_001.cpp,coordinator,CANONICAL-1000-004EA270,,,decomp/leaf323d1aab/tests/properties.cpp,decomp/evidence/canonical_1000.md,Returns original constant 0x0165BBB4; frozen-V6 member and locally byte-identical I386 body; CI pending
FUN_004EB240,0x004EB240,0x000EB240,.text,6,FUN_004EB240,,ACTIVE,HIGH,true,false,false,false,false,false,false,thiscall,uint32_t,,const void*; observed PE32 leaf contract,UNKNOWN,LeafRecovery,decomp/leaf323d1aab/generated/src/leaves_001.cpp,coordinator,CANONICAL-1000-004EB240,,,decomp/leaf323d1aab/tests/properties.cpp,decomp/evidence/canonical_1000.md,Returns original constant 0x0165BC88; frozen-V6 member and locally byte-identical I386 body; CI pending
FUN_004EB400,0x004EB400,0x000EB400,.text,6,FUN_004EB400,,ACTIVE,HIGH,true,false,false,false,false,false,false,thiscall,uint32_t,,const void*; observed PE32 leaf contract,UNKNOWN,LeafRecovery,decomp/leaf323d1aab/generated/src/leaves_001.cpp,coordinator,CANONICAL-1000-004EB400,,,decomp/leaf323d1aab/tests/properties.cpp,decomp/evidence/canonical_1000.md,Returns original constant 0x00000006; frozen-V6 member and locally byte-identical I386 body; CI pending
FUN_004EB410,0x004EB410,0x000EB410,.text,6,FUN_004EB410,,ACTIVE,HIGH,true,false,false,false,false,false,false,thiscall,uint32_t,,const void*; observed PE32 leaf contract,UNKNOWN,LeafRecovery,decomp/leaf323d1aab/generated/src/leaves_001.cpp,coordinator,CANONICAL-1000-004EB410,,,decomp/leaf323d1aab/tests/properties.cpp,decomp/evidence/canonical_1000.md,Returns original constant 0x000000F2; frozen-V6 member and locally byte-identical I386 body; CI pending
FUN_004EC3D0,0x004EC3D0,0x000EC3D0,.text,6,FUN_004EC3D0,,ACTIVE,HIGH,true,false,false,false,false,false,false,thiscall,uint32_t,,const void*; observed PE32 leaf contract,UNKNOWN,LeafRecovery,decomp/leaf323d1aab/generated/src/leaves_001.cpp,coordinator,CANONICAL-1000-004EC3D0,,,decomp/leaf323d1aab/tests/properties.cpp,decomp/evidence/canonical_1000.md,Returns original constant 0x0157A9A0; frozen-V6 member and locally byte-identical I386 body; CI pending
FUN_004F0F10,0x004F0F10,0x000F0F10,.text,6,FUN_004F0F10,,ACTIVE,HIGH,true,false,false,false,false,false,false,thiscall,uint32_t,,const void*; observed PE32 leaf contract,UNKNOWN,LeafRecovery,decomp/leaf323d1aab/generated/src/leaves_001.cpp,coordinator,CANONICAL-1000-004F0F10,,,decomp/leaf323d1aab/tests/properties.cpp,decomp/evidence/canonical_1000.md,Returns original constant 0x0165BC64; frozen-V6 member and locally byte-identical I386 body; CI pending
FUN_004F0F20,0x004F0F20,0x000F0F20,.text,6,FUN_004F0F20,,ACTIVE,HIGH,true,false,false,false,false,false,false,thiscall,uint32_t,,const void*; observed PE32 leaf contract,UNKNOWN,LeafRecovery,decomp/leaf323d1aab/generated/src/leaves_001.cpp,coordinator,CANONICAL-1000-004F0F20,,,decomp/leaf323d1aab/tests/properties.cpp,decomp/evidence/canonical_1000.md,Returns original constant 0x0165BCAC; frozen-V6 member and locally byte-identical I386 body; CI pending
FUN_004F1360,0x004F1360,0x000F1360,.text,6,FUN_004F1360,,ACTIVE,HIGH,true,false,false,false,false,false,false,thiscall,uint32_t,,const void*; observed PE32 leaf contract,UNKNOWN,LeafRecovery,decomp/leaf323d1aab/generated/src/leaves_001.cpp,coordinator,CANONICAL-1000-004F1360,,,decomp/leaf323d1aab/tests/properties.cpp,decomp/evidence/canonical_1000.md,Returns original constant 0x0000005C; frozen-V6 member and locally byte-identical I386 body; CI pending
FUN_004F1F50,0x004F1F50,0x000F1F50,.text,6,FUN_004F1F50,,ACTIVE,HIGH,true,false,false,false,false,false,false,thiscall,uint32_t,,const void*; observed PE32 leaf contract,UNKNOWN,LeafRecovery,decomp/leaf323d1aab/generated/src/leaves_001.cpp,coordinator,CANONICAL-1000-004F1F50,,,decomp/leaf323d1aab/tests/properties.cpp,decomp/evidence/canonical_1000.md,Returns original constant 0x0165BD9C; frozen-V6 member and locally byte-identical I386 body; CI pending
FUN_004F2010,0x004F2010,0x000F2010,.text,7,FUN_004F2010,,ACTIVE,HIGH,true,false,false,false,false,false,false,thiscall,uint32_t,,const void*; observed PE32 leaf contract,UNKNOWN,LeafRecovery,decomp/leaf323d1aab/generated/src/leaves_001.cpp,coordinator,CANONICAL-1000-004F2010,,,decomp/leaf323d1aab/tests/properties.cpp,decomp/evidence/canonical_1000.md,Unsigned 32-bit load at this+0x2020; frozen-V6 member and locally byte-identical I386 body; CI pending
FUN_004F2030,0x004F2030,0x000F2030,.text,7,FUN_004F2030,,ACTIVE,HIGH,true,false,false,false,false,false,false,thiscall,uint32_t,,const void*; observed PE32 leaf contract,UNKNOWN,LeafRecovery,decomp/leaf323d1aab/generated/src/leaves_001.cpp,coordinator,CANONICAL-1000-004F2030,,,decomp/leaf323d1aab/tests/properties.cpp,decomp/evidence/canonical_1000.md,Unsigned 32-bit load at this+0x2024; frozen-V6 member and locally byte-identical I386 body; CI pending
FUN_004F2160,0x004F2160,0x000F2160,.text,7,FUN_004F2160,,ACTIVE,HIGH,true,false,false,false,false,false,false,thiscall,uint32_t,,const void*; observed PE32 leaf contract,UNKNOWN,LeafRecovery,decomp/leaf323d1aab/generated/src/leaves_001.cpp,coordinator,CANONICAL-1000-004F2160,,,decomp/leaf323d1aab/tests/properties.cpp,decomp/evidence/canonical_1000.md,Unsigned 32-bit load at this+0xF14; frozen-V6 member and locally byte-identical I386 body; CI pending
FUN_004F2170,0x004F2170,0x000F2170,.text,7,FUN_004F2170,,ACTIVE,HIGH,true,false,false,false,false,false,false,thiscall,uint32_t,,const void*; observed PE32 leaf contract,UNKNOWN,LeafRecovery,decomp/leaf323d1aab/generated/src/leaves_001.cpp,coordinator,CANONICAL-1000-004F2170,,,decomp/leaf323d1aab/tests/properties.cpp,decomp/evidence/canonical_1000.md,Unsigned 32-bit load at this+0xF18; frozen-V6 member and locally byte-identical I386 body; CI pending
FUN_004F2180,0x004F2180,0x000F2180,.text,7,FUN_004F2180,,ACTIVE,HIGH,true,false,false,false,false,false,false,thiscall,uint32_t,,const void*; observed PE32 leaf contract,UNKNOWN,LeafRecovery,decomp/leaf323d1aab/generated/src/leaves_001.cpp,coordinator,CANONICAL-1000-004F2180,,,decomp/leaf323d1aab/tests/properties.cpp,decomp/evidence/canonical_1000.md,Unsigned 32-bit load at this+0xF1C; frozen-V6 member and locally byte-identical I386 body; CI pending
FUN_004F6670,0x004F6670,0x000F6670,.text,4,FUN_004F6670,,ACTIVE,HIGH,true,false,false,false,false,false,false,thiscall,uint32_t,,const void*; observed PE32 leaf contract,UNKNOWN,LeafRecovery,decomp/leaf323d1aab/generated/src/leaves_001.cpp,coordinator,CANONICAL-1000-004F6670,,,decomp/leaf323d1aab/tests/properties.cpp,decomp/evidence/canonical_1000.md,Unsigned 32-bit load at this+0x3C; frozen-V6 member and locally byte-identical I386 body; CI pending
FUN_004F6A90,0x004F6A90,0x000F6A90,.text,7,FUN_004F6A90,,ACTIVE,HIGH,true,false,false,false,false,false,false,thiscall,uint32_t,,const void*; observed PE32 leaf contract,UNKNOWN,LeafRecovery,decomp/leaf323d1aab/generated/src/leaves_001.cpp,coordinator,CANONICAL-1000-004F6A90,,,decomp/leaf323d1aab/tests/properties.cpp,decomp/evidence/canonical_1000.md,Unsigned 32-bit load at this+0x150; frozen-V6 member and locally byte-identical I386 body; CI pending
FUN_004F6E70,0x004F6E70,0x000F6E70,.text,7,FUN_004F6E70,,ACTIVE,HIGH,true,false,false,false,false,false,false,thiscall,uint32_t,,const void*; observed PE32 leaf contract,UNKNOWN,LeafRecovery,decomp/leaf323d1aab/generated/src/leaves_001.cpp,coordinator,CANONICAL-1000-004F6E70,,,decomp/leaf323d1aab/tests/properties.cpp,decomp/evidence/canonical_1000.md,Unsigned 32-bit load at this+0x188; frozen-V6 member and locally byte-identical I386 body; CI pending
FUN_004F7CD0,0x004F7CD0,0x000F7CD0,.text,7,FUN_004F7CD0,,ACTIVE,HIGH,true,false,false,false,false,false,false,thiscall,uint32_t,,const void*; observed PE32 leaf contract,UNKNOWN,LeafRecovery,decomp/leaf323d1aab/generated/src/leaves_001.cpp,coordinator,CANONICAL-1000-004F7CD0,,,decomp/leaf323d1aab/tests/properties.cpp,decomp/evidence/canonical_1000.md,Unsigned 32-bit load at this+0xEF0; frozen-V6 member and locally byte-identical I386 body; CI pending
FUN_00508690,0x00508690,0x00108690,.text,6,FUN_00508690,,ACTIVE,HIGH,true,false,false,false,false,false,false,thiscall,uint32_t,,const void*; observed PE32 leaf contract,UNKNOWN,LeafRecovery,decomp/leaf323d1aab/generated/src/leaves_001.cpp,coordinator,CANONICAL-1000-00508690,,,decomp/leaf323d1aab/tests/properties.cpp,decomp/evidence/canonical_1000.md,Returns original constant 0x0165BE0C; frozen-V6 member and locally byte-identical I386 body; CI pending
FUN_005086A0,0x005086A0,0x001086A0,.text,6,FUN_005086A0,,ACTIVE,HIGH,true,false,false,false,false,false,false,thiscall,uint32_t,,const void*; observed PE32 leaf contract,UNKNOWN,LeafRecovery,decomp/leaf323d1aab/generated/src/leaves_001.cpp,coordinator,CANONICAL-1000-005086A0,,,decomp/leaf323d1aab/tests/properties.cpp,decomp/evidence/canonical_1000.md,Returns original constant 0x0165BE30; frozen-V6 member and locally byte-identical I386 body; CI pending
FUN_005086B0,0x005086B0,0x001086B0,.text,6,FUN_005086B0,,ACTIVE,HIGH,true,false,false,false,false,false,false,thiscall,uint32_t,,const void*; observed PE32 leaf contract,UNKNOWN,LeafRecovery,decomp/leaf323d1aab/generated/src/leaves_001.cpp,coordinator,CANONICAL-1000-005086B0,,,decomp/leaf323d1aab/tests/properties.cpp,decomp/evidence/canonical_1000.md,Returns original constant 0x0165BE54; frozen-V6 member and locally byte-identical I386 body; CI pending
FUN_005086C0,0x005086C0,0x001086C0,.text,6,FUN_005086C0,,ACTIVE,HIGH,true,false,false,false,false,false,false,thiscall,uint32_t,,const void*; observed PE32 leaf contract,UNKNOWN,LeafRecovery,decomp/leaf323d1aab/generated/src/leaves_001.cpp,coordinator,CANONICAL-1000-005086C0,,,decomp/leaf323d1aab/tests/properties.cpp,decomp/evidence/canonical_1000.md,Returns original constant 0x0165BE78; frozen-V6 member and locally byte-identical I386 body; CI pending
FUN_005086D0,0x005086D0,0x001086D0,.text,6,FUN_005086D0,,ACTIVE,HIGH,true,false,false,false,false,false,false,thiscall,uint32_t,,const void*; observed PE32 leaf contract,UNKNOWN,LeafRecovery,decomp/leaf323d1aab/generated/src/leaves_001.cpp,coordinator,CANONICAL-1000-005086D0,,,decomp/leaf323d1aab/tests/properties.cpp,decomp/evidence/canonical_1000.md,Returns original constant 0x0165BE9C; frozen-V6 member and locally byte-identical I386 body; CI pending
FUN_005086E0,0x005086E0,0x001086E0,.text,6,FUN_005086E0,,ACTIVE,HIGH,true,false,false,false,false,false,false,thiscall,uint32_t,,const void*; observed PE32 leaf contract,UNKNOWN,LeafRecovery,decomp/leaf323d1aab/generated/src/leaves_001.cpp,coordinator,CANONICAL-1000-005086E0,,,decomp/leaf323d1aab/tests/properties.cpp,decomp/evidence/canonical_1000.md,Returns original constant 0x0165BEC0; frozen-V6 member and locally byte-identical I386 body; CI pending
FUN_005086F0,0x005086F0,0x001086F0,.text,6,FUN_005086F0,,ACTIVE,HIGH,true,false,false,false,false,false,false,thiscall,uint32_t,,const void*; observed PE32 leaf contract,UNKNOWN,LeafRecovery,decomp/leaf323d1aab/generated/src/leaves_001.cpp,coordinator,CANONICAL-1000-005086F0,,,decomp/leaf323d1aab/tests/properties.cpp,decomp/evidence/canonical_1000.md,Returns original constant 0x0165BF98; frozen-V6 member and locally byte-identical I386 body; CI pending
FUN_00508700,0x00508700,0x00108700,.text,6,FUN_00508700,,ACTIVE,HIGH,true,false,false,false,false,false,false,thiscall,uint32_t,,const void*; observed PE32 leaf contract,UNKNOWN,LeafRecovery,decomp/leaf323d1aab/generated/src/leaves_001.cpp,coordinator,CANONICAL-1000-00508700,,,decomp/leaf323d1aab/tests/properties.cpp,decomp/evidence/canonical_1000.md,Returns original constant 0x0165BFBC; frozen-V6 member and locally byte-identical I386 body; CI pending
FUN_005087B0,0x005087B0,0x001087B0,.text,6,FUN_005087B0,,ACTIVE,HIGH,true,false,false,false,false,false,false,thiscall,uint32_t,,const void*; observed PE32 leaf contract,UNKNOWN,LeafRecovery,decomp/leaf323d1aab/generated/src/leaves_001.cpp,coordinator,CANONICAL-1000-005087B0,,,decomp/leaf323d1aab/tests/properties.cpp,decomp/evidence/canonical_1000.md,Returns original constant 0x0165C028; frozen-V6 member and locally byte-identical I386 body; CI pending
FUN_005087C0,0x005087C0,0x001087C0,.text,6,FUN_005087C0,,ACTIVE,HIGH,true,false,false,false,false,false,false,thiscall,uint32_t,,const void*; observed PE32 leaf contract,UNKNOWN,LeafRecovery,decomp/leaf323d1aab/generated/src/leaves_001.cpp,coordinator,CANONICAL-1000-005087C0,,,decomp/leaf323d1aab/tests/properties.cpp,decomp/evidence/canonical_1000.md,Returns original constant 0x0165C0B8; frozen-V6 member and locally byte-identical I386 body; CI pending
FUN_005087D0,0x005087D0,0x001087D0,.text,6,FUN_005087D0,,ACTIVE,HIGH,true,false,false,false,false,false,false,thiscall,uint32_t,,const void*; observed PE32 leaf contract,UNKNOWN,LeafRecovery,decomp/leaf323d1aab/generated/src/leaves_001.cpp,coordinator,CANONICAL-1000-005087D0,,,decomp/leaf323d1aab/tests/properties.cpp,decomp/evidence/canonical_1000.md,Returns original constant 0x0165C0DC; frozen-V6 member and locally byte-identical I386 body; CI pending
FUN_005087E0,0x005087E0,0x001087E0,.text,6,FUN_005087E0,,ACTIVE,HIGH,true,false,false,false,false,false,false,thiscall,uint32_t,,const void*; observed PE32 leaf contract,UNKNOWN,LeafRecovery,decomp/leaf323d1aab/generated/src/leaves_001.cpp,coordinator,CANONICAL-1000-005087E0,,,decomp/leaf323d1aab/tests/properties.cpp,decomp/evidence/canonical_1000.md,Returns original constant 0x0165C100; frozen-V6 member and locally byte-identical I386 body; CI pending
FUN_005087F0,0x005087F0,0x001087F0,.text,6,FUN_005087F0,,ACTIVE,HIGH,true,false,false,false,false,false,false,thiscall,uint32_t,,const void*; observed PE32 leaf contract,UNKNOWN,LeafRecovery,decomp/leaf323d1aab/generated/src/leaves_001.cpp,coordinator,CANONICAL-1000-005087F0,,,decomp/leaf323d1aab/tests/properties.cpp,decomp/evidence/canonical_1000.md,Returns original constant 0x0165C124; frozen-V6 member and locally byte-identical I386 body; CI pending
FUN_005089A0,0x005089A0,0x001089A0,.text,6,FUN_005089A0,,ACTIVE,HIGH,true,false,false,false,false,false,false,thiscall,uint32_t,,const void*; observed PE32 leaf contract,UNKNOWN,LeafRecovery,decomp/leaf323d1aab/generated/src/leaves_001.cpp,coordinator,CANONICAL-1000-005089A0,,,decomp/leaf323d1aab/tests/properties.cpp,decomp/evidence/canonical_1000.md,Returns original constant 0x0165BEE4; frozen-V6 member and locally byte-identical I386 body; CI pending
FUN_005089B0,0x005089B0,0x001089B0,.text,6,FUN_005089B0,,ACTIVE,HIGH,true,false,false,false,false,false,false,thiscall,uint32_t,,const void*; observed PE32 leaf contract,UNKNOWN,LeafRecovery,decomp/leaf323d1aab/generated/src/leaves_001.cpp,coordinator,CANONICAL-1000-005089B0,,,decomp/leaf323d1aab/tests/properties.cpp,decomp/evidence/canonical_1000.md,Returns original constant 0x0165BF08; frozen-V6 member and locally byte-identical I386 body; CI pending
FUN_005089C0,0x005089C0,0x001089C0,.text,6,FUN_005089C0,,ACTIVE,HIGH,true,false,false,false,false,false,false,thiscall,uint32_t,,const void*; observed PE32 leaf contract,UNKNOWN,LeafRecovery,decomp/leaf323d1aab/generated/src/leaves_001.cpp,coordinator,CANONICAL-1000-005089C0,,,decomp/leaf323d1aab/tests/properties.cpp,decomp/evidence/canonical_1000.md,Returns original constant 0x0165BF2C; frozen-V6 member and locally byte-identical I386 body; CI pending
FUN_005089D0,0x005089D0,0x001089D0,.text,6,FUN_005089D0,,ACTIVE,HIGH,true,false,false,false,false,false,false,thiscall,uint32_t,,const void*; observed PE32 leaf contract,UNKNOWN,LeafRecovery,decomp/leaf323d1aab/generated/src/leaves_001.cpp,coordinator,CANONICAL-1000-005089D0,,,decomp/leaf323d1aab/tests/properties.cpp,decomp/evidence/canonical_1000.md,Returns original constant 0x0137F564; frozen-V6 member and locally byte-identical I386 body; CI pending
FUN_005089E0,0x005089E0,0x001089E0,.text,6,FUN_005089E0,,ACTIVE,HIGH,true,false,false,false,false,false,false,thiscall,uint32_t,,const void*; observed PE32 leaf contract,UNKNOWN,LeafRecovery,decomp/leaf323d1aab/generated/src/leaves_001.cpp,coordinator,CANONICAL-1000-005089E0,,,decomp/leaf323d1aab/tests/properties.cpp,decomp/evidence/canonical_1000.md,Returns original constant 0x0165BF50; frozen-V6 member and locally byte-identical I386 body; CI pending
FUN_005089F0,0x005089F0,0x001089F0,.text,6,FUN_005089F0,,ACTIVE,HIGH,true,false,false,false,false,false,false,thiscall,uint32_t,,const void*; observed PE32 leaf contract,UNKNOWN,LeafRecovery,decomp/leaf323d1aab/generated/src/leaves_001.cpp,coordinator,CANONICAL-1000-005089F0,,,decomp/leaf323d1aab/tests/properties.cpp,decomp/evidence/canonical_1000.md,Returns original constant 0x0139C0D8; frozen-V6 member and locally byte-identical I386 body; CI pending
FUN_00508A00,0x00508A00,0x00108A00,.text,6,FUN_00508A00,,ACTIVE,HIGH,true,false,false,false,false,false,false,thiscall,uint32_t,,const void*; observed PE32 leaf contract,UNKNOWN,LeafRecovery,decomp/leaf323d1aab/generated/src/leaves_001.cpp,coordinator,CANONICAL-1000-00508A00,,,decomp/leaf323d1aab/tests/properties.cpp,decomp/evidence/canonical_1000.md,Returns original constant 0x0165BF74; frozen-V6 member and locally byte-identical I386 body; CI pending
FUN_00508A10,0x00508A10,0x00108A10,.text,6,FUN_00508A10,,ACTIVE,HIGH,true,false,false,false,false,false,false,thiscall,uint32_t,,const void*; observed PE32 leaf contract,UNKNOWN,LeafRecovery,decomp/leaf323d1aab/generated/src/leaves_001.cpp,coordinator,CANONICAL-1000-00508A10,,,decomp/leaf323d1aab/tests/properties.cpp,decomp/evidence/canonical_1000.md,Returns original constant 0x0165C04C; frozen-V6 member and locally byte-identical I386 body; CI pending
FUN_00508A50,0x00508A50,0x00108A50,.text,6,FUN_00508A50,,ACTIVE,HIGH,true,false,false,false,false,false,false,thiscall,uint32_t,,const void*; observed PE32 leaf contract,UNKNOWN,LeafRecovery,decomp/leaf323d1aab/generated/src/leaves_001.cpp,coordinator,CANONICAL-1000-00508A50,,,decomp/leaf323d1aab/tests/properties.cpp,decomp/evidence/canonical_1000.md,Returns original constant 0x0165C070; frozen-V6 member and locally byte-identical I386 body; CI pending
FUN_00508A60,0x00508A60,0x00108A60,.text,6,FUN_00508A60,,ACTIVE,HIGH,true,false,false,false,false,false,false,thiscall,uint32_t,,const void*; observed PE32 leaf contract,UNKNOWN,LeafRecovery,decomp/leaf323d1aab/generated/src/leaves_001.cpp,coordinator,CANONICAL-1000-00508A60,,,decomp/leaf323d1aab/tests/properties.cpp,decomp/evidence/canonical_1000.md,Returns original constant 0x0165C094; frozen-V6 member and locally byte-identical I386 body; CI pending
FUN_00508C60,0x00508C60,0x00108C60,.text,6,FUN_00508C60,,ACTIVE,HIGH,true,false,false,false,false,false,false,thiscall,uint32_t,,const void*; observed PE32 leaf contract,UNKNOWN,LeafRecovery,decomp/leaf323d1aab/generated/src/leaves_001.cpp,coordinator,CANONICAL-1000-00508C60,,,decomp/leaf323d1aab/tests/properties.cpp,decomp/evidence/canonical_1000.md,Returns original constant 0x0165BFE0; frozen-V6 member and locally byte-identical I386 body; CI pending
FUN_00508CC0,0x00508CC0,0x00108CC0,.text,6,FUN_00508CC0,,ACTIVE,HIGH,true,false,false,false,false,false,false,thiscall,uint32_t,,const void*; observed PE32 leaf contract,UNKNOWN,LeafRecovery,decomp/leaf323d1aab/generated/src/leaves_001.cpp,coordinator,CANONICAL-1000-00508CC0,,,decomp/leaf323d1aab/tests/properties.cpp,decomp/evidence/canonical_1000.md,Returns original constant 0x0165C004; frozen-V6 member and locally byte-identical I386 body; CI pending
FUN_005094B0,0x005094B0,0x001094B0,.text,6,FUN_005094B0,,ACTIVE,HIGH,true,false,false,false,false,false,false,thiscall,uint32_t,,const void*; observed PE32 leaf contract,UNKNOWN,LeafRecovery,decomp/leaf323d1aab/generated/src/leaves_001.cpp,coordinator,CANONICAL-1000-005094B0,,,decomp/leaf323d1aab/tests/properties.cpp,decomp/evidence/canonical_1000.md,Returns original constant 0x00000007; frozen-V6 member and locally byte-identical I386 body; CI pending
FUN_0050D6F0,0x0050D6F0,0x0010D6F0,.text,6,FUN_0050D6F0,,ACTIVE,HIGH,true,false,false,false,false,false,false,thiscall,uint32_t,,const void*; observed PE32 leaf contract,UNKNOWN,LeafRecovery,decomp/leaf323d1aab/generated/src/leaves_001.cpp,coordinator,CANONICAL-1000-0050D6F0,,,decomp/leaf323d1aab/tests/properties.cpp,decomp/evidence/canonical_1000.md,Returns original constant 0x0165C14C; frozen-V6 member and locally byte-identical I386 body; CI pending
FUN_00517580,0x00517580,0x00117580,.text,6,FUN_00517580,,ACTIVE,HIGH,true,false,false,false,false,false,false,thiscall,uint32_t,,const void*; observed PE32 leaf contract,UNKNOWN,LeafRecovery,decomp/leaf323d1aab/generated/src/leaves_001.cpp,coordinator,CANONICAL-1000-00517580,,,decomp/leaf323d1aab/tests/properties.cpp,decomp/evidence/canonical_1000.md,Returns original constant 0x0165C174; frozen-V6 member and locally byte-identical I386 body; CI pending
FUN_0051C690,0x0051C690,0x0011C690,.text,6,FUN_0051C690,,ACTIVE,HIGH,true,false,false,false,false,false,false,thiscall,uint32_t,,const void*; observed PE32 leaf contract,UNKNOWN,LeafRecovery,decomp/leaf323d1aab/generated/src/leaves_001.cpp,coordinator,CANONICAL-1000-0051C690,,,decomp/leaf323d1aab/tests/properties.cpp,decomp/evidence/canonical_1000.md,Returns original constant 0x0165C210; frozen-V6 member and locally byte-identical I386 body; CI pending
FUN_0051C6A0,0x0051C6A0,0x0011C6A0,.text,4,FUN_0051C6A0,,ACTIVE,HIGH,true,false,false,false,false,false,false,thiscall,uint32_t,,const void*; observed PE32 leaf contract,UNKNOWN,LeafRecovery,decomp/leaf323d1aab/generated/src/leaves_001.cpp,coordinator,CANONICAL-1000-0051C6A0,,,decomp/leaf323d1aab/tests/properties.cpp,decomp/evidence/canonical_1000.md,Unsigned 32-bit load at this+0x40; frozen-V6 member and locally byte-identical I386 body; CI pending
FUN_0051C6B0,0x0051C6B0,0x0011C6B0,.text,6,FUN_0051C6B0,,ACTIVE,HIGH,true,false,false,false,false,false,false,thiscall,uint32_t,,const void*; observed PE32 leaf contract,UNKNOWN,LeafRecovery,decomp/leaf323d1aab/generated/src/leaves_001.cpp,coordinator,CANONICAL-1000-0051C6B0,,,decomp/leaf323d1aab/tests/properties.cpp,decomp/evidence/canonical_1000.md,Returns original constant 0x0165C1C8; frozen-V6 member and locally byte-identical I386 body; CI pending
FUN_0051C710,0x0051C710,0x0011C710,.text,6,FUN_0051C710,,ACTIVE,HIGH,true,false,false,false,false,false,false,thiscall,uint32_t,,const void*; observed PE32 leaf contract,UNKNOWN,LeafRecovery,decomp/leaf323d1aab/generated/src/leaves_001.cpp,coordinator,CANONICAL-1000-0051C710,,,decomp/leaf323d1aab/tests/properties.cpp,decomp/evidence/canonical_1000.md,Returns original constant 0x0165C1A4; frozen-V6 member and locally byte-identical I386 body; CI pending
FUN_005230F0,0x005230F0,0x001230F0,.text,6,FUN_005230F0,,ACTIVE,HIGH,true,false,false,false,false,false,false,thiscall,uint32_t,,const void*; observed PE32 leaf contract,UNKNOWN,LeafRecovery,decomp/leaf323d1aab/generated/src/leaves_001.cpp,coordinator,CANONICAL-1000-005230F0,,,decomp/leaf323d1aab/tests/properties.cpp,decomp/evidence/canonical_1000.md,Returns original constant 0x0165C23C; frozen-V6 member and locally byte-identical I386 body; CI pending
FUN_00527D80,0x00527D80,0x00127D80,.text,6,FUN_00527D80,,ACTIVE,HIGH,true,false,false,false,false,false,false,thiscall,uint32_t,,const void*; observed PE32 leaf contract,UNKNOWN,LeafRecovery,decomp/leaf323d1aab/generated/src/leaves_001.cpp,coordinator,CANONICAL-1000-00527D80,,,decomp/leaf323d1aab/tests/properties.cpp,decomp/evidence/canonical_1000.md,Returns original constant 0x0165C264; frozen-V6 member and locally byte-identical I386 body; CI pending
FUN_00527DD0,0x00527DD0,0x00127DD0,.text,6,FUN_00527DD0,,ACTIVE,HIGH,true,false,false,false,false,false,false,thiscall,uint32_t,,const void*; observed PE32 leaf contract,UNKNOWN,LeafRecovery,decomp/leaf323d1aab/generated/src/leaves_001.cpp,coordinator,CANONICAL-1000-00527DD0,,,decomp/leaf323d1aab/tests/properties.cpp,decomp/evidence/canonical_1000.md,Returns original constant 0x0165C2B4; frozen-V6 member and locally byte-identical I386 body; CI pending
FUN_00528390,0x00528390,0x00128390,.text,6,FUN_00528390,,ACTIVE,HIGH,true,false,false,false,false,false,false,thiscall,uint32_t,,const void*; observed PE32 leaf contract,UNKNOWN,LeafRecovery,decomp/leaf323d1aab/generated/src/leaves_001.cpp,coordinator,CANONICAL-1000-00528390,,,decomp/leaf323d1aab/tests/properties.cpp,decomp/evidence/canonical_1000.md,Returns original constant 0x0165C2E0; frozen-V6 member and locally byte-identical I386 body; CI pending
FUN_00528E60,0x00528E60,0x00128E60,.text,6,FUN_00528E60,,ACTIVE,HIGH,true,false,false,false,false,false,false,thiscall,uint32_t,,const void*; observed PE32 leaf contract,UNKNOWN,LeafRecovery,decomp/leaf323d1aab/generated/src/leaves_001.cpp,coordinator,CANONICAL-1000-00528E60,,,decomp/leaf323d1aab/tests/properties.cpp,decomp/evidence/canonical_1000.md,Returns original constant 0x0165EA60; frozen-V6 member and locally byte-identical I386 body; CI pending
FUN_005291F0,0x005291F0,0x001291F0,.text,6,FUN_005291F0,,ACTIVE,HIGH,true,false,false,false,false,false,false,thiscall,uint32_t,,const void*; observed PE32 leaf contract,UNKNOWN,LeafRecovery,decomp/leaf323d1aab/generated/src/leaves_001.cpp,coordinator,CANONICAL-1000-005291F0,,,decomp/leaf323d1aab/tests/properties.cpp,decomp/evidence/canonical_1000.md,Returns original constant 0x0165EA84; frozen-V6 member and locally byte-identical I386 body; CI pending
FUN_005293A0,0x005293A0,0x001293A0,.text,6,FUN_005293A0,,ACTIVE,HIGH,true,false,false,false,false,false,false,thiscall,uint32_t,,const void*; observed PE32 leaf contract,UNKNOWN,LeafRecovery,decomp/leaf323d1aab/generated/src/leaves_001.cpp,coordinator,CANONICAL-1000-005293A0,,,decomp/leaf323d1aab/tests/properties.cpp,decomp/evidence/canonical_1000.md,Returns original constant 0x0165EAA8; frozen-V6 member and locally byte-identical I386 body; CI pending
FUN_005293B0,0x005293B0,0x001293B0,.text,6,FUN_005293B0,,ACTIVE,HIGH,true,false,false,false,false,false,false,thiscall,uint32_t,,const void*; observed PE32 leaf contract,UNKNOWN,LeafRecovery,decomp/leaf323d1aab/generated/src/leaves_001.cpp,coordinator,CANONICAL-1000-005293B0,,,decomp/leaf323d1aab/tests/properties.cpp,decomp/evidence/canonical_1000.md,Returns original constant 0x0165EACC; frozen-V6 member and locally byte-identical I386 body; CI pending
FUN_005293C0,0x005293C0,0x001293C0,.text,6,FUN_005293C0,,ACTIVE,HIGH,true,false,false,false,false,false,false,thiscall,uint32_t,,const void*; observed PE32 leaf contract,UNKNOWN,LeafRecovery,decomp/leaf323d1aab/generated/src/leaves_001.cpp,coordinator,CANONICAL-1000-005293C0,,,decomp/leaf323d1aab/tests/properties.cpp,decomp/evidence/canonical_1000.md,Returns original constant 0x0165EAF0; frozen-V6 member and locally byte-identical I386 body; CI pending
FUN_005293D0,0x005293D0,0x001293D0,.text,6,FUN_005293D0,,ACTIVE,HIGH,true,false,false,false,false,false,false,thiscall,uint32_t,,const void*; observed PE32 leaf contract,UNKNOWN,LeafRecovery,decomp/leaf323d1aab/generated/src/leaves_001.cpp,coordinator,CANONICAL-1000-005293D0,,,decomp/leaf323d1aab/tests/properties.cpp,decomp/evidence/canonical_1000.md,Returns original constant 0x0165EB14; frozen-V6 member and locally byte-identical I386 body; CI pending
FUN_0052A950,0x0052A950,0x0012A950,.text,6,FUN_0052A950,,ACTIVE,HIGH,true,false,false,false,false,false,false,thiscall,uint32_t,,const void*; observed PE32 leaf contract,UNKNOWN,LeafRecovery,decomp/leaf323d1aab/generated/src/leaves_001.cpp,coordinator,CANONICAL-1000-0052A950,,,decomp/leaf323d1aab/tests/properties.cpp,decomp/evidence/canonical_1000.md,Returns original constant 0x0165EB5C; frozen-V6 member and locally byte-identical I386 body; CI pending
FUN_0052AD80,0x0052AD80,0x0012AD80,.text,6,FUN_0052AD80,,ACTIVE,HIGH,true,false,false,false,false,false,false,thiscall,uint32_t,,const void*; observed PE32 leaf contract,UNKNOWN,LeafRecovery,decomp/leaf323d1aab/generated/src/leaves_001.cpp,coordinator,CANONICAL-1000-0052AD80,,,decomp/leaf323d1aab/tests/properties.cpp,decomp/evidence/canonical_1000.md,Returns original constant 0x0165EBC8; frozen-V6 member and locally byte-identical I386 body; CI pending
FUN_0052AD90,0x0052AD90,0x0012AD90,.text,6,FUN_0052AD90,,ACTIVE,HIGH,true,false,false,false,false,false,false,thiscall,uint32_t,,const void*; observed PE32 leaf contract,UNKNOWN,LeafRecovery,decomp/leaf323d1aab/generated/src/leaves_001.cpp,coordinator,CANONICAL-1000-0052AD90,,,decomp/leaf323d1aab/tests/properties.cpp,decomp/evidence/canonical_1000.md,Returns original constant 0x0165EBA4; frozen-V6 member and locally byte-identical I386 body; CI pending
FUN_0052AF20,0x0052AF20,0x0012AF20,.text,6,FUN_0052AF20,,ACTIVE,HIGH,true,false,false,false,false,false,false,thiscall,uint32_t,,const void*; observed PE32 leaf contract,UNKNOWN,LeafRecovery,decomp/leaf323d1aab/generated/src/leaves_001.cpp,coordinator,CANONICAL-1000-0052AF20,,,decomp/leaf323d1aab/tests/properties.cpp,decomp/evidence/canonical_1000.md,Returns original constant 0x0165EB80; frozen-V6 member and locally byte-identical I386 body; CI pending
FUN_0052C690,0x0052C690,0x0012C690,.text,6,FUN_0052C690,,ACTIVE,HIGH,true,false,false,false,false,false,false,thiscall,uint32_t,,const void*; observed PE32 leaf contract,UNKNOWN,LeafRecovery,decomp/leaf323d1aab/generated/src/leaves_001.cpp,coordinator,CANONICAL-1000-0052C690,,,decomp/leaf323d1aab/tests/properties.cpp,decomp/evidence/canonical_1000.md,Returns original constant 0x0166A014; frozen-V6 member and locally byte-identical I386 body; CI pending
FUN_0052C6A0,0x0052C6A0,0x0012C6A0,.text,6,FUN_0052C6A0,,ACTIVE,HIGH,true,false,false,false,false,false,false,thiscall,uint32_t,,const void*; observed PE32 leaf contract,UNKNOWN,LeafRecovery,decomp/leaf323d1aab/generated/src/leaves_001.cpp,coordinator,CANONICAL-1000-0052C6A0,,,decomp/leaf323d1aab/tests/properties.cpp,decomp/evidence/canonical_1000.md,Returns original constant 0x0166A038; frozen-V6 member and locally byte-identical I386 body; CI pending
FUN_0052C9E0,0x0052C9E0,0x0012C9E0,.text,6,FUN_0052C9E0,,ACTIVE,HIGH,true,false,false,false,false,false,false,thiscall,uint32_t,,const void*; observed PE32 leaf contract,UNKNOWN,LeafRecovery,decomp/leaf323d1aab/generated/src/leaves_001.cpp,coordinator,CANONICAL-1000-0052C9E0,,,decomp/leaf323d1aab/tests/properties.cpp,decomp/evidence/canonical_1000.md,Returns original constant 0x01669FF0; frozen-V6 member and locally byte-identical I386 body; CI pending
FUN_0052F120,0x0052F120,0x0012F120,.text,6,FUN_0052F120,,ACTIVE,HIGH,true,false,false,false,false,false,false,thiscall,uint32_t,,const void*; observed PE32 leaf contract,UNKNOWN,LeafRecovery,decomp/leaf323d1aab/generated/src/leaves_001.cpp,coordinator,CANONICAL-1000-0052F120,,,decomp/leaf323d1aab/tests/properties.cpp,decomp/evidence/canonical_1000.md,Returns original constant 0x016920E4; frozen-V6 member and locally byte-identical I386 body; CI pending
FUN_0052F130,0x0052F130,0x0012F130,.text,6,FUN_0052F130,,ACTIVE,HIGH,true,false,false,false,false,false,false,thiscall,uint32_t,,const void*; observed PE32 leaf contract,UNKNOWN,LeafRecovery,decomp/leaf323d1aab/generated/src/leaves_001.cpp,coordinator,CANONICAL-1000-0052F130,,,decomp/leaf323d1aab/tests/properties.cpp,decomp/evidence/canonical_1000.md,Returns original constant 0x01692108; frozen-V6 member and locally byte-identical I386 body; CI pending
FUN_0052F730,0x0052F730,0x0012F730,.text,6,FUN_0052F730,,ACTIVE,HIGH,true,false,false,false,false,false,false,thiscall,uint32_t,,const void*; observed PE32 leaf contract,UNKNOWN,LeafRecovery,decomp/leaf323d1aab/generated/src/leaves_001.cpp,coordinator,CANONICAL-1000-0052F730,,,decomp/leaf323d1aab/tests/properties.cpp,decomp/evidence/canonical_1000.md,Returns original constant 0x00000001; frozen-V6 member and locally byte-identical I386 body; CI pending
FUN_0052F9C0,0x0052F9C0,0x0012F9C0,.text,6,FUN_0052F9C0,,ACTIVE,HIGH,true,false,false,false,false,false,false,thiscall,uint32_t,,const void*; observed PE32 leaf contract,UNKNOWN,LeafRecovery,decomp/leaf323d1aab/generated/src/leaves_001.cpp,coordinator,CANONICAL-1000-0052F9C0,,,decomp/leaf323d1aab/tests/properties.cpp,decomp/evidence/canonical_1000.md,Returns original constant 0x00000001; frozen-V6 member and locally byte-identical I386 body; CI pending
FUN_0052FEB0,0x0052FEB0,0x0012FEB0,.text,6,FUN_0052FEB0,,ACTIVE,HIGH,true,false,false,false,false,false,false,thiscall,uint32_t,,const void*; observed PE32 leaf contract,UNKNOWN,LeafRecovery,decomp/leaf323d1aab/generated/src/leaves_001.cpp,coordinator,CANONICAL-1000-0052FEB0,,,decomp/leaf323d1aab/tests/properties.cpp,decomp/evidence/canonical_1000.md,Returns original constant 0x000000FF; frozen-V6 member and locally byte-identical I386 body; CI pending
FUN_00530B00,0x00530B00,0x00130B00,.text,6,FUN_00530B00,,ACTIVE,HIGH,true,false,false,false,false,false,false,thiscall,uint32_t,,const void*; observed PE32 leaf contract,UNKNOWN,LeafRecovery,decomp/leaf323d1aab/generated/src/leaves_001.cpp,coordinator,CANONICAL-1000-00530B00,,,decomp/leaf323d1aab/tests/properties.cpp,decomp/evidence/canonical_1000.md,Returns original constant 0x01692184; frozen-V6 member and locally byte-identical I386 body; CI pending
FUN_005315E0,0x005315E0,0x001315E0,.text,6,FUN_005315E0,,ACTIVE,HIGH,true,false,false,false,false,false,false,thiscall,uint32_t,,const void*; observed PE32 leaf contract,UNKNOWN,LeafRecovery,decomp/leaf323d1aab/generated/src/leaves_001.cpp,coordinator,CANONICAL-1000-005315E0,,,decomp/leaf323d1aab/tests/properties.cpp,decomp/evidence/canonical_1000.md,Returns original constant 0x016922B0; frozen-V6 member and locally byte-identical I386 body; CI pending
FUN_00533F80,0x00533F80,0x00133F80,.text,6,FUN_00533F80,,ACTIVE,HIGH,true,false,false,false,false,false,false,thiscall,uint32_t,,const void*; observed PE32 leaf contract,UNKNOWN,LeafRecovery,decomp/leaf323d1aab/generated/src/leaves_001.cpp,coordinator,CANONICAL-1000-00533F80,,,decomp/leaf323d1aab/tests/properties.cpp,decomp/evidence/canonical_1000.md,Returns original constant 0x016922D4; frozen-V6 member and locally byte-identical I386 body; CI pending
FUN_00534070,0x00534070,0x00134070,.text,7,FUN_00534070,,ACTIVE,HIGH,true,false,false,false,false,false,false,thiscall,uint32_t,,const void*; observed PE32 leaf contract,UNKNOWN,LeafRecovery,decomp/leaf323d1aab/generated/src/leaves_001.cpp,coordinator,CANONICAL-1000-00534070,,,decomp/leaf323d1aab/tests/properties.cpp,decomp/evidence/canonical_1000.md,Unsigned 32-bit load at this+0xE78; frozen-V6 member and locally byte-identical I386 body; CI pending
FUN_00536120,0x00536120,0x00136120,.text,6,FUN_00536120,,ACTIVE,HIGH,true,false,false,false,false,false,false,thiscall,uint32_t,,const void*; observed PE32 leaf contract,UNKNOWN,LeafRecovery,decomp/leaf323d1aab/generated/src/leaves_001.cpp,coordinator,CANONICAL-1000-00536120,,,decomp/leaf323d1aab/tests/properties.cpp,decomp/evidence/canonical_1000.md,Returns original constant 0x016922F8; frozen-V6 member and locally byte-identical I386 body; CI pending
FUN_00536130,0x00536130,0x00136130,.text,6,FUN_00536130,,ACTIVE,HIGH,true,false,false,false,false,false,false,thiscall,uint32_t,,const void*; observed PE32 leaf contract,UNKNOWN,LeafRecovery,decomp/leaf323d1aab/generated/src/leaves_001.cpp,coordinator,CANONICAL-1000-00536130,,,decomp/leaf323d1aab/tests/properties.cpp,decomp/evidence/canonical_1000.md,Returns original constant 0x0169231C; frozen-V6 member and locally byte-identical I386 body; CI pending
FUN_00536140,0x00536140,0x00136140,.text,6,FUN_00536140,,ACTIVE,HIGH,true,false,false,false,false,false,false,thiscall,uint32_t,,const void*; observed PE32 leaf contract,UNKNOWN,LeafRecovery,decomp/leaf323d1aab/generated/src/leaves_001.cpp,coordinator,CANONICAL-1000-00536140,,,decomp/leaf323d1aab/tests/properties.cpp,decomp/evidence/canonical_1000.md,Returns original constant 0x01692340; frozen-V6 member and locally byte-identical I386 body; CI pending
FUN_00536150,0x00536150,0x00136150,.text,6,FUN_00536150,,ACTIVE,HIGH,true,false,false,false,false,false,false,thiscall,uint32_t,,const void*; observed PE32 leaf contract,UNKNOWN,LeafRecovery,decomp/leaf323d1aab/generated/src/leaves_001.cpp,coordinator,CANONICAL-1000-00536150,,,decomp/leaf323d1aab/tests/properties.cpp,decomp/evidence/canonical_1000.md,Returns original constant 0x013943F4; frozen-V6 member and locally byte-identical I386 body; CI pending
FUN_00536160,0x00536160,0x00136160,.text,6,FUN_00536160,,ACTIVE,HIGH,true,false,false,false,false,false,false,thiscall,uint32_t,,const void*; observed PE32 leaf contract,UNKNOWN,LeafRecovery,decomp/leaf323d1aab/generated/src/leaves_001.cpp,coordinator,CANONICAL-1000-00536160,,,decomp/leaf323d1aab/tests/properties.cpp,decomp/evidence/canonical_1000.md,Returns original constant 0x0137AF2C; frozen-V6 member and locally byte-identical I386 body; CI pending
FUN_00536170,0x00536170,0x00136170,.text,6,FUN_00536170,,ACTIVE,HIGH,true,false,false,false,false,false,false,thiscall,uint32_t,,const void*; observed PE32 leaf contract,UNKNOWN,LeafRecovery,decomp/leaf323d1aab/generated/src/leaves_001.cpp,coordinator,CANONICAL-1000-00536170,,,decomp/leaf323d1aab/tests/properties.cpp,decomp/evidence/canonical_1000.md,Returns original constant 0x01692364; frozen-V6 member and locally byte-identical I386 body; CI pending
FUN_00536180,0x00536180,0x00136180,.text,6,FUN_00536180,,ACTIVE,HIGH,true,false,false,false,false,false,false,thiscall,uint32_t,,const void*; observed PE32 leaf contract,UNKNOWN,LeafRecovery,decomp/leaf323d1aab/generated/src/leaves_001.cpp,coordinator,CANONICAL-1000-00536180,,,decomp/leaf323d1aab/tests/properties.cpp,decomp/evidence/canonical_1000.md,Returns original constant 0x013A3FA4; frozen-V6 member and locally byte-identical I386 body; CI pending
FUN_00536EC0,0x00536EC0,0x00136EC0,.text,6,FUN_00536EC0,,ACTIVE,HIGH,true,false,false,false,false,false,false,thiscall,uint32_t,,const void*; observed PE32 leaf contract,UNKNOWN,LeafRecovery,decomp/leaf323d1aab/generated/src/leaves_001.cpp,coordinator,CANONICAL-1000-00536EC0,,,decomp/leaf323d1aab/tests/properties.cpp,decomp/evidence/canonical_1000.md,Returns original constant 0x01692418; frozen-V6 member and locally byte-identical I386 body; CI pending
FUN_00536ED0,0x00536ED0,0x00136ED0,.text,6,FUN_00536ED0,,ACTIVE,HIGH,true,false,false,false,false,false,false,thiscall,uint32_t,,const void*; observed PE32 leaf contract,UNKNOWN,LeafRecovery,decomp/leaf323d1aab/generated/src/leaves_001.cpp,coordinator,CANONICAL-1000-00536ED0,,,decomp/leaf323d1aab/tests/properties.cpp,decomp/evidence/canonical_1000.md,Returns original constant 0x0137F5BC; frozen-V6 member and locally byte-identical I386 body; CI pending
FUN_00536EE0,0x00536EE0,0x00136EE0,.text,6,FUN_00536EE0,,ACTIVE,HIGH,true,false,false,false,false,false,false,thiscall,uint32_t,,const void*; observed PE32 leaf contract,UNKNOWN,LeafRecovery,decomp/leaf323d1aab/generated/src/leaves_001.cpp,coordinator,CANONICAL-1000-00536EE0,,,decomp/leaf323d1aab/tests/properties.cpp,decomp/evidence/canonical_1000.md,Returns original constant 0x013A4470; frozen-V6 member and locally byte-identical I386 body; CI pending
FUN_00536FB0,0x00536FB0,0x00136FB0,.text,6,FUN_00536FB0,,ACTIVE,HIGH,true,false,false,false,false,false,false,thiscall,uint32_t,,const void*; observed PE32 leaf contract,UNKNOWN,LeafRecovery,decomp/leaf323d1aab/generated/src/leaves_001.cpp,coordinator,CANONICAL-1000-00536FB0,,,decomp/leaf323d1aab/tests/properties.cpp,decomp/evidence/canonical_1000.md,Returns original constant 0x0169243C; frozen-V6 member and locally byte-identical I386 body; CI pending
FUN_00536FC0,0x00536FC0,0x00136FC0,.text,6,FUN_00536FC0,,ACTIVE,HIGH,true,false,false,false,false,false,false,thiscall,uint32_t,,const void*; observed PE32 leaf contract,UNKNOWN,LeafRecovery,decomp/leaf323d1aab/generated/src/leaves_001.cpp,coordinator,CANONICAL-1000-00536FC0,,,decomp/leaf323d1aab/tests/properties.cpp,decomp/evidence/canonical_1000.md,Returns original constant 0x013A44B8; frozen-V6 member and locally byte-identical I386 body; CI pending
FUN_00536FD0,0x00536FD0,0x00136FD0,.text,6,FUN_00536FD0,,ACTIVE,HIGH,true,false,false,false,false,false,false,thiscall,uint32_t,,const void*; observed PE32 leaf contract,UNKNOWN,LeafRecovery,decomp/leaf323d1aab/generated/src/leaves_001.cpp,coordinator,CANONICAL-1000-00536FD0,,,decomp/leaf323d1aab/tests/properties.cpp,decomp/evidence/canonical_1000.md,Returns original constant 0x016923AC; frozen-V6 member and locally byte-identical I386 body; CI pending
FUN_00537070,0x00537070,0x00137070,.text,6,FUN_00537070,,ACTIVE,HIGH,true,false,false,false,false,false,false,thiscall,uint32_t,,const void*; observed PE32 leaf contract,UNKNOWN,LeafRecovery,decomp/leaf323d1aab/generated/src/leaves_001.cpp,coordinator,CANONICAL-1000-00537070,,,decomp/leaf323d1aab/tests/properties.cpp,decomp/evidence/canonical_1000.md,Returns original constant 0x016923D0; frozen-V6 member and locally byte-identical I386 body; CI pending
FUN_00537110,0x00537110,0x00137110,.text,6,FUN_00537110,,ACTIVE,HIGH,true,false,false,false,false,false,false,thiscall,uint32_t,,const void*; observed PE32 leaf contract,UNKNOWN,LeafRecovery,decomp/leaf323d1aab/generated/src/leaves_001.cpp,coordinator,CANONICAL-1000-00537110,,,decomp/leaf323d1aab/tests/properties.cpp,decomp/evidence/canonical_1000.md,Returns original constant 0x01692388; frozen-V6 member and locally byte-identical I386 body; CI pending
FUN_00537530,0x00537530,0x00137530,.text,6,FUN_00537530,,ACTIVE,HIGH,true,false,false,false,false,false,false,thiscall,uint32_t,,const void*; observed PE32 leaf contract,UNKNOWN,LeafRecovery,decomp/leaf323d1aab/generated/src/leaves_001.cpp,coordinator,CANONICAL-1000-00537530,,,decomp/leaf323d1aab/tests/properties.cpp,decomp/evidence/canonical_1000.md,Returns original constant 0x00000004; frozen-V6 member and locally byte-identical I386 body; CI pending
FUN_00538210,0x00538210,0x00138210,.text,6,FUN_00538210,,ACTIVE,HIGH,true,false,false,false,false,false,false,thiscall,uint32_t,,const void*; observed PE32 leaf contract,UNKNOWN,LeafRecovery,decomp/leaf323d1aab/generated/src/leaves_001.cpp,coordinator,CANONICAL-1000-00538210,,,decomp/leaf323d1aab/tests/properties.cpp,decomp/evidence/canonical_1000.md,Returns original constant 0x016924CC; frozen-V6 member and locally byte-identical I386 body; CI pending
FUN_00538250,0x00538250,0x00138250,.text,6,FUN_00538250,,ACTIVE,HIGH,true,false,false,false,false,false,false,thiscall,uint32_t,,const void*; observed PE32 leaf contract,UNKNOWN,LeafRecovery,decomp/leaf323d1aab/generated/src/leaves_001.cpp,coordinator,CANONICAL-1000-00538250,,,decomp/leaf323d1aab/tests/properties.cpp,decomp/evidence/canonical_1000.md,Returns original constant 0x016924A8; frozen-V6 member and locally byte-identical I386 body; CI pending
FUN_00538260,0x00538260,0x00138260,.text,6,FUN_00538260,,ACTIVE,HIGH,true,false,false,false,false,false,false,thiscall,uint32_t,,const void*; observed PE32 leaf contract,UNKNOWN,LeafRecovery,decomp/leaf323d1aab/generated/src/leaves_001.cpp,coordinator,CANONICAL-1000-00538260,,,decomp/leaf323d1aab/tests/properties.cpp,decomp/evidence/canonical_1000.md,Returns original constant 0x016924F0; frozen-V6 member and locally byte-identical I386 body; CI pending
FUN_00538270,0x00538270,0x00138270,.text,6,FUN_00538270,,ACTIVE,HIGH,true,false,false,false,false,false,false,thiscall,uint32_t,,const void*; observed PE32 leaf contract,UNKNOWN,LeafRecovery,decomp/leaf323d1aab/generated/src/leaves_001.cpp,coordinator,CANONICAL-1000-00538270,,,decomp/leaf323d1aab/tests/properties.cpp,decomp/evidence/canonical_1000.md,Returns original constant 0x01692484; frozen-V6 member and locally byte-identical I386 body; CI pending
FUN_00538280,0x00538280,0x00138280,.text,6,FUN_00538280,,ACTIVE,HIGH,true,false,false,false,false,false,false,thiscall,uint32_t,,const void*; observed PE32 leaf contract,UNKNOWN,LeafRecovery,decomp/leaf323d1aab/generated/src/leaves_001.cpp,coordinator,CANONICAL-1000-00538280,,,decomp/leaf323d1aab/tests/properties.cpp,decomp/evidence/canonical_1000.md,Returns original constant 0x01692514; frozen-V6 member and locally byte-identical I386 body; CI pending
FUN_00538340,0x00538340,0x00138340,.text,6,FUN_00538340,,ACTIVE,HIGH,true,false,false,false,false,false,false,thiscall,uint32_t,,const void*; observed PE32 leaf contract,UNKNOWN,LeafRecovery,decomp/leaf323d1aab/generated/src/leaves_001.cpp,coordinator,CANONICAL-1000-00538340,,,decomp/leaf323d1aab/tests/properties.cpp,decomp/evidence/canonical_1000.md,Returns original constant 0x01692538; frozen-V6 member and locally byte-identical I386 body; CI pending
FUN_00538350,0x00538350,0x00138350,.text,6,FUN_00538350,,ACTIVE,HIGH,true,false,false,false,false,false,false,thiscall,uint32_t,,const void*; observed PE32 leaf contract,UNKNOWN,LeafRecovery,decomp/leaf323d1aab/generated/src/leaves_001.cpp,coordinator,CANONICAL-1000-00538350,,,decomp/leaf323d1aab/tests/properties.cpp,decomp/evidence/canonical_1000.md,Returns original constant 0x0137F5B4; frozen-V6 member and locally byte-identical I386 body; CI pending
FUN_00538360,0x00538360,0x00138360,.text,6,FUN_00538360,,ACTIVE,HIGH,true,false,false,false,false,false,false,thiscall,uint32_t,,const void*; observed PE32 leaf contract,UNKNOWN,LeafRecovery,decomp/leaf323d1aab/generated/src/leaves_001.cpp,coordinator,CANONICAL-1000-00538360,,,decomp/leaf323d1aab/tests/properties.cpp,decomp/evidence/canonical_1000.md,Returns original constant 0x0137AF14; frozen-V6 member and locally byte-identical I386 body; CI pending
FUN_00538450,0x00538450,0x00138450,.text,6,FUN_00538450,,ACTIVE,HIGH,true,false,false,false,false,false,false,thiscall,uint32_t,,const void*; observed PE32 leaf contract,UNKNOWN,LeafRecovery,decomp/leaf323d1aab/generated/src/leaves_001.cpp,coordinator,CANONICAL-1000-00538450,,,decomp/leaf323d1aab/tests/properties.cpp,decomp/evidence/canonical_1000.md,Returns original constant 0x0169255C; frozen-V6 member and locally byte-identical I386 body; CI pending
FUN_00538460,0x00538460,0x00138460,.text,6,FUN_00538460,,ACTIVE,HIGH,true,false,false,false,false,false,false,thiscall,uint32_t,,const void*; observed PE32 leaf contract,UNKNOWN,LeafRecovery,decomp/leaf323d1aab/generated/src/leaves_001.cpp,coordinator,CANONICAL-1000-00538460,,,decomp/leaf323d1aab/tests/properties.cpp,decomp/evidence/canonical_1000.md,Returns original constant 0x013A4754; frozen-V6 member and locally byte-identical I386 body; CI pending
FUN_00538D80,0x00538D80,0x00138D80,.text,6,FUN_00538D80,,ACTIVE,HIGH,true,false,false,false,false,false,false,thiscall,uint32_t,,const void*; observed PE32 leaf contract,UNKNOWN,LeafRecovery,decomp/leaf323d1aab/generated/src/leaves_001.cpp,coordinator,CANONICAL-1000-00538D80,,,decomp/leaf323d1aab/tests/properties.cpp,decomp/evidence/canonical_1000.md,Returns original constant 0x016925A4; frozen-V6 member and locally byte-identical I386 body; CI pending
FUN_00538D90,0x00538D90,0x00138D90,.text,6,FUN_00538D90,,ACTIVE,HIGH,true,false,false,false,false,false,false,thiscall,uint32_t,,const void*; observed PE32 leaf contract,UNKNOWN,LeafRecovery,decomp/leaf323d1aab/generated/src/leaves_001.cpp,coordinator,CANONICAL-1000-00538D90,,,decomp/leaf323d1aab/tests/properties.cpp,decomp/evidence/canonical_1000.md,Returns original constant 0x013A4818; frozen-V6 member and locally byte-identical I386 body; CI pending
FUN_00538E20,0x00538E20,0x00138E20,.text,6,FUN_00538E20,,ACTIVE,HIGH,true,false,false,false,false,false,false,thiscall,uint32_t,,const void*; observed PE32 leaf contract,UNKNOWN,LeafRecovery,decomp/leaf323d1aab/generated/src/leaves_001.cpp,coordinator,CANONICAL-1000-00538E20,,,decomp/leaf323d1aab/tests/properties.cpp,decomp/evidence/canonical_1000.md,Returns original constant 0x01692580; frozen-V6 member and locally byte-identical I386 body; CI pending
FUN_00538E30,0x00538E30,0x00138E30,.text,6,FUN_00538E30,,ACTIVE,HIGH,true,false,false,false,false,false,false,thiscall,uint32_t,,const void*; observed PE32 leaf contract,UNKNOWN,LeafRecovery,decomp/leaf323d1aab/generated/src/leaves_001.cpp,coordinator,CANONICAL-1000-00538E30,,,decomp/leaf323d1aab/tests/properties.cpp,decomp/evidence/canonical_1000.md,Returns original constant 0x016925C8; frozen-V6 member and locally byte-identical I386 body; CI pending
FUN_00538E40,0x00538E40,0x00138E40,.text,6,FUN_00538E40,,ACTIVE,HIGH,true,false,false,false,false,false,false,thiscall,uint32_t,,const void*; observed PE32 leaf contract,UNKNOWN,LeafRecovery,decomp/leaf323d1aab/generated/src/leaves_001.cpp,coordinator,CANONICAL-1000-00538E40,,,decomp/leaf323d1aab/tests/properties.cpp,decomp/evidence/canonical_1000.md,Returns original constant 0x013A4868; frozen-V6 member and locally byte-identical I386 body; CI pending
FUN_0053B770,0x0053B770,0x0013B770,.text,6,FUN_0053B770,,ACTIVE,HIGH,true,false,false,false,false,false,false,thiscall,uint32_t,,const void*; observed PE32 leaf contract,UNKNOWN,LeafRecovery,decomp/leaf323d1aab/generated/src/leaves_001.cpp,coordinator,CANONICAL-1000-0053B770,,,decomp/leaf323d1aab/tests/properties.cpp,decomp/evidence/canonical_1000.md,Returns original constant 0x01692754; frozen-V6 member and locally byte-identical I386 body; CI pending
FUN_0053B7E0,0x0053B7E0,0x0013B7E0,.text,6,FUN_0053B7E0,,ACTIVE,HIGH,true,false,false,false,false,false,false,thiscall,uint32_t,,const void*; observed PE32 leaf contract,UNKNOWN,LeafRecovery,decomp/leaf323d1aab/generated/src/leaves_001.cpp,coordinator,CANONICAL-1000-0053B7E0,,,decomp/leaf323d1aab/tests/properties.cpp,decomp/evidence/canonical_1000.md,Returns original constant 0x013A4994; frozen-V6 member and locally byte-identical I386 body; CI pending
FUN_0053B7F0,0x0053B7F0,0x0013B7F0,.text,6,FUN_0053B7F0,,ACTIVE,HIGH,true,false,false,false,false,false,false,thiscall,uint32_t,,const void*; observed PE32 leaf contract,UNKNOWN,LeafRecovery,decomp/leaf323d1aab/generated/src/leaves_001.cpp,coordinator,CANONICAL-1000-0053B7F0,,,decomp/leaf323d1aab/tests/properties.cpp,decomp/evidence/canonical_1000.md,Returns original constant 0x01692610; frozen-V6 member and locally byte-identical I386 body; CI pending
FUN_0053B860,0x0053B860,0x0013B860,.text,6,FUN_0053B860,,ACTIVE,HIGH,true,false,false,false,false,false,false,thiscall,uint32_t,,const void*; observed PE32 leaf contract,UNKNOWN,LeafRecovery,decomp/leaf323d1aab/generated/src/leaves_001.cpp,coordinator,CANONICAL-1000-0053B860,,,decomp/leaf323d1aab/tests/properties.cpp,decomp/evidence/canonical_1000.md,Returns original constant 0x01692634; frozen-V6 member and locally byte-identical I386 body; CI pending
FUN_0053B870,0x0053B870,0x0013B870,.text,6,FUN_0053B870,,ACTIVE,HIGH,true,false,false,false,false,false,false,thiscall,uint32_t,,const void*; observed PE32 leaf contract,UNKNOWN,LeafRecovery,decomp/leaf323d1aab/generated/src/leaves_001.cpp,coordinator,CANONICAL-1000-0053B870,,,decomp/leaf323d1aab/tests/properties.cpp,decomp/evidence/canonical_1000.md,Returns original constant 0x013A49D8; frozen-V6 member and locally byte-identical I386 body; CI pending
FUN_0053B900,0x0053B900,0x0013B900,.text,6,FUN_0053B900,,ACTIVE,HIGH,true,false,false,false,false,false,false,thiscall,uint32_t,,const void*; observed PE32 leaf contract,UNKNOWN,LeafRecovery,decomp/leaf323d1aab/generated/src/leaves_001.cpp,coordinator,CANONICAL-1000-0053B900,,,decomp/leaf323d1aab/tests/properties.cpp,decomp/evidence/canonical_1000.md,Returns original constant 0x01692658; frozen-V6 member and locally byte-identical I386 body; CI pending
FUN_0053B910,0x0053B910,0x0013B910,.text,6,FUN_0053B910,,ACTIVE,HIGH,true,false,false,false,false,false,false,thiscall,uint32_t,,const void*; observed PE32 leaf contract,UNKNOWN,LeafRecovery,decomp/leaf323d1aab/generated/src/leaves_001.cpp,coordinator,CANONICAL-1000-0053B910,,,decomp/leaf323d1aab/tests/properties.cpp,decomp/evidence/canonical_1000.md,Returns original constant 0x013A4A10; frozen-V6 member and locally byte-identical I386 body; CI pending
FUN_0053B920,0x0053B920,0x0013B920,.text,6,FUN_0053B920,,ACTIVE,HIGH,true,false,false,false,false,false,false,thiscall,uint32_t,,const void*; observed PE32 leaf contract,UNKNOWN,LeafRecovery,decomp/leaf323d1aab/generated/src/leaves_001.cpp,coordinator,CANONICAL-1000-0053B920,,,decomp/leaf323d1aab/tests/properties.cpp,decomp/evidence/canonical_1000.md,Returns original constant 0x0169267C; frozen-V6 member and locally byte-identical I386 body; CI pending
FUN_0053B930,0x0053B930,0x0013B930,.text,6,FUN_0053B930,,ACTIVE,HIGH,true,false,false,false,false,false,false,thiscall,uint32_t,,const void*; observed PE32 leaf contract,UNKNOWN,LeafRecovery,decomp/leaf323d1aab/generated/src/leaves_001.cpp,coordinator,CANONICAL-1000-0053B930,,,decomp/leaf323d1aab/tests/properties.cpp,decomp/evidence/canonical_1000.md,Returns original constant 0x013A4A4C; frozen-V6 member and locally byte-identical I386 body; CI pending
FUN_0053B940,0x0053B940,0x0013B940,.text,6,FUN_0053B940,,ACTIVE,HIGH,true,false,false,false,false,false,false,thiscall,uint32_t,,const void*; observed PE32 leaf contract,UNKNOWN,LeafRecovery,decomp/leaf323d1aab/generated/src/leaves_001.cpp,coordinator,CANONICAL-1000-0053B940,,,decomp/leaf323d1aab/tests/properties.cpp,decomp/evidence/canonical_1000.md,Returns original constant 0x016926A0; frozen-V6 member and locally byte-identical I386 body; CI pending
FUN_0053B950,0x0053B950,0x0013B950,.text,6,FUN_0053B950,,ACTIVE,HIGH,true,false,false,false,false,false,false,thiscall,uint32_t,,const void*; observed PE32 leaf contract,UNKNOWN,LeafRecovery,decomp/leaf323d1aab/generated/src/leaves_001.cpp,coordinator,CANONICAL-1000-0053B950,,,decomp/leaf323d1aab/tests/properties.cpp,decomp/evidence/canonical_1000.md,Returns original constant 0x013A4A84; frozen-V6 member and locally byte-identical I386 body; CI pending
FUN_0053B960,0x0053B960,0x0013B960,.text,6,FUN_0053B960,,ACTIVE,HIGH,true,false,false,false,false,false,false,thiscall,uint32_t,,const void*; observed PE32 leaf contract,UNKNOWN,LeafRecovery,decomp/leaf323d1aab/generated/src/leaves_001.cpp,coordinator,CANONICAL-1000-0053B960,,,decomp/leaf323d1aab/tests/properties.cpp,decomp/evidence/canonical_1000.md,Returns original constant 0x016926C4; frozen-V6 member and locally byte-identical I386 body; CI pending
FUN_0053B970,0x0053B970,0x0013B970,.text,6,FUN_0053B970,,ACTIVE,HIGH,true,false,false,false,false,false,false,thiscall,uint32_t,,const void*; observed PE32 leaf contract,UNKNOWN,LeafRecovery,decomp/leaf323d1aab/generated/src/leaves_001.cpp,coordinator,CANONICAL-1000-0053B970,,,decomp/leaf323d1aab/tests/properties.cpp,decomp/evidence/canonical_1000.md,Returns original constant 0x013A4ABC; frozen-V6 member and locally byte-identical I386 body; CI pending
FUN_0053B980,0x0053B980,0x0013B980,.text,6,FUN_0053B980,,ACTIVE,HIGH,true,false,false,false,false,false,false,thiscall,uint32_t,,const void*; observed PE32 leaf contract,UNKNOWN,LeafRecovery,decomp/leaf323d1aab/generated/src/leaves_001.cpp,coordinator,CANONICAL-1000-0053B980,,,decomp/leaf323d1aab/tests/properties.cpp,decomp/evidence/canonical_1000.md,Returns original constant 0x016926E8; frozen-V6 member and locally byte-identical I386 body; CI pending
FUN_0053B990,0x0053B990,0x0013B990,.text,6,FUN_0053B990,,ACTIVE,HIGH,true,false,false,false,false,false,false,thiscall,uint32_t,,const void*; observed PE32 leaf contract,UNKNOWN,LeafRecovery,decomp/leaf323d1aab/generated/src/leaves_001.cpp,coordinator,CANONICAL-1000-0053B990,,,decomp/leaf323d1aab/tests/properties.cpp,decomp/evidence/canonical_1000.md,Returns original constant 0x013A4AF4; frozen-V6 member and locally byte-identical I386 body; CI pending
FUN_0053B9A0,0x0053B9A0,0x0013B9A0,.text,6,FUN_0053B9A0,,ACTIVE,HIGH,true,false,false,false,false,false,false,thiscall,uint32_t,,const void*; observed PE32 leaf contract,UNKNOWN,LeafRecovery,decomp/leaf323d1aab/generated/src/leaves_001.cpp,coordinator,CANONICAL-1000-0053B9A0,,,decomp/leaf323d1aab/tests/properties.cpp,decomp/evidence/canonical_1000.md,Returns original constant 0x0169270C; frozen-V6 member and locally byte-identical I386 body; CI pending
FUN_0053B9B0,0x0053B9B0,0x0013B9B0,.text,6,FUN_0053B9B0,,ACTIVE,HIGH,true,false,false,false,false,false,false,thiscall,uint32_t,,const void*; observed PE32 leaf contract,UNKNOWN,LeafRecovery,decomp/leaf323d1aab/generated/src/leaves_001.cpp,coordinator,CANONICAL-1000-0053B9B0,,,decomp/leaf323d1aab/tests/properties.cpp,decomp/evidence/canonical_1000.md,Returns original constant 0x013A4B2C; frozen-V6 member and locally byte-identical I386 body; CI pending
FUN_0053BA20,0x0053BA20,0x0013BA20,.text,6,FUN_0053BA20,,ACTIVE,HIGH,true,false,false,false,false,false,false,thiscall,uint32_t,,const void*; observed PE32 leaf contract,UNKNOWN,LeafRecovery,decomp/leaf323d1aab/generated/src/leaves_001.cpp,coordinator,CANONICAL-1000-0053BA20,,,decomp/leaf323d1aab/tests/properties.cpp,decomp/evidence/canonical_1000.md,Returns original constant 0x01692730; frozen-V6 member and locally byte-identical I386 body; CI pending
FUN_0053BA30,0x0053BA30,0x0013BA30,.text,6,FUN_0053BA30,,ACTIVE,HIGH,true,false,false,false,false,false,false,thiscall,uint32_t,,const void*; observed PE32 leaf contract,UNKNOWN,LeafRecovery,decomp/leaf323d1aab/generated/src/leaves_002.cpp,coordinator,CANONICAL-1000-0053BA30,,,decomp/leaf323d1aab/tests/properties.cpp,decomp/evidence/canonical_1000.md,Returns original constant 0x013A4B68; frozen-V6 member and locally byte-identical I386 body; CI pending
FUN_0053BA90,0x0053BA90,0x0013BA90,.text,6,FUN_0053BA90,,ACTIVE,HIGH,true,false,false,false,false,false,false,thiscall,uint32_t,,const void*; observed PE32 leaf contract,UNKNOWN,LeafRecovery,decomp/leaf323d1aab/generated/src/leaves_002.cpp,coordinator,CANONICAL-1000-0053BA90,,,decomp/leaf323d1aab/tests/properties.cpp,decomp/evidence/canonical_1000.md,Returns original constant 0x01692778; frozen-V6 member and locally byte-identical I386 body; CI pending
FUN_0053BB40,0x0053BB40,0x0013BB40,.text,6,FUN_0053BB40,,ACTIVE,HIGH,true,false,false,false,false,false,false,thiscall,uint32_t,,const void*; observed PE32 leaf contract,UNKNOWN,LeafRecovery,decomp/leaf323d1aab/generated/src/leaves_002.cpp,coordinator,CANONICAL-1000-0053BB40,,,decomp/leaf323d1aab/tests/properties.cpp,decomp/evidence/canonical_1000.md,Returns original constant 0x0169279C; frozen-V6 member and locally byte-identical I386 body; CI pending
FUN_0053BB50,0x0053BB50,0x0013BB50,.text,6,FUN_0053BB50,,ACTIVE,HIGH,true,false,false,false,false,false,false,thiscall,uint32_t,,const void*; observed PE32 leaf contract,UNKNOWN,LeafRecovery,decomp/leaf323d1aab/generated/src/leaves_002.cpp,coordinator,CANONICAL-1000-0053BB50,,,decomp/leaf323d1aab/tests/properties.cpp,decomp/evidence/canonical_1000.md,Returns original constant 0x013A4BB8; frozen-V6 member and locally byte-identical I386 body; CI pending
FUN_0053BDD0,0x0053BDD0,0x0013BDD0,.text,6,FUN_0053BDD0,,ACTIVE,HIGH,true,false,false,false,false,false,false,thiscall,uint32_t,,const void*; observed PE32 leaf contract,UNKNOWN,LeafRecovery,decomp/leaf323d1aab/generated/src/leaves_002.cpp,coordinator,CANONICAL-1000-0053BDD0,,,decomp/leaf323d1aab/tests/properties.cpp,decomp/evidence/canonical_1000.md,Returns original constant 0x016927C0; frozen-V6 member and locally byte-identical I386 body; CI pending
FUN_0053BDE0,0x0053BDE0,0x0013BDE0,.text,6,FUN_0053BDE0,,ACTIVE,HIGH,true,false,false,false,false,false,false,thiscall,uint32_t,,const void*; observed PE32 leaf contract,UNKNOWN,LeafRecovery,decomp/leaf323d1aab/generated/src/leaves_002.cpp,coordinator,CANONICAL-1000-0053BDE0,,,decomp/leaf323d1aab/tests/properties.cpp,decomp/evidence/canonical_1000.md,Returns original constant 0x0137F504; frozen-V6 member and locally byte-identical I386 body; CI pending
FUN_0053BDF0,0x0053BDF0,0x0013BDF0,.text,6,FUN_0053BDF0,,ACTIVE,HIGH,true,false,false,false,false,false,false,thiscall,uint32_t,,const void*; observed PE32 leaf contract,UNKNOWN,LeafRecovery,decomp/leaf323d1aab/generated/src/leaves_002.cpp,coordinator,CANONICAL-1000-0053BDF0,,,decomp/leaf323d1aab/tests/properties.cpp,decomp/evidence/canonical_1000.md,Returns original constant 0x016927E4; frozen-V6 member and locally byte-identical I386 body; CI pending
FUN_0053BE00,0x0053BE00,0x0013BE00,.text,6,FUN_0053BE00,,ACTIVE,HIGH,true,false,false,false,false,false,false,thiscall,uint32_t,,const void*; observed PE32 leaf contract,UNKNOWN,LeafRecovery,decomp/leaf323d1aab/generated/src/leaves_002.cpp,coordinator,CANONICAL-1000-0053BE00,,,decomp/leaf323d1aab/tests/properties.cpp,decomp/evidence/canonical_1000.md,Returns original constant 0x013A4DF8; frozen-V6 member and locally byte-identical I386 body; CI pending
FUN_0053CC20,0x0053CC20,0x0013CC20,.text,6,FUN_0053CC20,,ACTIVE,HIGH,true,false,false,false,false,false,false,thiscall,uint32_t,,const void*; observed PE32 leaf contract,UNKNOWN,LeafRecovery,decomp/leaf323d1aab/generated/src/leaves_002.cpp,coordinator,CANONICAL-1000-0053CC20,,,decomp/leaf323d1aab/tests/properties.cpp,decomp/evidence/canonical_1000.md,Returns original constant 0x013A4F90; frozen-V6 member and locally byte-identical I386 body; CI pending
FUN_0053CC30,0x0053CC30,0x0013CC30,.text,6,FUN_0053CC30,,ACTIVE,HIGH,true,false,false,false,false,false,false,thiscall,uint32_t,,const void*; observed PE32 leaf contract,UNKNOWN,LeafRecovery,decomp/leaf323d1aab/generated/src/leaves_002.cpp,coordinator,CANONICAL-1000-0053CC30,,,decomp/leaf323d1aab/tests/properties.cpp,decomp/evidence/canonical_1000.md,Returns original constant 0x016928E4; frozen-V6 member and locally byte-identical I386 body; CI pending
FUN_0053CC40,0x0053CC40,0x0013CC40,.text,6,FUN_0053CC40,,ACTIVE,HIGH,true,false,false,false,false,false,false,thiscall,uint32_t,,const void*; observed PE32 leaf contract,UNKNOWN,LeafRecovery,decomp/leaf323d1aab/generated/src/leaves_002.cpp,coordinator,CANONICAL-1000-0053CC40,,,decomp/leaf323d1aab/tests/properties.cpp,decomp/evidence/canonical_1000.md,Returns original constant 0x013A5020; frozen-V6 member and locally byte-identical I386 body; CI pending
FUN_005409A0,0x005409A0,0x001409A0,.text,6,FUN_005409A0,,ACTIVE,HIGH,true,false,false,false,false,false,false,thiscall,uint32_t,,const void*; observed PE32 leaf contract,UNKNOWN,LeafRecovery,decomp/leaf323d1aab/generated/src/leaves_002.cpp,coordinator,CANONICAL-1000-005409A0,,,decomp/leaf323d1aab/tests/properties.cpp,decomp/evidence/canonical_1000.md,Returns original constant 0x01692908; frozen-V6 member and locally byte-identical I386 body; CI pending
FUN_005409B0,0x005409B0,0x001409B0,.text,6,FUN_005409B0,,ACTIVE,HIGH,true,false,false,false,false,false,false,thiscall,uint32_t,,const void*; observed PE32 leaf contract,UNKNOWN,LeafRecovery,decomp/leaf323d1aab/generated/src/leaves_002.cpp,coordinator,CANONICAL-1000-005409B0,,,decomp/leaf323d1aab/tests/properties.cpp,decomp/evidence/canonical_1000.md,Returns original constant 0x0169292C; frozen-V6 member and locally byte-identical I386 body; CI pending
FUN_005409C0,0x005409C0,0x001409C0,.text,6,FUN_005409C0,,ACTIVE,HIGH,true,false,false,false,false,false,false,thiscall,uint32_t,,const void*; observed PE32 leaf contract,UNKNOWN,LeafRecovery,decomp/leaf323d1aab/generated/src/leaves_002.cpp,coordinator,CANONICAL-1000-005409C0,,,decomp/leaf323d1aab/tests/properties.cpp,decomp/evidence/canonical_1000.md,Returns original constant 0x0137F5C4; frozen-V6 member and locally byte-identical I386 body; CI pending
FUN_00540AD0,0x00540AD0,0x00140AD0,.text,6,FUN_00540AD0,,ACTIVE,HIGH,true,false,false,false,false,false,false,thiscall,uint32_t,,const void*; observed PE32 leaf contract,UNKNOWN,LeafRecovery,decomp/leaf323d1aab/generated/src/leaves_002.cpp,coordinator,CANONICAL-1000-00540AD0,,,decomp/leaf323d1aab/tests/properties.cpp,decomp/evidence/canonical_1000.md,Returns original constant 0x01692950; frozen-V6 member and locally byte-identical I386 body; CI pending
FUN_00540AE0,0x00540AE0,0x00140AE0,.text,6,FUN_00540AE0,,ACTIVE,HIGH,true,false,false,false,false,false,false,thiscall,uint32_t,,const void*; observed PE32 leaf contract,UNKNOWN,LeafRecovery,decomp/leaf323d1aab/generated/src/leaves_002.cpp,coordinator,CANONICAL-1000-00540AE0,,,decomp/leaf323d1aab/tests/properties.cpp,decomp/evidence/canonical_1000.md,Returns original constant 0x013A51B8; frozen-V6 member and locally byte-identical I386 body; CI pending
FUN_005412E0,0x005412E0,0x001412E0,.text,6,FUN_005412E0,,ACTIVE,HIGH,true,false,false,false,false,false,false,thiscall,uint32_t,,const void*; observed PE32 leaf contract,UNKNOWN,LeafRecovery,decomp/leaf323d1aab/generated/src/leaves_002.cpp,coordinator,CANONICAL-1000-005412E0,,,decomp/leaf323d1aab/tests/properties.cpp,decomp/evidence/canonical_1000.md,Returns original constant 0x01692974; frozen-V6 member and locally byte-identical I386 body; CI pending
FUN_005412F0,0x005412F0,0x001412F0,.text,6,FUN_005412F0,,ACTIVE,HIGH,true,false,false,false,false,false,false,thiscall,uint32_t,,const void*; observed PE32 leaf contract,UNKNOWN,LeafRecovery,decomp/leaf323d1aab/generated/src/leaves_002.cpp,coordinator,CANONICAL-1000-005412F0,,,decomp/leaf323d1aab/tests/properties.cpp,decomp/evidence/canonical_1000.md,Returns original constant 0x013A52AC; frozen-V6 member and locally byte-identical I386 body; CI pending
FUN_00541350,0x00541350,0x00141350,.text,6,FUN_00541350,,ACTIVE,HIGH,true,false,false,false,false,false,false,thiscall,uint32_t,,const void*; observed PE32 leaf contract,UNKNOWN,LeafRecovery,decomp/leaf323d1aab/generated/src/leaves_002.cpp,coordinator,CANONICAL-1000-00541350,,,decomp/leaf323d1aab/tests/properties.cpp,decomp/evidence/canonical_1000.md,Returns original constant 0x01692998; frozen-V6 member and locally byte-identical I386 body; CI pending
FUN_00541360,0x00541360,0x00141360,.text,6,FUN_00541360,,ACTIVE,HIGH,true,false,false,false,false,false,false,thiscall,uint32_t,,const void*; observed PE32 leaf contract,UNKNOWN,LeafRecovery,decomp/leaf323d1aab/generated/src/leaves_002.cpp,coordinator,CANONICAL-1000-00541360,,,decomp/leaf323d1aab/tests/properties.cpp,decomp/evidence/canonical_1000.md,Returns original constant 0x016929BC; frozen-V6 member and locally byte-identical I386 body; CI pending
FUN_005413F0,0x005413F0,0x001413F0,.text,6,FUN_005413F0,,ACTIVE,HIGH,true,false,false,false,false,false,false,thiscall,uint32_t,,const void*; observed PE32 leaf contract,UNKNOWN,LeafRecovery,decomp/leaf323d1aab/generated/src/leaves_002.cpp,coordinator,CANONICAL-1000-005413F0,,,decomp/leaf323d1aab/tests/properties.cpp,decomp/evidence/canonical_1000.md,Returns original constant 0x016929E0; frozen-V6 member and locally byte-identical I386 body; CI pending
FUN_00541400,0x00541400,0x00141400,.text,6,FUN_00541400,,ACTIVE,HIGH,true,false,false,false,false,false,false,thiscall,uint32_t,,const void*; observed PE32 leaf contract,UNKNOWN,LeafRecovery,decomp/leaf323d1aab/generated/src/leaves_002.cpp,coordinator,CANONICAL-1000-00541400,,,decomp/leaf323d1aab/tests/properties.cpp,decomp/evidence/canonical_1000.md,Returns original constant 0x013A5344; frozen-V6 member and locally byte-identical I386 body; CI pending
FUN_00541C50,0x00541C50,0x00141C50,.text,6,FUN_00541C50,,ACTIVE,HIGH,true,false,false,false,false,false,false,thiscall,uint32_t,,const void*; observed PE32 leaf contract,UNKNOWN,LeafRecovery,decomp/leaf323d1aab/generated/src/leaves_002.cpp,coordinator,CANONICAL-1000-00541C50,,,decomp/leaf323d1aab/tests/properties.cpp,decomp/evidence/canonical_1000.md,Returns original constant 0x01692A4C; frozen-V6 member and locally byte-identical I386 body; CI pending
FUN_00541C60,0x00541C60,0x00141C60,.text,6,FUN_00541C60,,ACTIVE,HIGH,true,false,false,false,false,false,false,thiscall,uint32_t,,const void*; observed PE32 leaf contract,UNKNOWN,LeafRecovery,decomp/leaf323d1aab/generated/src/leaves_002.cpp,coordinator,CANONICAL-1000-00541C60,,,decomp/leaf323d1aab/tests/properties.cpp,decomp/evidence/canonical_1000.md,Returns original constant 0x01692A04; frozen-V6 member and locally byte-identical I386 body; CI pending
FUN_00541C70,0x00541C70,0x00141C70,.text,6,FUN_00541C70,,ACTIVE,HIGH,true,false,false,false,false,false,false,thiscall,uint32_t,,const void*; observed PE32 leaf contract,UNKNOWN,LeafRecovery,decomp/leaf323d1aab/generated/src/leaves_002.cpp,coordinator,CANONICAL-1000-00541C70,,,decomp/leaf323d1aab/tests/properties.cpp,decomp/evidence/canonical_1000.md,Returns original constant 0x0137F46C; frozen-V6 member and locally byte-identical I386 body; CI pending
FUN_00541C80,0x00541C80,0x00141C80,.text,6,FUN_00541C80,,ACTIVE,HIGH,true,false,false,false,false,false,false,thiscall,uint32_t,,const void*; observed PE32 leaf contract,UNKNOWN,LeafRecovery,decomp/leaf323d1aab/generated/src/leaves_002.cpp,coordinator,CANONICAL-1000-00541C80,,,decomp/leaf323d1aab/tests/properties.cpp,decomp/evidence/canonical_1000.md,Returns original constant 0x013A5414; frozen-V6 member and locally byte-identical I386 body; CI pending
FUN_00541C90,0x00541C90,0x00141C90,.text,6,FUN_00541C90,,ACTIVE,HIGH,true,false,false,false,false,false,false,thiscall,uint32_t,,const void*; observed PE32 leaf contract,UNKNOWN,LeafRecovery,decomp/leaf323d1aab/generated/src/leaves_002.cpp,coordinator,CANONICAL-1000-00541C90,,,decomp/leaf323d1aab/tests/properties.cpp,decomp/evidence/canonical_1000.md,Returns original constant 0x01692A28; frozen-V6 member and locally byte-identical I386 body; CI pending
FUN_00541CA0,0x00541CA0,0x00141CA0,.text,6,FUN_00541CA0,,ACTIVE,HIGH,true,false,false,false,false,false,false,thiscall,uint32_t,,const void*; observed PE32 leaf contract,UNKNOWN,LeafRecovery,decomp/leaf323d1aab/generated/src/leaves_002.cpp,coordinator,CANONICAL-1000-00541CA0,,,decomp/leaf323d1aab/tests/properties.cpp,decomp/evidence/canonical_1000.md,Returns original constant 0x013A5460; frozen-V6 member and locally byte-identical I386 body; CI pending
FUN_00541CB0,0x00541CB0,0x00141CB0,.text,6,FUN_00541CB0,,ACTIVE,HIGH,true,false,false,false,false,false,false,thiscall,uint32_t,,const void*; observed PE32 leaf contract,UNKNOWN,LeafRecovery,decomp/leaf323d1aab/generated/src/leaves_002.cpp,coordinator,CANONICAL-1000-00541CB0,,,decomp/leaf323d1aab/tests/properties.cpp,decomp/evidence/canonical_1000.md,Returns original constant 0x013A5468; frozen-V6 member and locally byte-identical I386 body; CI pending
FUN_00541E10,0x00541E10,0x00141E10,.text,4,FUN_00541E10,,ACTIVE,HIGH,true,false,false,false,false,false,false,thiscall,uint32_t,,const void*; observed PE32 leaf contract,UNKNOWN,LeafRecovery,decomp/leaf323d1aab/generated/src/leaves_002.cpp,coordinator,CANONICAL-1000-00541E10,,,decomp/leaf323d1aab/tests/properties.cpp,decomp/evidence/canonical_1000.md,Unsigned 32-bit load at this+0x1C; frozen-V6 member and locally byte-identical I386 body; CI pending
FUN_00542920,0x00542920,0x00142920,.text,6,FUN_00542920,,ACTIVE,HIGH,true,false,false,false,false,false,false,thiscall,uint32_t,,const void*; observed PE32 leaf contract,UNKNOWN,LeafRecovery,decomp/leaf323d1aab/generated/src/leaves_002.cpp,coordinator,CANONICAL-1000-00542920,,,decomp/leaf323d1aab/tests/properties.cpp,decomp/evidence/canonical_1000.md,Returns original constant 0x01692A70; frozen-V6 member and locally byte-identical I386 body; CI pending
FUN_00542930,0x00542930,0x00142930,.text,4,FUN_00542930,,ACTIVE,HIGH,true,false,false,false,false,false,false,thiscall,uint32_t,,const void*; observed PE32 leaf contract,UNKNOWN,LeafRecovery,decomp/leaf323d1aab/generated/src/leaves_002.cpp,coordinator,CANONICAL-1000-00542930,,,decomp/leaf323d1aab/tests/properties.cpp,decomp/evidence/canonical_1000.md,Returns 32-bit receiver-relative address this+0x14; frozen-V6 member and locally byte-identical I386 body; CI pending
FUN_00542A50,0x00542A50,0x00142A50,.text,6,FUN_00542A50,,ACTIVE,HIGH,true,false,false,false,false,false,false,thiscall,uint32_t,,const void*; observed PE32 leaf contract,UNKNOWN,LeafRecovery,decomp/leaf323d1aab/generated/src/leaves_002.cpp,coordinator,CANONICAL-1000-00542A50,,,decomp/leaf323d1aab/tests/properties.cpp,decomp/evidence/canonical_1000.md,Returns original constant 0x01692A94; frozen-V6 member and locally byte-identical I386 body; CI pending
FUN_00542A60,0x00542A60,0x00142A60,.text,6,FUN_00542A60,,ACTIVE,HIGH,true,false,false,false,false,false,false,thiscall,uint32_t,,const void*; observed PE32 leaf contract,UNKNOWN,LeafRecovery,decomp/leaf323d1aab/generated/src/leaves_002.cpp,coordinator,CANONICAL-1000-00542A60,,,decomp/leaf323d1aab/tests/properties.cpp,decomp/evidence/canonical_1000.md,Returns original constant 0x0137F4BC; frozen-V6 member and locally byte-identical I386 body; CI pending
FUN_00542A70,0x00542A70,0x00142A70,.text,6,FUN_00542A70,,ACTIVE,HIGH,true,false,false,false,false,false,false,thiscall,uint32_t,,const void*; observed PE32 leaf contract,UNKNOWN,LeafRecovery,decomp/leaf323d1aab/generated/src/leaves_002.cpp,coordinator,CANONICAL-1000-00542A70,,,decomp/leaf323d1aab/tests/properties.cpp,decomp/evidence/canonical_1000.md,Returns original constant 0x01692AB8; frozen-V6 member and locally byte-identical I386 body; CI pending
FUN_00542A80,0x00542A80,0x00142A80,.text,6,FUN_00542A80,,ACTIVE,HIGH,true,false,false,false,false,false,false,thiscall,uint32_t,,const void*; observed PE32 leaf contract,UNKNOWN,LeafRecovery,decomp/leaf323d1aab/generated/src/leaves_002.cpp,coordinator,CANONICAL-1000-00542A80,,,decomp/leaf323d1aab/tests/properties.cpp,decomp/evidence/canonical_1000.md,Returns original constant 0x013A5674; frozen-V6 member and locally byte-identical I386 body; CI pending
FUN_00544950,0x00544950,0x00144950,.text,6,FUN_00544950,,ACTIVE,HIGH,true,false,false,false,false,false,false,thiscall,uint32_t,,const void*; observed PE32 leaf contract,UNKNOWN,LeafRecovery,decomp/leaf323d1aab/generated/src/leaves_002.cpp,coordinator,CANONICAL-1000-00544950,,,decomp/leaf323d1aab/tests/properties.cpp,decomp/evidence/canonical_1000.md,Returns original constant 0x01692B00; frozen-V6 member and locally byte-identical I386 body; CI pending
FUN_005449B0,0x005449B0,0x001449B0,.text,6,FUN_005449B0,,ACTIVE,HIGH,true,false,false,false,false,false,false,thiscall,uint32_t,,const void*; observed PE32 leaf contract,UNKNOWN,LeafRecovery,decomp/leaf323d1aab/generated/src/leaves_002.cpp,coordinator,CANONICAL-1000-005449B0,,,decomp/leaf323d1aab/tests/properties.cpp,decomp/evidence/canonical_1000.md,Returns original constant 0x01692B24; frozen-V6 member and locally byte-identical I386 body; CI pending
FUN_005449C0,0x005449C0,0x001449C0,.text,6,FUN_005449C0,,ACTIVE,HIGH,true,false,false,false,false,false,false,thiscall,uint32_t,,const void*; observed PE32 leaf contract,UNKNOWN,LeafRecovery,decomp/leaf323d1aab/generated/src/leaves_002.cpp,coordinator,CANONICAL-1000-005449C0,,,decomp/leaf323d1aab/tests/properties.cpp,decomp/evidence/canonical_1000.md,Returns original constant 0x013A58E8; frozen-V6 member and locally byte-identical I386 body; CI pending
FUN_00545030,0x00545030,0x00145030,.text,6,FUN_00545030,,ACTIVE,HIGH,true,false,false,false,false,false,false,thiscall,uint32_t,,const void*; observed PE32 leaf contract,UNKNOWN,LeafRecovery,decomp/leaf323d1aab/generated/src/leaves_002.cpp,coordinator,CANONICAL-1000-00545030,,,decomp/leaf323d1aab/tests/properties.cpp,decomp/evidence/canonical_1000.md,Returns original constant 0x01692B48; frozen-V6 member and locally byte-identical I386 body; CI pending
FUN_005450B0,0x005450B0,0x001450B0,.text,6,FUN_005450B0,,ACTIVE,HIGH,true,false,false,false,false,false,false,thiscall,uint32_t,,const void*; observed PE32 leaf contract,UNKNOWN,LeafRecovery,decomp/leaf323d1aab/generated/src/leaves_002.cpp,coordinator,CANONICAL-1000-005450B0,,,decomp/leaf323d1aab/tests/properties.cpp,decomp/evidence/canonical_1000.md,Returns original constant 0x01692B6C; frozen-V6 member and locally byte-identical I386 body; CI pending
FUN_005450C0,0x005450C0,0x001450C0,.text,6,FUN_005450C0,,ACTIVE,HIGH,true,false,false,false,false,false,false,thiscall,uint32_t,,const void*; observed PE32 leaf contract,UNKNOWN,LeafRecovery,decomp/leaf323d1aab/generated/src/leaves_002.cpp,coordinator,CANONICAL-1000-005450C0,,,decomp/leaf323d1aab/tests/properties.cpp,decomp/evidence/canonical_1000.md,Returns original constant 0x013943F0; frozen-V6 member and locally byte-identical I386 body; CI pending
FUN_005450D0,0x005450D0,0x001450D0,.text,6,FUN_005450D0,,ACTIVE,HIGH,true,false,false,false,false,false,false,thiscall,uint32_t,,const void*; observed PE32 leaf contract,UNKNOWN,LeafRecovery,decomp/leaf323d1aab/generated/src/leaves_002.cpp,coordinator,CANONICAL-1000-005450D0,,,decomp/leaf323d1aab/tests/properties.cpp,decomp/evidence/canonical_1000.md,Returns original constant 0x0137AF38; frozen-V6 member and locally byte-identical I386 body; CI pending
FUN_00545170,0x00545170,0x00145170,.text,6,FUN_00545170,,ACTIVE,HIGH,true,false,false,false,false,false,false,thiscall,uint32_t,,const void*; observed PE32 leaf contract,UNKNOWN,LeafRecovery,decomp/leaf323d1aab/generated/src/leaves_002.cpp,coordinator,CANONICAL-1000-00545170,,,decomp/leaf323d1aab/tests/properties.cpp,decomp/evidence/canonical_1000.md,Returns original constant 0x01692B90; frozen-V6 member and locally byte-identical I386 body; CI pending
FUN_00545180,0x00545180,0x00145180,.text,6,FUN_00545180,,ACTIVE,HIGH,true,false,false,false,false,false,false,thiscall,uint32_t,,const void*; observed PE32 leaf contract,UNKNOWN,LeafRecovery,decomp/leaf323d1aab/generated/src/leaves_002.cpp,coordinator,CANONICAL-1000-00545180,,,decomp/leaf323d1aab/tests/properties.cpp,decomp/evidence/canonical_1000.md,Returns original constant 0x013A5A0C; frozen-V6 member and locally byte-identical I386 body; CI pending
FUN_00545570,0x00545570,0x00145570,.text,6,FUN_00545570,,ACTIVE,HIGH,true,false,false,false,false,false,false,thiscall,uint32_t,,const void*; observed PE32 leaf contract,UNKNOWN,LeafRecovery,decomp/leaf323d1aab/generated/src/leaves_002.cpp,coordinator,CANONICAL-1000-00545570,,,decomp/leaf323d1aab/tests/properties.cpp,decomp/evidence/canonical_1000.md,Returns original constant 0x013A5A84; frozen-V6 member and locally byte-identical I386 body; CI pending
FUN_00545580,0x00545580,0x00145580,.text,6,FUN_00545580,,ACTIVE,HIGH,true,false,false,false,false,false,false,thiscall,uint32_t,,const void*; observed PE32 leaf contract,UNKNOWN,LeafRecovery,decomp/leaf323d1aab/generated/src/leaves_002.cpp,coordinator,CANONICAL-1000-00545580,,,decomp/leaf323d1aab/tests/properties.cpp,decomp/evidence/canonical_1000.md,Returns original constant 0x01692BD8; frozen-V6 member and locally byte-identical I386 body; CI pending
FUN_00545590,0x00545590,0x00145590,.text,6,FUN_00545590,,ACTIVE,HIGH,true,false,false,false,false,false,false,thiscall,uint32_t,,const void*; observed PE32 leaf contract,UNKNOWN,LeafRecovery,decomp/leaf323d1aab/generated/src/leaves_002.cpp,coordinator,CANONICAL-1000-00545590,,,decomp/leaf323d1aab/tests/properties.cpp,decomp/evidence/canonical_1000.md,Returns original constant 0x013A5ABC; frozen-V6 member and locally byte-identical I386 body; CI pending
FUN_00545F50,0x00545F50,0x00145F50,.text,6,FUN_00545F50,,ACTIVE,HIGH,true,false,false,false,false,false,false,thiscall,uint32_t,,const void*; observed PE32 leaf contract,UNKNOWN,LeafRecovery,decomp/leaf323d1aab/generated/src/leaves_002.cpp,coordinator,CANONICAL-1000-00545F50,,,decomp/leaf323d1aab/tests/properties.cpp,decomp/evidence/canonical_1000.md,Returns original constant 0x01692C44; frozen-V6 member and locally byte-identical I386 body; CI pending
FUN_00545F60,0x00545F60,0x00145F60,.text,6,FUN_00545F60,,ACTIVE,HIGH,true,false,false,false,false,false,false,thiscall,uint32_t,,const void*; observed PE32 leaf contract,UNKNOWN,LeafRecovery,decomp/leaf323d1aab/generated/src/leaves_002.cpp,coordinator,CANONICAL-1000-00545F60,,,decomp/leaf323d1aab/tests/properties.cpp,decomp/evidence/canonical_1000.md,Returns original constant 0x01692BFC; frozen-V6 member and locally byte-identical I386 body; CI pending
FUN_00545F70,0x00545F70,0x00145F70,.text,6,FUN_00545F70,,ACTIVE,HIGH,true,false,false,false,false,false,false,thiscall,uint32_t,,const void*; observed PE32 leaf contract,UNKNOWN,LeafRecovery,decomp/leaf323d1aab/generated/src/leaves_002.cpp,coordinator,CANONICAL-1000-00545F70,,,decomp/leaf323d1aab/tests/properties.cpp,decomp/evidence/canonical_1000.md,Returns original constant 0x0137F508; frozen-V6 member and locally byte-identical I386 body; CI pending
FUN_00545F80,0x00545F80,0x00145F80,.text,6,FUN_00545F80,,ACTIVE,HIGH,true,false,false,false,false,false,false,thiscall,uint32_t,,const void*; observed PE32 leaf contract,UNKNOWN,LeafRecovery,decomp/leaf323d1aab/generated/src/leaves_002.cpp,coordinator,CANONICAL-1000-00545F80,,,decomp/leaf323d1aab/tests/properties.cpp,decomp/evidence/canonical_1000.md,Returns original constant 0x013A5BF8; frozen-V6 member and locally byte-identical I386 body; CI pending
FUN_00545F90,0x00545F90,0x00145F90,.text,6,FUN_00545F90,,ACTIVE,HIGH,true,false,false,false,false,false,false,thiscall,uint32_t,,const void*; observed PE32 leaf contract,UNKNOWN,LeafRecovery,decomp/leaf323d1aab/generated/src/leaves_002.cpp,coordinator,CANONICAL-1000-00545F90,,,decomp/leaf323d1aab/tests/properties.cpp,decomp/evidence/canonical_1000.md,Returns original constant 0x01692C20; frozen-V6 member and locally byte-identical I386 body; CI pending
FUN_00545FA0,0x00545FA0,0x00145FA0,.text,6,FUN_00545FA0,,ACTIVE,HIGH,true,false,false,false,false,false,false,thiscall,uint32_t,,const void*; observed PE32 leaf contract,UNKNOWN,LeafRecovery,decomp/leaf323d1aab/generated/src/leaves_002.cpp,coordinator,CANONICAL-1000-00545FA0,,,decomp/leaf323d1aab/tests/properties.cpp,decomp/evidence/canonical_1000.md,Returns original constant 0x013A5C40; frozen-V6 member and locally byte-identical I386 body; CI pending
FUN_00545FB0,0x00545FB0,0x00145FB0,.text,6,FUN_00545FB0,,ACTIVE,HIGH,true,false,false,false,false,false,false,thiscall,uint32_t,,const void*; observed PE32 leaf contract,UNKNOWN,LeafRecovery,decomp/leaf323d1aab/generated/src/leaves_002.cpp,coordinator,CANONICAL-1000-00545FB0,,,decomp/leaf323d1aab/tests/properties.cpp,decomp/evidence/canonical_1000.md,Returns original constant 0x013A5C48; frozen-V6 member and locally byte-identical I386 body; CI pending
FUN_00546060,0x00546060,0x00146060,.text,6,FUN_00546060,,ACTIVE,HIGH,true,false,false,false,false,false,false,thiscall,uint32_t,,const void*; observed PE32 leaf contract,UNKNOWN,LeafRecovery,decomp/leaf323d1aab/generated/src/leaves_002.cpp,coordinator,CANONICAL-1000-00546060,,,decomp/leaf323d1aab/tests/properties.cpp,decomp/evidence/canonical_1000.md,Returns original constant 0x01692C8C; frozen-V6 member and locally byte-identical I386 body; CI pending
FUN_00546070,0x00546070,0x00146070,.text,6,FUN_00546070,,ACTIVE,HIGH,true,false,false,false,false,false,false,thiscall,uint32_t,,const void*; observed PE32 leaf contract,UNKNOWN,LeafRecovery,decomp/leaf323d1aab/generated/src/leaves_002.cpp,coordinator,CANONICAL-1000-00546070,,,decomp/leaf323d1aab/tests/properties.cpp,decomp/evidence/canonical_1000.md,Returns original constant 0x013A5CE8; frozen-V6 member and locally byte-identical I386 body; CI pending
FUN_005468F0,0x005468F0,0x001468F0,.text,6,FUN_005468F0,,ACTIVE,HIGH,true,false,false,false,false,false,false,thiscall,uint32_t,,const void*; observed PE32 leaf contract,UNKNOWN,LeafRecovery,decomp/leaf323d1aab/generated/src/leaves_002.cpp,coordinator,CANONICAL-1000-005468F0,,,decomp/leaf323d1aab/tests/properties.cpp,decomp/evidence/canonical_1000.md,Returns original constant 0x01692CB0; frozen-V6 member and locally byte-identical I386 body; CI pending
FUN_00546900,0x00546900,0x00146900,.text,6,FUN_00546900,,ACTIVE,HIGH,true,false,false,false,false,false,false,thiscall,uint32_t,,const void*; observed PE32 leaf contract,UNKNOWN,LeafRecovery,decomp/leaf323d1aab/generated/src/leaves_002.cpp,coordinator,CANONICAL-1000-00546900,,,decomp/leaf323d1aab/tests/properties.cpp,decomp/evidence/canonical_1000.md,Returns original constant 0x013A5D50; frozen-V6 member and locally byte-identical I386 body; CI pending
FUN_00546940,0x00546940,0x00146940,.text,6,FUN_00546940,,ACTIVE,HIGH,true,false,false,false,false,false,false,thiscall,uint32_t,,const void*; observed PE32 leaf contract,UNKNOWN,LeafRecovery,decomp/leaf323d1aab/generated/src/leaves_002.cpp,coordinator,CANONICAL-1000-00546940,,,decomp/leaf323d1aab/tests/properties.cpp,decomp/evidence/canonical_1000.md,Returns original constant 0x01692C68; frozen-V6 member and locally byte-identical I386 body; CI pending
FUN_005473A0,0x005473A0,0x001473A0,.text,6,FUN_005473A0,,ACTIVE,HIGH,true,false,false,false,false,false,false,thiscall,uint32_t,,const void*; observed PE32 leaf contract,UNKNOWN,LeafRecovery,decomp/leaf323d1aab/generated/src/leaves_002.cpp,coordinator,CANONICAL-1000-005473A0,,,decomp/leaf323d1aab/tests/properties.cpp,decomp/evidence/canonical_1000.md,Returns original constant 0x01692CD4; frozen-V6 member and locally byte-identical I386 body; CI pending
FUN_005473B0,0x005473B0,0x001473B0,.text,6,FUN_005473B0,,ACTIVE,HIGH,true,false,false,false,false,false,false,thiscall,uint32_t,,const void*; observed PE32 leaf contract,UNKNOWN,LeafRecovery,decomp/leaf323d1aab/generated/src/leaves_002.cpp,coordinator,CANONICAL-1000-005473B0,,,decomp/leaf323d1aab/tests/properties.cpp,decomp/evidence/canonical_1000.md,Returns original constant 0x013A5E2C; frozen-V6 member and locally byte-identical I386 body; CI pending
FUN_00548340,0x00548340,0x00148340,.text,6,FUN_00548340,,ACTIVE,HIGH,true,false,false,false,false,false,false,thiscall,uint32_t,,const void*; observed PE32 leaf contract,UNKNOWN,LeafRecovery,decomp/leaf323d1aab/generated/src/leaves_002.cpp,coordinator,CANONICAL-1000-00548340,,,decomp/leaf323d1aab/tests/properties.cpp,decomp/evidence/canonical_1000.md,Returns original constant 0x01692D40; frozen-V6 member and locally byte-identical I386 body; CI pending
FUN_00548350,0x00548350,0x00148350,.text,6,FUN_00548350,,ACTIVE,HIGH,true,false,false,false,false,false,false,thiscall,uint32_t,,const void*; observed PE32 leaf contract,UNKNOWN,LeafRecovery,decomp/leaf323d1aab/generated/src/leaves_002.cpp,coordinator,CANONICAL-1000-00548350,,,decomp/leaf323d1aab/tests/properties.cpp,decomp/evidence/canonical_1000.md,Returns original constant 0x01692D88; frozen-V6 member and locally byte-identical I386 body; CI pending
FUN_00548360,0x00548360,0x00148360,.text,6,FUN_00548360,,ACTIVE,HIGH,true,false,false,false,false,false,false,thiscall,uint32_t,,const void*; observed PE32 leaf contract,UNKNOWN,LeafRecovery,decomp/leaf323d1aab/generated/src/leaves_002.cpp,coordinator,CANONICAL-1000-00548360,,,decomp/leaf323d1aab/tests/properties.cpp,decomp/evidence/canonical_1000.md,Returns original constant 0x01692DAC; frozen-V6 member and locally byte-identical I386 body; CI pending
FUN_00548370,0x00548370,0x00148370,.text,6,FUN_00548370,,ACTIVE,HIGH,true,false,false,false,false,false,false,thiscall,uint32_t,,const void*; observed PE32 leaf contract,UNKNOWN,LeafRecovery,decomp/leaf323d1aab/generated/src/leaves_002.cpp,coordinator,CANONICAL-1000-00548370,,,decomp/leaf323d1aab/tests/properties.cpp,decomp/evidence/canonical_1000.md,Returns original constant 0x01692D64; frozen-V6 member and locally byte-identical I386 body; CI pending
FUN_00548380,0x00548380,0x00148380,.text,6,FUN_00548380,,ACTIVE,HIGH,true,false,false,false,false,false,false,thiscall,uint32_t,,const void*; observed PE32 leaf contract,UNKNOWN,LeafRecovery,decomp/leaf323d1aab/generated/src/leaves_002.cpp,coordinator,CANONICAL-1000-00548380,,,decomp/leaf323d1aab/tests/properties.cpp,decomp/evidence/canonical_1000.md,Returns original constant 0x01692CF8; frozen-V6 member and locally byte-identical I386 body; CI pending
FUN_00548390,0x00548390,0x00148390,.text,6,FUN_00548390,,ACTIVE,HIGH,true,false,false,false,false,false,false,thiscall,uint32_t,,const void*; observed PE32 leaf contract,UNKNOWN,LeafRecovery,decomp/leaf323d1aab/generated/src/leaves_002.cpp,coordinator,CANONICAL-1000-00548390,,,decomp/leaf323d1aab/tests/properties.cpp,decomp/evidence/canonical_1000.md,Returns original constant 0x013A601C; frozen-V6 member and locally byte-identical I386 body; CI pending
FUN_005483A0,0x005483A0,0x001483A0,.text,6,FUN_005483A0,,ACTIVE,HIGH,true,false,false,false,false,false,false,thiscall,uint32_t,,const void*; observed PE32 leaf contract,UNKNOWN,LeafRecovery,decomp/leaf323d1aab/generated/src/leaves_002.cpp,coordinator,CANONICAL-1000-005483A0,,,decomp/leaf323d1aab/tests/properties.cpp,decomp/evidence/canonical_1000.md,Returns original constant 0x013A6020; frozen-V6 member and locally byte-identical I386 body; CI pending
FUN_005483B0,0x005483B0,0x001483B0,.text,6,FUN_005483B0,,ACTIVE,HIGH,true,false,false,false,false,false,false,thiscall,uint32_t,,const void*; observed PE32 leaf contract,UNKNOWN,LeafRecovery,decomp/leaf323d1aab/generated/src/leaves_002.cpp,coordinator,CANONICAL-1000-005483B0,,,decomp/leaf323d1aab/tests/properties.cpp,decomp/evidence/canonical_1000.md,Returns original constant 0x01692D1C; frozen-V6 member and locally byte-identical I386 body; CI pending
FUN_005483C0,0x005483C0,0x001483C0,.text,6,FUN_005483C0,,ACTIVE,HIGH,true,false,false,false,false,false,false,thiscall,uint32_t,,const void*; observed PE32 leaf contract,UNKNOWN,LeafRecovery,decomp/leaf323d1aab/generated/src/leaves_002.cpp,coordinator,CANONICAL-1000-005483C0,,,decomp/leaf323d1aab/tests/properties.cpp,decomp/evidence/canonical_1000.md,Returns original constant 0x013A6068; frozen-V6 member and locally byte-identical I386 body; CI pending
FUN_00548F10,0x00548F10,0x00148F10,.text,6,FUN_00548F10,,ACTIVE,HIGH,true,false,false,false,false,false,false,thiscall,uint32_t,,const void*; observed PE32 leaf contract,UNKNOWN,LeafRecovery,decomp/leaf323d1aab/generated/src/leaves_002.cpp,coordinator,CANONICAL-1000-00548F10,,,decomp/leaf323d1aab/tests/properties.cpp,decomp/evidence/canonical_1000.md,Returns original constant 0x01692DD0; frozen-V6 member and locally byte-identical I386 body; CI pending
FUN_00548F20,0x00548F20,0x00148F20,.text,6,FUN_00548F20,,ACTIVE,HIGH,true,false,false,false,false,false,false,thiscall,uint32_t,,const void*; observed PE32 leaf contract,UNKNOWN,LeafRecovery,decomp/leaf323d1aab/generated/src/leaves_002.cpp,coordinator,CANONICAL-1000-00548F20,,,decomp/leaf323d1aab/tests/properties.cpp,decomp/evidence/canonical_1000.md,Returns original constant 0x0137F270; frozen-V6 member and locally byte-identical I386 body; CI pending
FUN_00548F30,0x00548F30,0x00148F30,.text,6,FUN_00548F30,,ACTIVE,HIGH,true,false,false,false,false,false,false,thiscall,uint32_t,,const void*; observed PE32 leaf contract,UNKNOWN,LeafRecovery,decomp/leaf323d1aab/generated/src/leaves_002.cpp,coordinator,CANONICAL-1000-00548F30,,,decomp/leaf323d1aab/tests/properties.cpp,decomp/evidence/canonical_1000.md,Returns original constant 0x01692DF4; frozen-V6 member and locally byte-identical I386 body; CI pending
FUN_00548F40,0x00548F40,0x00148F40,.text,6,FUN_00548F40,,ACTIVE,HIGH,true,false,false,false,false,false,false,thiscall,uint32_t,,const void*; observed PE32 leaf contract,UNKNOWN,LeafRecovery,decomp/leaf323d1aab/generated/src/leaves_002.cpp,coordinator,CANONICAL-1000-00548F40,,,decomp/leaf323d1aab/tests/properties.cpp,decomp/evidence/canonical_1000.md,Returns original constant 0x01692E18; frozen-V6 member and locally byte-identical I386 body; CI pending
FUN_00548F50,0x00548F50,0x00148F50,.text,6,FUN_00548F50,,ACTIVE,HIGH,true,false,false,false,false,false,false,thiscall,uint32_t,,const void*; observed PE32 leaf contract,UNKNOWN,LeafRecovery,decomp/leaf323d1aab/generated/src/leaves_002.cpp,coordinator,CANONICAL-1000-00548F50,,,decomp/leaf323d1aab/tests/properties.cpp,decomp/evidence/canonical_1000.md,Returns original constant 0x013A617C; frozen-V6 member and locally byte-identical I386 body; CI pending
FUN_00549340,0x00549340,0x00149340,.text,6,FUN_00549340,,ACTIVE,HIGH,true,false,false,false,false,false,false,thiscall,uint32_t,,const void*; observed PE32 leaf contract,UNKNOWN,LeafRecovery,decomp/leaf323d1aab/generated/src/leaves_002.cpp,coordinator,CANONICAL-1000-00549340,,,decomp/leaf323d1aab/tests/properties.cpp,decomp/evidence/canonical_1000.md,Returns original constant 0x01692E3C; frozen-V6 member and locally byte-identical I386 body; CI pending
FUN_00549350,0x00549350,0x00149350,.text,6,FUN_00549350,,ACTIVE,HIGH,true,false,false,false,false,false,false,thiscall,uint32_t,,const void*; observed PE32 leaf contract,UNKNOWN,LeafRecovery,decomp/leaf323d1aab/generated/src/leaves_002.cpp,coordinator,CANONICAL-1000-00549350,,,decomp/leaf323d1aab/tests/properties.cpp,decomp/evidence/canonical_1000.md,Returns original constant 0x0137F500; frozen-V6 member and locally byte-identical I386 body; CI pending
FUN_00549360,0x00549360,0x00149360,.text,6,FUN_00549360,,ACTIVE,HIGH,true,false,false,false,false,false,false,thiscall,uint32_t,,const void*; observed PE32 leaf contract,UNKNOWN,LeafRecovery,decomp/leaf323d1aab/generated/src/leaves_002.cpp,coordinator,CANONICAL-1000-00549360,,,decomp/leaf323d1aab/tests/properties.cpp,decomp/evidence/canonical_1000.md,Returns original constant 0x01692E60; frozen-V6 member and locally byte-identical I386 body; CI pending
FUN_00549370,0x00549370,0x00149370,.text,6,FUN_00549370,,ACTIVE,HIGH,true,false,false,false,false,false,false,thiscall,uint32_t,,const void*; observed PE32 leaf contract,UNKNOWN,LeafRecovery,decomp/leaf323d1aab/generated/src/leaves_002.cpp,coordinator,CANONICAL-1000-00549370,,,decomp/leaf323d1aab/tests/properties.cpp,decomp/evidence/canonical_1000.md,Returns original constant 0x013A621C; frozen-V6 member and locally byte-identical I386 body; CI pending
FUN_00549920,0x00549920,0x00149920,.text,6,FUN_00549920,,ACTIVE,HIGH,true,false,false,false,false,false,false,thiscall,uint32_t,,const void*; observed PE32 leaf contract,UNKNOWN,LeafRecovery,decomp/leaf323d1aab/generated/src/leaves_002.cpp,coordinator,CANONICAL-1000-00549920,,,decomp/leaf323d1aab/tests/properties.cpp,decomp/evidence/canonical_1000.md,Returns original constant 0x01692E84; frozen-V6 member and locally byte-identical I386 body; CI pending
FUN_00549930,0x00549930,0x00149930,.text,6,FUN_00549930,,ACTIVE,HIGH,true,false,false,false,false,false,false,thiscall,uint32_t,,const void*; observed PE32 leaf contract,UNKNOWN,LeafRecovery,decomp/leaf323d1aab/generated/src/leaves_002.cpp,coordinator,CANONICAL-1000-00549930,,,decomp/leaf323d1aab/tests/properties.cpp,decomp/evidence/canonical_1000.md,Returns original constant 0x0137F50C; frozen-V6 member and locally byte-identical I386 body; CI pending
FUN_00549940,0x00549940,0x00149940,.text,6,FUN_00549940,,ACTIVE,HIGH,true,false,false,false,false,false,false,thiscall,uint32_t,,const void*; observed PE32 leaf contract,UNKNOWN,LeafRecovery,decomp/leaf323d1aab/generated/src/leaves_002.cpp,coordinator,CANONICAL-1000-00549940,,,decomp/leaf323d1aab/tests/properties.cpp,decomp/evidence/canonical_1000.md,Returns original constant 0x013A62A0; frozen-V6 member and locally byte-identical I386 body; CI pending
FUN_00549950,0x00549950,0x00149950,.text,6,FUN_00549950,,ACTIVE,HIGH,true,false,false,false,false,false,false,thiscall,uint32_t,,const void*; observed PE32 leaf contract,UNKNOWN,LeafRecovery,decomp/leaf323d1aab/generated/src/leaves_002.cpp,coordinator,CANONICAL-1000-00549950,,,decomp/leaf323d1aab/tests/properties.cpp,decomp/evidence/canonical_1000.md,Returns original constant 0x01692EA8; frozen-V6 member and locally byte-identical I386 body; CI pending
FUN_00549960,0x00549960,0x00149960,.text,6,FUN_00549960,,ACTIVE,HIGH,true,false,false,false,false,false,false,thiscall,uint32_t,,const void*; observed PE32 leaf contract,UNKNOWN,LeafRecovery,decomp/leaf323d1aab/generated/src/leaves_002.cpp,coordinator,CANONICAL-1000-00549960,,,decomp/leaf323d1aab/tests/properties.cpp,decomp/evidence/canonical_1000.md,Returns original constant 0x013A62FC; frozen-V6 member and locally byte-identical I386 body; CI pending
FUN_00549970,0x00549970,0x00149970,.text,6,FUN_00549970,,ACTIVE,HIGH,true,false,false,false,false,false,false,thiscall,uint32_t,,const void*; observed PE32 leaf contract,UNKNOWN,LeafRecovery,decomp/leaf323d1aab/generated/src/leaves_002.cpp,coordinator,CANONICAL-1000-00549970,,,decomp/leaf323d1aab/tests/properties.cpp,decomp/evidence/canonical_1000.md,Returns original constant 0x013A6304; frozen-V6 member and locally byte-identical I386 body; CI pending
FUN_0054A500,0x0054A500,0x0014A500,.text,6,FUN_0054A500,,ACTIVE,HIGH,true,false,false,false,false,false,false,thiscall,uint32_t,,const void*; observed PE32 leaf contract,UNKNOWN,LeafRecovery,decomp/leaf323d1aab/generated/src/leaves_002.cpp,coordinator,CANONICAL-1000-0054A500,,,decomp/leaf323d1aab/tests/properties.cpp,decomp/evidence/canonical_1000.md,Returns original constant 0x01692EF0; frozen-V6 member and locally byte-identical I386 body; CI pending
FUN_0054A5B0,0x0054A5B0,0x0014A5B0,.text,6,FUN_0054A5B0,,ACTIVE,HIGH,true,false,false,false,false,false,false,thiscall,uint32_t,,const void*; observed PE32 leaf contract,UNKNOWN,LeafRecovery,decomp/leaf323d1aab/generated/src/leaves_002.cpp,coordinator,CANONICAL-1000-0054A5B0,,,decomp/leaf323d1aab/tests/properties.cpp,decomp/evidence/canonical_1000.md,Returns original constant 0x01692F14; frozen-V6 member and locally byte-identical I386 body; CI pending
FUN_0054A5C0,0x0054A5C0,0x0014A5C0,.text,6,FUN_0054A5C0,,ACTIVE,HIGH,true,false,false,false,false,false,false,thiscall,uint32_t,,const void*; observed PE32 leaf contract,UNKNOWN,LeafRecovery,decomp/leaf323d1aab/generated/src/leaves_002.cpp,coordinator,CANONICAL-1000-0054A5C0,,,decomp/leaf323d1aab/tests/properties.cpp,decomp/evidence/canonical_1000.md,Returns original constant 0x0137F5B0; frozen-V6 member and locally byte-identical I386 body; CI pending
FUN_0054A5D0,0x0054A5D0,0x0014A5D0,.text,6,FUN_0054A5D0,,ACTIVE,HIGH,true,false,false,false,false,false,false,thiscall,uint32_t,,const void*; observed PE32 leaf contract,UNKNOWN,LeafRecovery,decomp/leaf323d1aab/generated/src/leaves_002.cpp,coordinator,CANONICAL-1000-0054A5D0,,,decomp/leaf323d1aab/tests/properties.cpp,decomp/evidence/canonical_1000.md,Returns original constant 0x013A63C0; frozen-V6 member and locally byte-identical I386 body; CI pending
FUN_0054A700,0x0054A700,0x0014A700,.text,6,FUN_0054A700,,ACTIVE,HIGH,true,false,false,false,false,false,false,thiscall,uint32_t,,const void*; observed PE32 leaf contract,UNKNOWN,LeafRecovery,decomp/leaf323d1aab/generated/src/leaves_002.cpp,coordinator,CANONICAL-1000-0054A700,,,decomp/leaf323d1aab/tests/properties.cpp,decomp/evidence/canonical_1000.md,Returns original constant 0x01692F38; frozen-V6 member and locally byte-identical I386 body; CI pending
FUN_0054A710,0x0054A710,0x0014A710,.text,6,FUN_0054A710,,ACTIVE,HIGH,true,false,false,false,false,false,false,thiscall,uint32_t,,const void*; observed PE32 leaf contract,UNKNOWN,LeafRecovery,decomp/leaf323d1aab/generated/src/leaves_002.cpp,coordinator,CANONICAL-1000-0054A710,,,decomp/leaf323d1aab/tests/properties.cpp,decomp/evidence/canonical_1000.md,Returns original constant 0x013A640C; frozen-V6 member and locally byte-identical I386 body; CI pending
FUN_0054A720,0x0054A720,0x0014A720,.text,6,FUN_0054A720,,ACTIVE,HIGH,true,false,false,false,false,false,false,thiscall,uint32_t,,const void*; observed PE32 leaf contract,UNKNOWN,LeafRecovery,decomp/leaf323d1aab/generated/src/leaves_002.cpp,coordinator,CANONICAL-1000-0054A720,,,decomp/leaf323d1aab/tests/properties.cpp,decomp/evidence/canonical_1000.md,Returns original constant 0x01692F5C; frozen-V6 member and locally byte-identical I386 body; CI pending
FUN_0054A7B0,0x0054A7B0,0x0014A7B0,.text,6,FUN_0054A7B0,,ACTIVE,HIGH,true,false,false,false,false,false,false,thiscall,uint32_t,,const void*; observed PE32 leaf contract,UNKNOWN,LeafRecovery,decomp/leaf323d1aab/generated/src/leaves_002.cpp,coordinator,CANONICAL-1000-0054A7B0,,,decomp/leaf323d1aab/tests/properties.cpp,decomp/evidence/canonical_1000.md,Returns original constant 0x01692F80; frozen-V6 member and locally byte-identical I386 body; CI pending
FUN_0054A7C0,0x0054A7C0,0x0014A7C0,.text,6,FUN_0054A7C0,,ACTIVE,HIGH,true,false,false,false,false,false,false,thiscall,uint32_t,,const void*; observed PE32 leaf contract,UNKNOWN,LeafRecovery,decomp/leaf323d1aab/generated/src/leaves_002.cpp,coordinator,CANONICAL-1000-0054A7C0,,,decomp/leaf323d1aab/tests/properties.cpp,decomp/evidence/canonical_1000.md,Returns original constant 0x0137F5AC; frozen-V6 member and locally byte-identical I386 body; CI pending
FUN_0054A7D0,0x0054A7D0,0x0014A7D0,.text,6,FUN_0054A7D0,,ACTIVE,HIGH,true,false,false,false,false,false,false,thiscall,uint32_t,,const void*; observed PE32 leaf contract,UNKNOWN,LeafRecovery,decomp/leaf323d1aab/generated/src/leaves_002.cpp,coordinator,CANONICAL-1000-0054A7D0,,,decomp/leaf323d1aab/tests/properties.cpp,decomp/evidence/canonical_1000.md,Returns original constant 0x013A6460; frozen-V6 member and locally byte-identical I386 body; CI pending
FUN_0054A870,0x0054A870,0x0014A870,.text,6,FUN_0054A870,,ACTIVE,HIGH,true,false,false,false,false,false,false,thiscall,uint32_t,,const void*; observed PE32 leaf contract,UNKNOWN,LeafRecovery,decomp/leaf323d1aab/generated/src/leaves_002.cpp,coordinator,CANONICAL-1000-0054A870,,,decomp/leaf323d1aab/tests/properties.cpp,decomp/evidence/canonical_1000.md,Returns original constant 0x01692FA4; frozen-V6 member and locally byte-identical I386 body; CI pending
FUN_0054A880,0x0054A880,0x0014A880,.text,6,FUN_0054A880,,ACTIVE,HIGH,true,false,false,false,false,false,false,thiscall,uint32_t,,const void*; observed PE32 leaf contract,UNKNOWN,LeafRecovery,decomp/leaf323d1aab/generated/src/leaves_002.cpp,coordinator,CANONICAL-1000-0054A880,,,decomp/leaf323d1aab/tests/properties.cpp,decomp/evidence/canonical_1000.md,Returns original constant 0x013A64B0; frozen-V6 member and locally byte-identical I386 body; CI pending
FUN_0054A890,0x0054A890,0x0014A890,.text,6,FUN_0054A890,,ACTIVE,HIGH,true,false,false,false,false,false,false,thiscall,uint32_t,,const void*; observed PE32 leaf contract,UNKNOWN,LeafRecovery,decomp/leaf323d1aab/generated/src/leaves_002.cpp,coordinator,CANONICAL-1000-0054A890,,,decomp/leaf323d1aab/tests/properties.cpp,decomp/evidence/canonical_1000.md,Returns original constant 0x01692ECC; frozen-V6 member and locally byte-identical I386 body; CI pending
FUN_0054AD80,0x0054AD80,0x0014AD80,.text,6,FUN_0054AD80,,ACTIVE,HIGH,true,false,false,false,false,false,false,thiscall,uint32_t,,const void*; observed PE32 leaf contract,UNKNOWN,LeafRecovery,decomp/leaf323d1aab/generated/src/leaves_002.cpp,coordinator,CANONICAL-1000-0054AD80,,,decomp/leaf323d1aab/tests/properties.cpp,decomp/evidence/canonical_1000.md,Returns original constant 0x01692FC8; frozen-V6 member and locally byte-identical I386 body; CI pending
FUN_0054AD90,0x0054AD90,0x0014AD90,.text,6,FUN_0054AD90,,ACTIVE,HIGH,true,false,false,false,false,false,false,thiscall,uint32_t,,const void*; observed PE32 leaf contract,UNKNOWN,LeafRecovery,decomp/leaf323d1aab/generated/src/leaves_002.cpp,coordinator,CANONICAL-1000-0054AD90,,,decomp/leaf323d1aab/tests/properties.cpp,decomp/evidence/canonical_1000.md,Returns original constant 0x013A6590; frozen-V6 member and locally byte-identical I386 body; CI pending
FUN_0054ADA0,0x0054ADA0,0x0014ADA0,.text,6,FUN_0054ADA0,,ACTIVE,HIGH,true,false,false,false,false,false,false,thiscall,uint32_t,,const void*; observed PE32 leaf contract,UNKNOWN,LeafRecovery,decomp/leaf323d1aab/generated/src/leaves_002.cpp,coordinator,CANONICAL-1000-0054ADA0,,,decomp/leaf323d1aab/tests/properties.cpp,decomp/evidence/canonical_1000.md,Returns original constant 0x01692FEC; frozen-V6 member and locally byte-identical I386 body; CI pending
FUN_0054B140,0x0054B140,0x0014B140,.text,7,FUN_0054B140,,ACTIVE,HIGH,true,false,false,false,false,false,false,thiscall,uint32_t,,const void*; observed PE32 leaf contract,UNKNOWN,LeafRecovery,decomp/leaf323d1aab/generated/src/leaves_002.cpp,coordinator,CANONICAL-1000-0054B140,,,decomp/leaf323d1aab/tests/properties.cpp,decomp/evidence/canonical_1000.md,Unsigned 32-bit load at this+0x84; frozen-V6 member and locally byte-identical I386 body; CI pending
FUN_0055C1E0,0x0055C1E0,0x0015C1E0,.text,6,FUN_0055C1E0,,ACTIVE,HIGH,true,false,false,false,false,false,false,thiscall,uint32_t,,const void*; observed PE32 leaf contract,UNKNOWN,LeafRecovery,decomp/leaf323d1aab/generated/src/leaves_002.cpp,coordinator,CANONICAL-1000-0055C1E0,,,decomp/leaf323d1aab/tests/properties.cpp,decomp/evidence/canonical_1000.md,Returns original constant 0x01693010; frozen-V6 member and locally byte-identical I386 body; CI pending
FUN_0055C1F0,0x0055C1F0,0x0015C1F0,.text,6,FUN_0055C1F0,,ACTIVE,HIGH,true,false,false,false,false,false,false,thiscall,uint32_t,,const void*; observed PE32 leaf contract,UNKNOWN,LeafRecovery,decomp/leaf323d1aab/generated/src/leaves_002.cpp,coordinator,CANONICAL-1000-0055C1F0,,,decomp/leaf323d1aab/tests/properties.cpp,decomp/evidence/canonical_1000.md,Returns original constant 0x01693058; frozen-V6 member and locally byte-identical I386 body; CI pending
FUN_0055C200,0x0055C200,0x0015C200,.text,6,FUN_0055C200,,ACTIVE,HIGH,true,false,false,false,false,false,false,thiscall,uint32_t,,const void*; observed PE32 leaf contract,UNKNOWN,LeafRecovery,decomp/leaf323d1aab/generated/src/leaves_002.cpp,coordinator,CANONICAL-1000-0055C200,,,decomp/leaf323d1aab/tests/properties.cpp,decomp/evidence/canonical_1000.md,Returns original constant 0x0137F5C8; frozen-V6 member and locally byte-identical I386 body; CI pending
FUN_0055C280,0x0055C280,0x0015C280,.text,6,FUN_0055C280,,ACTIVE,HIGH,true,false,false,false,false,false,false,thiscall,uint32_t,,const void*; observed PE32 leaf contract,UNKNOWN,LeafRecovery,decomp/leaf323d1aab/generated/src/leaves_002.cpp,coordinator,CANONICAL-1000-0055C280,,,decomp/leaf323d1aab/tests/properties.cpp,decomp/evidence/canonical_1000.md,Returns original constant 0x0169307C; frozen-V6 member and locally byte-identical I386 body; CI pending
FUN_0055C290,0x0055C290,0x0015C290,.text,6,FUN_0055C290,,ACTIVE,HIGH,true,false,false,false,false,false,false,thiscall,uint32_t,,const void*; observed PE32 leaf contract,UNKNOWN,LeafRecovery,decomp/leaf323d1aab/generated/src/leaves_002.cpp,coordinator,CANONICAL-1000-0055C290,,,decomp/leaf323d1aab/tests/properties.cpp,decomp/evidence/canonical_1000.md,Returns original constant 0x016930A0; frozen-V6 member and locally byte-identical I386 body; CI pending
FUN_0055C2A0,0x0055C2A0,0x0015C2A0,.text,6,FUN_0055C2A0,,ACTIVE,HIGH,true,false,false,false,false,false,false,thiscall,uint32_t,,const void*; observed PE32 leaf contract,UNKNOWN,LeafRecovery,decomp/leaf323d1aab/generated/src/leaves_002.cpp,coordinator,CANONICAL-1000-0055C2A0,,,decomp/leaf323d1aab/tests/properties.cpp,decomp/evidence/canonical_1000.md,Returns original constant 0x013A674C; frozen-V6 member and locally byte-identical I386 body; CI pending
FUN_0055C4A0,0x0055C4A0,0x0015C4A0,.text,6,FUN_0055C4A0,,ACTIVE,HIGH,true,false,false,false,false,false,false,thiscall,uint32_t,,const void*; observed PE32 leaf contract,UNKNOWN,LeafRecovery,decomp/leaf323d1aab/generated/src/leaves_002.cpp,coordinator,CANONICAL-1000-0055C4A0,,,decomp/leaf323d1aab/tests/properties.cpp,decomp/evidence/canonical_1000.md,Returns original constant 0x016930E8; frozen-V6 member and locally byte-identical I386 body; CI pending
FUN_0055C4B0,0x0055C4B0,0x0015C4B0,.text,6,FUN_0055C4B0,,ACTIVE,HIGH,true,false,false,false,false,false,false,thiscall,uint32_t,,const void*; observed PE32 leaf contract,UNKNOWN,LeafRecovery,decomp/leaf323d1aab/generated/src/leaves_002.cpp,coordinator,CANONICAL-1000-0055C4B0,,,decomp/leaf323d1aab/tests/properties.cpp,decomp/evidence/canonical_1000.md,Returns original constant 0x0169310C; frozen-V6 member and locally byte-identical I386 body; CI pending
FUN_0055C7F0,0x0055C7F0,0x0015C7F0,.text,6,FUN_0055C7F0,,ACTIVE,HIGH,true,false,false,false,false,false,false,thiscall,uint32_t,,const void*; observed PE32 leaf contract,UNKNOWN,LeafRecovery,decomp/leaf323d1aab/generated/src/leaves_002.cpp,coordinator,CANONICAL-1000-0055C7F0,,,decomp/leaf323d1aab/tests/properties.cpp,decomp/evidence/canonical_1000.md,Returns original constant 0x016930C4; frozen-V6 member and locally byte-identical I386 body; CI pending
FUN_0055C800,0x0055C800,0x0015C800,.text,6,FUN_0055C800,,ACTIVE,HIGH,true,false,false,false,false,false,false,thiscall,uint32_t,,const void*; observed PE32 leaf contract,UNKNOWN,LeafRecovery,decomp/leaf323d1aab/generated/src/leaves_002.cpp,coordinator,CANONICAL-1000-0055C800,,,decomp/leaf323d1aab/tests/properties.cpp,decomp/evidence/canonical_1000.md,Returns original constant 0x013A6860; frozen-V6 member and locally byte-identical I386 body; CI pending
FUN_0055C810,0x0055C810,0x0015C810,.text,6,FUN_0055C810,,ACTIVE,HIGH,true,false,false,false,false,false,false,thiscall,uint32_t,,const void*; observed PE32 leaf contract,UNKNOWN,LeafRecovery,decomp/leaf323d1aab/generated/src/leaves_002.cpp,coordinator,CANONICAL-1000-0055C810,,,decomp/leaf323d1aab/tests/properties.cpp,decomp/evidence/canonical_1000.md,Returns original constant 0x01693130; frozen-V6 member and locally byte-identical I386 body; CI pending
FUN_0055C8F0,0x0055C8F0,0x0015C8F0,.text,6,FUN_0055C8F0,,ACTIVE,HIGH,true,false,false,false,false,false,false,thiscall,uint32_t,,const void*; observed PE32 leaf contract,UNKNOWN,LeafRecovery,decomp/leaf323d1aab/generated/src/leaves_002.cpp,coordinator,CANONICAL-1000-0055C8F0,,,decomp/leaf323d1aab/tests/properties.cpp,decomp/evidence/canonical_1000.md,Returns original constant 0x01693178; frozen-V6 member and locally byte-identical I386 body; CI pending
FUN_0055C900,0x0055C900,0x0015C900,.text,6,FUN_0055C900,,ACTIVE,HIGH,true,false,false,false,false,false,false,thiscall,uint32_t,,const void*; observed PE32 leaf contract,UNKNOWN,LeafRecovery,decomp/leaf323d1aab/generated/src/leaves_002.cpp,coordinator,CANONICAL-1000-0055C900,,,decomp/leaf323d1aab/tests/properties.cpp,decomp/evidence/canonical_1000.md,Returns original constant 0x01380628; frozen-V6 member and locally byte-identical I386 body; CI pending
FUN_0055D030,0x0055D030,0x0015D030,.text,6,FUN_0055D030,,ACTIVE,HIGH,true,false,false,false,false,false,false,thiscall,uint32_t,,const void*; observed PE32 leaf contract,UNKNOWN,LeafRecovery,decomp/leaf323d1aab/generated/src/leaves_002.cpp,coordinator,CANONICAL-1000-0055D030,,,decomp/leaf323d1aab/tests/properties.cpp,decomp/evidence/canonical_1000.md,Returns original constant 0x0169319C; frozen-V6 member and locally byte-identical I386 body; CI pending
FUN_0055D050,0x0055D050,0x0015D050,.text,6,FUN_0055D050,,ACTIVE,HIGH,true,false,false,false,false,false,false,thiscall,uint32_t,,const void*; observed PE32 leaf contract,UNKNOWN,LeafRecovery,decomp/leaf323d1aab/generated/src/leaves_002.cpp,coordinator,CANONICAL-1000-0055D050,,,decomp/leaf323d1aab/tests/properties.cpp,decomp/evidence/canonical_1000.md,Returns original constant 0x013A6B90; frozen-V6 member and locally byte-identical I386 body; CI pending
FUN_0055D060,0x0055D060,0x0015D060,.text,6,FUN_0055D060,,ACTIVE,HIGH,true,false,false,false,false,false,false,thiscall,uint32_t,,const void*; observed PE32 leaf contract,UNKNOWN,LeafRecovery,decomp/leaf323d1aab/generated/src/leaves_002.cpp,coordinator,CANONICAL-1000-0055D060,,,decomp/leaf323d1aab/tests/properties.cpp,decomp/evidence/canonical_1000.md,Returns original constant 0x01693154; frozen-V6 member and locally byte-identical I386 body; CI pending
FUN_0055E910,0x0055E910,0x0015E910,.text,6,FUN_0055E910,,ACTIVE,HIGH,true,false,false,false,false,false,false,thiscall,uint32_t,,const void*; observed PE32 leaf contract,UNKNOWN,LeafRecovery,decomp/leaf323d1aab/generated/src/leaves_002.cpp,coordinator,CANONICAL-1000-0055E910,,,decomp/leaf323d1aab/tests/properties.cpp,decomp/evidence/canonical_1000.md,Returns original constant 0x01693274; frozen-V6 member and locally byte-identical I386 body; CI pending
FUN_0055E920,0x0055E920,0x0015E920,.text,6,FUN_0055E920,,ACTIVE,HIGH,true,false,false,false,false,false,false,thiscall,uint32_t,,const void*; observed PE32 leaf contract,UNKNOWN,LeafRecovery,decomp/leaf323d1aab/generated/src/leaves_002.cpp,coordinator,CANONICAL-1000-0055E920,,,decomp/leaf323d1aab/tests/properties.cpp,decomp/evidence/canonical_1000.md,Returns original constant 0x016931C0; frozen-V6 member and locally byte-identical I386 body; CI pending
FUN_0055E930,0x0055E930,0x0015E930,.text,6,FUN_0055E930,,ACTIVE,HIGH,true,false,false,false,false,false,false,thiscall,uint32_t,,const void*; observed PE32 leaf contract,UNKNOWN,LeafRecovery,decomp/leaf323d1aab/generated/src/leaves_002.cpp,coordinator,CANONICAL-1000-0055E930,,,decomp/leaf323d1aab/tests/properties.cpp,decomp/evidence/canonical_1000.md,Returns original constant 0x013A6C98; frozen-V6 member and locally byte-identical I386 body; CI pending
FUN_0055E940,0x0055E940,0x0015E940,.text,6,FUN_0055E940,,ACTIVE,HIGH,true,false,false,false,false,false,false,thiscall,uint32_t,,const void*; observed PE32 leaf contract,UNKNOWN,LeafRecovery,decomp/leaf323d1aab/generated/src/leaves_002.cpp,coordinator,CANONICAL-1000-0055E940,,,decomp/leaf323d1aab/tests/properties.cpp,decomp/evidence/canonical_1000.md,Returns original constant 0x013A6C9C; frozen-V6 member and locally byte-identical I386 body; CI pending
FUN_0055E950,0x0055E950,0x0015E950,.text,6,FUN_0055E950,,ACTIVE,HIGH,true,false,false,false,false,false,false,thiscall,uint32_t,,const void*; observed PE32 leaf contract,UNKNOWN,LeafRecovery,decomp/leaf323d1aab/generated/src/leaves_002.cpp,coordinator,CANONICAL-1000-0055E950,,,decomp/leaf323d1aab/tests/properties.cpp,decomp/evidence/canonical_1000.md,Returns original constant 0x01693208; frozen-V6 member and locally byte-identical I386 body; CI pending
FUN_0055E960,0x0055E960,0x0015E960,.text,6,FUN_0055E960,,ACTIVE,HIGH,true,false,false,false,false,false,false,thiscall,uint32_t,,const void*; observed PE32 leaf contract,UNKNOWN,LeafRecovery,decomp/leaf323d1aab/generated/src/leaves_002.cpp,coordinator,CANONICAL-1000-0055E960,,,decomp/leaf323d1aab/tests/properties.cpp,decomp/evidence/canonical_1000.md,Returns original constant 0x016931E4; frozen-V6 member and locally byte-identical I386 body; CI pending
FUN_0055E970,0x0055E970,0x0015E970,.text,6,FUN_0055E970,,ACTIVE,HIGH,true,false,false,false,false,false,false,thiscall,uint32_t,,const void*; observed PE32 leaf contract,UNKNOWN,LeafRecovery,decomp/leaf323d1aab/generated/src/leaves_002.cpp,coordinator,CANONICAL-1000-0055E970,,,decomp/leaf323d1aab/tests/properties.cpp,decomp/evidence/canonical_1000.md,Returns original constant 0x013A6D14; frozen-V6 member and locally byte-identical I386 body; CI pending
FUN_0055E9C0,0x0055E9C0,0x0015E9C0,.text,6,FUN_0055E9C0,,ACTIVE,HIGH,true,false,false,false,false,false,false,thiscall,uint32_t,,const void*; observed PE32 leaf contract,UNKNOWN,LeafRecovery,decomp/leaf323d1aab/generated/src/leaves_002.cpp,coordinator,CANONICAL-1000-0055E9C0,,,decomp/leaf323d1aab/tests/properties.cpp,decomp/evidence/canonical_1000.md,Returns original constant 0x01693250; frozen-V6 member and locally byte-identical I386 body; CI pending
FUN_0055E9D0,0x0055E9D0,0x0015E9D0,.text,6,FUN_0055E9D0,,ACTIVE,HIGH,true,false,false,false,false,false,false,thiscall,uint32_t,,const void*; observed PE32 leaf contract,UNKNOWN,LeafRecovery,decomp/leaf323d1aab/generated/src/leaves_002.cpp,coordinator,CANONICAL-1000-0055E9D0,,,decomp/leaf323d1aab/tests/properties.cpp,decomp/evidence/canonical_1000.md,Returns original constant 0x013A6DCC; frozen-V6 member and locally byte-identical I386 body; CI pending
FUN_0055E9E0,0x0055E9E0,0x0015E9E0,.text,6,FUN_0055E9E0,,ACTIVE,HIGH,true,false,false,false,false,false,false,thiscall,uint32_t,,const void*; observed PE32 leaf contract,UNKNOWN,LeafRecovery,decomp/leaf323d1aab/generated/src/leaves_002.cpp,coordinator,CANONICAL-1000-0055E9E0,,,decomp/leaf323d1aab/tests/properties.cpp,decomp/evidence/canonical_1000.md,Returns original constant 0x013A6DD0; frozen-V6 member and locally byte-identical I386 body; CI pending
FUN_0055EB20,0x0055EB20,0x0015EB20,.text,6,FUN_0055EB20,,ACTIVE,HIGH,true,false,false,false,false,false,false,thiscall,uint32_t,,const void*; observed PE32 leaf contract,UNKNOWN,LeafRecovery,decomp/leaf323d1aab/generated/src/leaves_002.cpp,coordinator,CANONICAL-1000-0055EB20,,,decomp/leaf323d1aab/tests/properties.cpp,decomp/evidence/canonical_1000.md,Returns original constant 0x01693298; frozen-V6 member and locally byte-identical I386 body; CI pending
FUN_0055EB30,0x0055EB30,0x0015EB30,.text,6,FUN_0055EB30,,ACTIVE,HIGH,true,false,false,false,false,false,false,thiscall,uint32_t,,const void*; observed PE32 leaf contract,UNKNOWN,LeafRecovery,decomp/leaf323d1aab/generated/src/leaves_002.cpp,coordinator,CANONICAL-1000-0055EB30,,,decomp/leaf323d1aab/tests/properties.cpp,decomp/evidence/canonical_1000.md,Returns original constant 0x013A6E3C; frozen-V6 member and locally byte-identical I386 body; CI pending
FUN_0055FA10,0x0055FA10,0x0015FA10,.text,6,FUN_0055FA10,,ACTIVE,HIGH,true,false,false,false,false,false,false,thiscall,uint32_t,,const void*; observed PE32 leaf contract,UNKNOWN,LeafRecovery,decomp/leaf323d1aab/generated/src/leaves_002.cpp,coordinator,CANONICAL-1000-0055FA10,,,decomp/leaf323d1aab/tests/properties.cpp,decomp/evidence/canonical_1000.md,Returns original constant 0x01693304; frozen-V6 member and locally byte-identical I386 body; CI pending
FUN_0055FA20,0x0055FA20,0x0015FA20,.text,6,FUN_0055FA20,,ACTIVE,HIGH,true,false,false,false,false,false,false,thiscall,uint32_t,,const void*; observed PE32 leaf contract,UNKNOWN,LeafRecovery,decomp/leaf323d1aab/generated/src/leaves_002.cpp,coordinator,CANONICAL-1000-0055FA20,,,decomp/leaf323d1aab/tests/properties.cpp,decomp/evidence/canonical_1000.md,Returns original constant 0x016932BC; frozen-V6 member and locally byte-identical I386 body; CI pending
FUN_0055FA30,0x0055FA30,0x0015FA30,.text,6,FUN_0055FA30,,ACTIVE,HIGH,true,false,false,false,false,false,false,thiscall,uint32_t,,const void*; observed PE32 leaf contract,UNKNOWN,LeafRecovery,decomp/leaf323d1aab/generated/src/leaves_002.cpp,coordinator,CANONICAL-1000-0055FA30,,,decomp/leaf323d1aab/tests/properties.cpp,decomp/evidence/canonical_1000.md,Returns original constant 0x013A6F34; frozen-V6 member and locally byte-identical I386 body; CI pending
FUN_0055FA40,0x0055FA40,0x0015FA40,.text,6,FUN_0055FA40,,ACTIVE,HIGH,true,false,false,false,false,false,false,thiscall,uint32_t,,const void*; observed PE32 leaf contract,UNKNOWN,LeafRecovery,decomp/leaf323d1aab/generated/src/leaves_002.cpp,coordinator,CANONICAL-1000-0055FA40,,,decomp/leaf323d1aab/tests/properties.cpp,decomp/evidence/canonical_1000.md,Returns original constant 0x013A6F38; frozen-V6 member and locally byte-identical I386 body; CI pending
FUN_0055FA50,0x0055FA50,0x0015FA50,.text,6,FUN_0055FA50,,ACTIVE,HIGH,true,false,false,false,false,false,false,thiscall,uint32_t,,const void*; observed PE32 leaf contract,UNKNOWN,LeafRecovery,decomp/leaf323d1aab/generated/src/leaves_002.cpp,coordinator,CANONICAL-1000-0055FA50,,,decomp/leaf323d1aab/tests/properties.cpp,decomp/evidence/canonical_1000.md,Returns original constant 0x016932E0; frozen-V6 member and locally byte-identical I386 body; CI pending
FUN_0055FA60,0x0055FA60,0x0015FA60,.text,6,FUN_0055FA60,,ACTIVE,HIGH,true,false,false,false,false,false,false,thiscall,uint32_t,,const void*; observed PE32 leaf contract,UNKNOWN,LeafRecovery,decomp/leaf323d1aab/generated/src/leaves_002.cpp,coordinator,CANONICAL-1000-0055FA60,,,decomp/leaf323d1aab/tests/properties.cpp,decomp/evidence/canonical_1000.md,Returns original constant 0x013A6F7C; frozen-V6 member and locally byte-identical I386 body; CI pending
FUN_0055FA70,0x0055FA70,0x0015FA70,.text,6,FUN_0055FA70,,ACTIVE,HIGH,true,false,false,false,false,false,false,thiscall,uint32_t,,const void*; observed PE32 leaf contract,UNKNOWN,LeafRecovery,decomp/leaf323d1aab/generated/src/leaves_002.cpp,coordinator,CANONICAL-1000-0055FA70,,,decomp/leaf323d1aab/tests/properties.cpp,decomp/evidence/canonical_1000.md,Returns original constant 0x013A6F84; frozen-V6 member and locally byte-identical I386 body; CI pending
FUN_00560350,0x00560350,0x00160350,.text,6,FUN_00560350,,ACTIVE,HIGH,true,false,false,false,false,false,false,thiscall,uint32_t,,const void*; observed PE32 leaf contract,UNKNOWN,LeafRecovery,decomp/leaf323d1aab/generated/src/leaves_002.cpp,coordinator,CANONICAL-1000-00560350,,,decomp/leaf323d1aab/tests/properties.cpp,decomp/evidence/canonical_1000.md,Returns original constant 0x0169334C; frozen-V6 member and locally byte-identical I386 body; CI pending
FUN_00560360,0x00560360,0x00160360,.text,6,FUN_00560360,,ACTIVE,HIGH,true,false,false,false,false,false,false,thiscall,uint32_t,,const void*; observed PE32 leaf contract,UNKNOWN,LeafRecovery,decomp/leaf323d1aab/generated/src/leaves_002.cpp,coordinator,CANONICAL-1000-00560360,,,decomp/leaf323d1aab/tests/properties.cpp,decomp/evidence/canonical_1000.md,Returns original constant 0x01693328; frozen-V6 member and locally byte-identical I386 body; CI pending
FUN_00560370,0x00560370,0x00160370,.text,6,FUN_00560370,,ACTIVE,HIGH,true,false,false,false,false,false,false,thiscall,uint32_t,,const void*; observed PE32 leaf contract,UNKNOWN,LeafRecovery,decomp/leaf323d1aab/generated/src/leaves_002.cpp,coordinator,CANONICAL-1000-00560370,,,decomp/leaf323d1aab/tests/properties.cpp,decomp/evidence/canonical_1000.md,Returns original constant 0x0137F5C0; frozen-V6 member and locally byte-identical I386 body; CI pending
FUN_00560380,0x00560380,0x00160380,.text,6,FUN_00560380,,ACTIVE,HIGH,true,false,false,false,false,false,false,thiscall,uint32_t,,const void*; observed PE32 leaf contract,UNKNOWN,LeafRecovery,decomp/leaf323d1aab/generated/src/leaves_002.cpp,coordinator,CANONICAL-1000-00560380,,,decomp/leaf323d1aab/tests/properties.cpp,decomp/evidence/canonical_1000.md,Returns original constant 0x0137CCB4; frozen-V6 member and locally byte-identical I386 body; CI pending
FUN_00560390,0x00560390,0x00160390,.text,6,FUN_00560390,,ACTIVE,HIGH,true,false,false,false,false,false,false,thiscall,uint32_t,,const void*; observed PE32 leaf contract,UNKNOWN,LeafRecovery,decomp/leaf323d1aab/generated/src/leaves_002.cpp,coordinator,CANONICAL-1000-00560390,,,decomp/leaf323d1aab/tests/properties.cpp,decomp/evidence/canonical_1000.md,Returns original constant 0x01693370; frozen-V6 member and locally byte-identical I386 body; CI pending
FUN_005603A0,0x005603A0,0x001603A0,.text,6,FUN_005603A0,,ACTIVE,HIGH,true,false,false,false,false,false,false,thiscall,uint32_t,,const void*; observed PE32 leaf contract,UNKNOWN,LeafRecovery,decomp/leaf323d1aab/generated/src/leaves_002.cpp,coordinator,CANONICAL-1000-005603A0,,,decomp/leaf323d1aab/tests/properties.cpp,decomp/evidence/canonical_1000.md,Returns original constant 0x013A7084; frozen-V6 member and locally byte-identical I386 body; CI pending
FUN_005603B0,0x005603B0,0x001603B0,.text,6,FUN_005603B0,,ACTIVE,HIGH,true,false,false,false,false,false,false,thiscall,uint32_t,,const void*; observed PE32 leaf contract,UNKNOWN,LeafRecovery,decomp/leaf323d1aab/generated/src/leaves_002.cpp,coordinator,CANONICAL-1000-005603B0,,,decomp/leaf323d1aab/tests/properties.cpp,decomp/evidence/canonical_1000.md,Returns original constant 0x013A708C; frozen-V6 member and locally byte-identical I386 body; CI pending
FUN_00560C00,0x00560C00,0x00160C00,.text,6,FUN_00560C00,,ACTIVE,HIGH,true,false,false,false,false,false,false,thiscall,uint32_t,,const void*; observed PE32 leaf contract,UNKNOWN,LeafRecovery,decomp/leaf323d1aab/generated/src/leaves_002.cpp,coordinator,CANONICAL-1000-00560C00,,,decomp/leaf323d1aab/tests/properties.cpp,decomp/evidence/canonical_1000.md,Returns original constant 0x016933DC; frozen-V6 member and locally byte-identical I386 body; CI pending
FUN_00560C60,0x00560C60,0x00160C60,.text,6,FUN_00560C60,,ACTIVE,HIGH,true,false,false,false,false,false,false,thiscall,uint32_t,,const void*; observed PE32 leaf contract,UNKNOWN,LeafRecovery,decomp/leaf323d1aab/generated/src/leaves_002.cpp,coordinator,CANONICAL-1000-00560C60,,,decomp/leaf323d1aab/tests/properties.cpp,decomp/evidence/canonical_1000.md,Returns original constant 0x01693394; frozen-V6 member and locally byte-identical I386 body; CI pending
FUN_00560CC0,0x00560CC0,0x00160CC0,.text,6,FUN_00560CC0,,ACTIVE,HIGH,true,false,false,false,false,false,false,thiscall,uint32_t,,const void*; observed PE32 leaf contract,UNKNOWN,LeafRecovery,decomp/leaf323d1aab/generated/src/leaves_002.cpp,coordinator,CANONICAL-1000-00560CC0,,,decomp/leaf323d1aab/tests/properties.cpp,decomp/evidence/canonical_1000.md,Returns original constant 0x01693400; frozen-V6 member and locally byte-identical I386 body; CI pending
FUN_00560CD0,0x00560CD0,0x00160CD0,.text,6,FUN_00560CD0,,ACTIVE,HIGH,true,false,false,false,false,false,false,thiscall,uint32_t,,const void*; observed PE32 leaf contract,UNKNOWN,LeafRecovery,decomp/leaf323d1aab/generated/src/leaves_002.cpp,coordinator,CANONICAL-1000-00560CD0,,,decomp/leaf323d1aab/tests/properties.cpp,decomp/evidence/canonical_1000.md,Returns original constant 0x0137F494; frozen-V6 member and locally byte-identical I386 body; CI pending
FUN_00560CE0,0x00560CE0,0x00160CE0,.text,6,FUN_00560CE0,,ACTIVE,HIGH,true,false,false,false,false,false,false,thiscall,uint32_t,,const void*; observed PE32 leaf contract,UNKNOWN,LeafRecovery,decomp/leaf323d1aab/generated/src/leaves_002.cpp,coordinator,CANONICAL-1000-00560CE0,,,decomp/leaf323d1aab/tests/properties.cpp,decomp/evidence/canonical_1000.md,Returns original constant 0x013A7144; frozen-V6 member and locally byte-identical I386 body; CI pending
FUN_00560E10,0x00560E10,0x00160E10,.text,6,FUN_00560E10,,ACTIVE,HIGH,true,false,false,false,false,false,false,thiscall,uint32_t,,const void*; observed PE32 leaf contract,UNKNOWN,LeafRecovery,decomp/leaf323d1aab/generated/src/leaves_002.cpp,coordinator,CANONICAL-1000-00560E10,,,decomp/leaf323d1aab/tests/properties.cpp,decomp/evidence/canonical_1000.md,Returns original constant 0x01693424; frozen-V6 member and locally byte-identical I386 body; CI pending
FUN_00560E20,0x00560E20,0x00160E20,.text,6,FUN_00560E20,,ACTIVE,HIGH,true,false,false,false,false,false,false,thiscall,uint32_t,,const void*; observed PE32 leaf contract,UNKNOWN,LeafRecovery,decomp/leaf323d1aab/generated/src/leaves_002.cpp,coordinator,CANONICAL-1000-00560E20,,,decomp/leaf323d1aab/tests/properties.cpp,decomp/evidence/canonical_1000.md,Returns original constant 0x013A718C; frozen-V6 member and locally byte-identical I386 body; CI pending
FUN_00560E30,0x00560E30,0x00160E30,.text,6,FUN_00560E30,,ACTIVE,HIGH,true,false,false,false,false,false,false,thiscall,uint32_t,,const void*; observed PE32 leaf contract,UNKNOWN,LeafRecovery,decomp/leaf323d1aab/generated/src/leaves_002.cpp,coordinator,CANONICAL-1000-00560E30,,,decomp/leaf323d1aab/tests/properties.cpp,decomp/evidence/canonical_1000.md,Returns original constant 0x016933B8; frozen-V6 member and locally byte-identical I386 body; CI pending
FUN_00561130,0x00561130,0x00161130,.text,4,FUN_00561130,,ACTIVE,HIGH,true,false,false,false,false,false,false,thiscall,uint32_t,,const void*; observed PE32 leaf contract,UNKNOWN,LeafRecovery,decomp/leaf323d1aab/generated/src/leaves_002.cpp,coordinator,CANONICAL-1000-00561130,,,decomp/leaf323d1aab/tests/properties.cpp,decomp/evidence/canonical_1000.md,Unsigned 32-bit load at this+0x64; frozen-V6 member and locally byte-identical I386 body; CI pending
FUN_00561C30,0x00561C30,0x00161C30,.text,6,FUN_00561C30,,ACTIVE,HIGH,true,false,false,false,false,false,false,thiscall,uint32_t,,const void*; observed PE32 leaf contract,UNKNOWN,LeafRecovery,decomp/leaf323d1aab/generated/src/leaves_002.cpp,coordinator,CANONICAL-1000-00561C30,,,decomp/leaf323d1aab/tests/properties.cpp,decomp/evidence/canonical_1000.md,Returns original constant 0x0169346C; frozen-V6 member and locally byte-identical I386 body; CI pending
FUN_00561C40,0x00561C40,0x00161C40,.text,6,FUN_00561C40,,ACTIVE,HIGH,true,false,false,false,false,false,false,thiscall,uint32_t,,const void*; observed PE32 leaf contract,UNKNOWN,LeafRecovery,decomp/leaf323d1aab/generated/src/leaves_002.cpp,coordinator,CANONICAL-1000-00561C40,,,decomp/leaf323d1aab/tests/properties.cpp,decomp/evidence/canonical_1000.md,Returns original constant 0x01693448; frozen-V6 member and locally byte-identical I386 body; CI pending
FUN_00561C50,0x00561C50,0x00161C50,.text,6,FUN_00561C50,,ACTIVE,HIGH,true,false,false,false,false,false,false,thiscall,uint32_t,,const void*; observed PE32 leaf contract,UNKNOWN,LeafRecovery,decomp/leaf323d1aab/generated/src/leaves_002.cpp,coordinator,CANONICAL-1000-00561C50,,,decomp/leaf323d1aab/tests/properties.cpp,decomp/evidence/canonical_1000.md,Returns original constant 0x013A728C; frozen-V6 member and locally byte-identical I386 body; CI pending
FUN_00561CC0,0x00561CC0,0x00161CC0,.text,6,FUN_00561CC0,,ACTIVE,HIGH,true,false,false,false,false,false,false,thiscall,uint32_t,,const void*; observed PE32 leaf contract,UNKNOWN,LeafRecovery,decomp/leaf323d1aab/generated/src/leaves_002.cpp,coordinator,CANONICAL-1000-00561CC0,,,decomp/leaf323d1aab/tests/properties.cpp,decomp/evidence/canonical_1000.md,Returns original constant 0x01693490; frozen-V6 member and locally byte-identical I386 body; CI pending
FUN_00561CD0,0x00561CD0,0x00161CD0,.text,6,FUN_00561CD0,,ACTIVE,HIGH,true,false,false,false,false,false,false,thiscall,uint32_t,,const void*; observed PE32 leaf contract,UNKNOWN,LeafRecovery,decomp/leaf323d1aab/generated/src/leaves_002.cpp,coordinator,CANONICAL-1000-00561CD0,,,decomp/leaf323d1aab/tests/properties.cpp,decomp/evidence/canonical_1000.md,Returns original constant 0x013A7390; frozen-V6 member and locally byte-identical I386 body; CI pending
FUN_00562DB0,0x00562DB0,0x00162DB0,.text,6,FUN_00562DB0,,ACTIVE,HIGH,true,false,false,false,false,false,false,thiscall,uint32_t,,const void*; observed PE32 leaf contract,UNKNOWN,LeafRecovery,decomp/leaf323d1aab/generated/src/leaves_002.cpp,coordinator,CANONICAL-1000-00562DB0,,,decomp/leaf323d1aab/tests/properties.cpp,decomp/evidence/canonical_1000.md,Returns original constant 0x016934FC; frozen-V6 member and locally byte-identical I386 body; CI pending
FUN_00562DC0,0x00562DC0,0x00162DC0,.text,6,FUN_00562DC0,,ACTIVE,HIGH,true,false,false,false,false,false,false,thiscall,uint32_t,,const void*; observed PE32 leaf contract,UNKNOWN,LeafRecovery,decomp/leaf323d1aab/generated/src/leaves_002.cpp,coordinator,CANONICAL-1000-00562DC0,,,decomp/leaf323d1aab/tests/properties.cpp,decomp/evidence/canonical_1000.md,Returns original constant 0x016934D8; frozen-V6 member and locally byte-identical I386 body; CI pending
FUN_00562DD0,0x00562DD0,0x00162DD0,.text,6,FUN_00562DD0,,ACTIVE,HIGH,true,false,false,false,false,false,false,thiscall,uint32_t,,const void*; observed PE32 leaf contract,UNKNOWN,LeafRecovery,decomp/leaf323d1aab/generated/src/leaves_002.cpp,coordinator,CANONICAL-1000-00562DD0,,,decomp/leaf323d1aab/tests/properties.cpp,decomp/evidence/canonical_1000.md,Returns original constant 0x016934B4; frozen-V6 member and locally byte-identical I386 body; CI pending
FUN_00562DE0,0x00562DE0,0x00162DE0,.text,6,FUN_00562DE0,,ACTIVE,HIGH,true,false,false,false,false,false,false,thiscall,uint32_t,,const void*; observed PE32 leaf contract,UNKNOWN,LeafRecovery,decomp/leaf323d1aab/generated/src/leaves_002.cpp,coordinator,CANONICAL-1000-00562DE0,,,decomp/leaf323d1aab/tests/properties.cpp,decomp/evidence/canonical_1000.md,Returns original constant 0x013943D8; frozen-V6 member and locally byte-identical I386 body; CI pending
FUN_00562E90,0x00562E90,0x00162E90,.text,6,FUN_00562E90,,ACTIVE,HIGH,true,false,false,false,false,false,false,thiscall,uint32_t,,const void*; observed PE32 leaf contract,UNKNOWN,LeafRecovery,decomp/leaf323d1aab/generated/src/leaves_002.cpp,coordinator,CANONICAL-1000-00562E90,,,decomp/leaf323d1aab/tests/properties.cpp,decomp/evidence/canonical_1000.md,Returns original constant 0x01693520; frozen-V6 member and locally byte-identical I386 body; CI pending
FUN_00562EA0,0x00562EA0,0x00162EA0,.text,6,FUN_00562EA0,,ACTIVE,HIGH,true,false,false,false,false,false,false,thiscall,uint32_t,,const void*; observed PE32 leaf contract,UNKNOWN,LeafRecovery,decomp/leaf323d1aab/generated/src/leaves_002.cpp,coordinator,CANONICAL-1000-00562EA0,,,decomp/leaf323d1aab/tests/properties.cpp,decomp/evidence/canonical_1000.md,Returns original constant 0x013A752C; frozen-V6 member and locally byte-identical I386 body; CI pending
FUN_00562F80,0x00562F80,0x00162F80,.text,4,FUN_00562F80,,ACTIVE,HIGH,true,false,false,false,false,false,false,thiscall,uint32_t,,const void*; observed PE32 leaf contract,UNKNOWN,LeafRecovery,decomp/leaf323d1aab/generated/src/leaves_002.cpp,coordinator,CANONICAL-1000-00562F80,,,decomp/leaf323d1aab/tests/properties.cpp,decomp/evidence/canonical_1000.md,Unsigned 32-bit load at this+0x64; frozen-V6 member and locally byte-identical I386 body; CI pending
FUN_005637D0,0x005637D0,0x001637D0,.text,6,FUN_005637D0,,ACTIVE,HIGH,true,false,false,false,false,false,false,thiscall,uint32_t,,const void*; observed PE32 leaf contract,UNKNOWN,LeafRecovery,decomp/leaf323d1aab/generated/src/leaves_002.cpp,coordinator,CANONICAL-1000-005637D0,,,decomp/leaf323d1aab/tests/properties.cpp,decomp/evidence/canonical_1000.md,Returns original constant 0x01693568; frozen-V6 member and locally byte-identical I386 body; CI pending
FUN_005637E0,0x005637E0,0x001637E0,.text,6,FUN_005637E0,,ACTIVE,HIGH,true,false,false,false,false,false,false,thiscall,uint32_t,,const void*; observed PE32 leaf contract,UNKNOWN,LeafRecovery,decomp/leaf323d1aab/generated/src/leaves_002.cpp,coordinator,CANONICAL-1000-005637E0,,,decomp/leaf323d1aab/tests/properties.cpp,decomp/evidence/canonical_1000.md,Returns original constant 0x013A75F4; frozen-V6 member and locally byte-identical I386 body; CI pending
FUN_005637F0,0x005637F0,0x001637F0,.text,6,FUN_005637F0,,ACTIVE,HIGH,true,false,false,false,false,false,false,thiscall,uint32_t,,const void*; observed PE32 leaf contract,UNKNOWN,LeafRecovery,decomp/leaf323d1aab/generated/src/leaves_002.cpp,coordinator,CANONICAL-1000-005637F0,,,decomp/leaf323d1aab/tests/properties.cpp,decomp/evidence/canonical_1000.md,Returns original constant 0x01693544; frozen-V6 member and locally byte-identical I386 body; CI pending
FUN_00563800,0x00563800,0x00163800,.text,6,FUN_00563800,,ACTIVE,HIGH,true,false,false,false,false,false,false,thiscall,uint32_t,,const void*; observed PE32 leaf contract,UNKNOWN,LeafRecovery,decomp/leaf323d1aab/generated/src/leaves_002.cpp,coordinator,CANONICAL-1000-00563800,,,decomp/leaf323d1aab/tests/properties.cpp,decomp/evidence/canonical_1000.md,Returns original constant 0x0169358C; frozen-V6 member and locally byte-identical I386 body; CI pending
FUN_00563810,0x00563810,0x00163810,.text,6,FUN_00563810,,ACTIVE,HIGH,true,false,false,false,false,false,false,thiscall,uint32_t,,const void*; observed PE32 leaf contract,UNKNOWN,LeafRecovery,decomp/leaf323d1aab/generated/src/leaves_002.cpp,coordinator,CANONICAL-1000-00563810,,,decomp/leaf323d1aab/tests/properties.cpp,decomp/evidence/canonical_1000.md,Returns original constant 0x013A7690; frozen-V6 member and locally byte-identical I386 body; CI pending
FUN_00563E80,0x00563E80,0x00163E80,.text,4,FUN_00563E80,,ACTIVE,HIGH,true,false,false,false,false,false,false,thiscall,uint32_t,,const void*; observed PE32 leaf contract,UNKNOWN,LeafRecovery,decomp/leaf323d1aab/generated/src/leaves_002.cpp,coordinator,CANONICAL-1000-00563E80,,,decomp/leaf323d1aab/tests/properties.cpp,decomp/evidence/canonical_1000.md,Unsigned 32-bit load at this+0x70; frozen-V6 member and locally byte-identical I386 body; CI pending
FUN_00564E40,0x00564E40,0x00164E40,.text,6,FUN_00564E40,,ACTIVE,HIGH,true,false,false,false,false,false,false,thiscall,uint32_t,,const void*; observed PE32 leaf contract,UNKNOWN,LeafRecovery,decomp/leaf323d1aab/generated/src/leaves_002.cpp,coordinator,CANONICAL-1000-00564E40,,,decomp/leaf323d1aab/tests/properties.cpp,decomp/evidence/canonical_1000.md,Returns original constant 0x016935B0; frozen-V6 member and locally byte-identical I386 body; CI pending
FUN_00564E50,0x00564E50,0x00164E50,.text,6,FUN_00564E50,,ACTIVE,HIGH,true,false,false,false,false,false,false,thiscall,uint32_t,,const void*; observed PE32 leaf contract,UNKNOWN,LeafRecovery,decomp/leaf323d1aab/generated/src/leaves_002.cpp,coordinator,CANONICAL-1000-00564E50,,,decomp/leaf323d1aab/tests/properties.cpp,decomp/evidence/canonical_1000.md,Returns original constant 0x013A79FC; frozen-V6 member and locally byte-identical I386 body; CI pending
FUN_00564E60,0x00564E60,0x00164E60,.text,6,FUN_00564E60,,ACTIVE,HIGH,true,false,false,false,false,false,false,thiscall,uint32_t,,const void*; observed PE32 leaf contract,UNKNOWN,LeafRecovery,decomp/leaf323d1aab/generated/src/leaves_002.cpp,coordinator,CANONICAL-1000-00564E60,,,decomp/leaf323d1aab/tests/properties.cpp,decomp/evidence/canonical_1000.md,Returns original constant 0x016935D4; frozen-V6 member and locally byte-identical I386 body; CI pending
FUN_00564E70,0x00564E70,0x00164E70,.text,6,FUN_00564E70,,ACTIVE,HIGH,true,false,false,false,false,false,false,thiscall,uint32_t,,const void*; observed PE32 leaf contract,UNKNOWN,LeafRecovery,decomp/leaf323d1aab/generated/src/leaves_002.cpp,coordinator,CANONICAL-1000-00564E70,,,decomp/leaf323d1aab/tests/properties.cpp,decomp/evidence/canonical_1000.md,Returns original constant 0x016935F8; frozen-V6 member and locally byte-identical I386 body; CI pending
FUN_00564E80,0x00564E80,0x00164E80,.text,6,FUN_00564E80,,ACTIVE,HIGH,true,false,false,false,false,false,false,thiscall,uint32_t,,const void*; observed PE32 leaf contract,UNKNOWN,LeafRecovery,decomp/leaf323d1aab/generated/src/leaves_002.cpp,coordinator,CANONICAL-1000-00564E80,,,decomp/leaf323d1aab/tests/properties.cpp,decomp/evidence/canonical_1000.md,Returns original constant 0x013A7BB8; frozen-V6 member and locally byte-identical I386 body; CI pending
FUN_00565BE0,0x00565BE0,0x00165BE0,.text,6,FUN_00565BE0,,ACTIVE,HIGH,true,false,false,false,false,false,false,thiscall,uint32_t,,const void*; observed PE32 leaf contract,UNKNOWN,LeafRecovery,decomp/leaf323d1aab/generated/src/leaves_002.cpp,coordinator,CANONICAL-1000-00565BE0,,,decomp/leaf323d1aab/tests/properties.cpp,decomp/evidence/canonical_1000.md,Returns original constant 0x01693640; frozen-V6 member and locally byte-identical I386 body; CI pending
FUN_00565BF0,0x00565BF0,0x00165BF0,.text,6,FUN_00565BF0,,ACTIVE,HIGH,true,false,false,false,false,false,false,thiscall,uint32_t,,const void*; observed PE32 leaf contract,UNKNOWN,LeafRecovery,decomp/leaf323d1aab/generated/src/leaves_002.cpp,coordinator,CANONICAL-1000-00565BF0,,,decomp/leaf323d1aab/tests/properties.cpp,decomp/evidence/canonical_1000.md,Returns original constant 0x0169361C; frozen-V6 member and locally byte-identical I386 body; CI pending
FUN_00565C00,0x00565C00,0x00165C00,.text,6,FUN_00565C00,,ACTIVE,HIGH,true,false,false,false,false,false,false,thiscall,uint32_t,,const void*; observed PE32 leaf contract,UNKNOWN,LeafRecovery,decomp/leaf323d1aab/generated/src/leaves_002.cpp,coordinator,CANONICAL-1000-00565C00,,,decomp/leaf323d1aab/tests/properties.cpp,decomp/evidence/canonical_1000.md,Returns original constant 0x013A7D08; frozen-V6 member and locally byte-identical I386 body; CI pending
FUN_00565C70,0x00565C70,0x00165C70,.text,6,FUN_00565C70,,ACTIVE,HIGH,true,false,false,false,false,false,false,thiscall,uint32_t,,const void*; observed PE32 leaf contract,UNKNOWN,LeafRecovery,decomp/leaf323d1aab/generated/src/leaves_002.cpp,coordinator,CANONICAL-1000-00565C70,,,decomp/leaf323d1aab/tests/properties.cpp,decomp/evidence/canonical_1000.md,Returns original constant 0x01693664; frozen-V6 member and locally byte-identical I386 body; CI pending
FUN_00565C80,0x00565C80,0x00165C80,.text,6,FUN_00565C80,,ACTIVE,HIGH,true,false,false,false,false,false,false,thiscall,uint32_t,,const void*; observed PE32 leaf contract,UNKNOWN,LeafRecovery,decomp/leaf323d1aab/generated/src/leaves_002.cpp,coordinator,CANONICAL-1000-00565C80,,,decomp/leaf323d1aab/tests/properties.cpp,decomp/evidence/canonical_1000.md,Returns original constant 0x013A7DD8; frozen-V6 member and locally byte-identical I386 body; CI pending
FUN_00566C20,0x00566C20,0x00166C20,.text,6,FUN_00566C20,,ACTIVE,HIGH,true,false,false,false,false,false,false,thiscall,uint32_t,,const void*; observed PE32 leaf contract,UNKNOWN,LeafRecovery,decomp/leaf323d1aab/generated/src/leaves_002.cpp,coordinator,CANONICAL-1000-00566C20,,,decomp/leaf323d1aab/tests/properties.cpp,decomp/evidence/canonical_1000.md,Returns original constant 0x01693688; frozen-V6 member and locally byte-identical I386 body; CI pending
FUN_00566C30,0x00566C30,0x00166C30,.text,6,FUN_00566C30,,ACTIVE,HIGH,true,false,false,false,false,false,false,thiscall,uint32_t,,const void*; observed PE32 leaf contract,UNKNOWN,LeafRecovery,decomp/leaf323d1aab/generated/src/leaves_002.cpp,coordinator,CANONICAL-1000-00566C30,,,decomp/leaf323d1aab/tests/properties.cpp,decomp/evidence/canonical_1000.md,Returns original constant 0x013A7F3C; frozen-V6 member and locally byte-identical I386 body; CI pending
FUN_00566C40,0x00566C40,0x00166C40,.text,6,FUN_00566C40,,ACTIVE,HIGH,true,false,false,false,false,false,false,thiscall,uint32_t,,const void*; observed PE32 leaf contract,UNKNOWN,LeafRecovery,decomp/leaf323d1aab/generated/src/leaves_002.cpp,coordinator,CANONICAL-1000-00566C40,,,decomp/leaf323d1aab/tests/properties.cpp,decomp/evidence/canonical_1000.md,Returns original constant 0x016936AC; frozen-V6 member and locally byte-identical I386 body; CI pending
FUN_00566C50,0x00566C50,0x00166C50,.text,6,FUN_00566C50,,ACTIVE,HIGH,true,false,false,false,false,false,false,thiscall,uint32_t,,const void*; observed PE32 leaf contract,UNKNOWN,LeafRecovery,decomp/leaf323d1aab/generated/src/leaves_002.cpp,coordinator,CANONICAL-1000-00566C50,,,decomp/leaf323d1aab/tests/properties.cpp,decomp/evidence/canonical_1000.md,Returns original constant 0x016936D0; frozen-V6 member and locally byte-identical I386 body; CI pending
FUN_00566C60,0x00566C60,0x00166C60,.text,6,FUN_00566C60,,ACTIVE,HIGH,true,false,false,false,false,false,false,thiscall,uint32_t,,const void*; observed PE32 leaf contract,UNKNOWN,LeafRecovery,decomp/leaf323d1aab/generated/src/leaves_002.cpp,coordinator,CANONICAL-1000-00566C60,,,decomp/leaf323d1aab/tests/properties.cpp,decomp/evidence/canonical_1000.md,Returns original constant 0x013A8050; frozen-V6 member and locally byte-identical I386 body; CI pending
FUN_00567060,0x00567060,0x00167060,.text,6,FUN_00567060,,ACTIVE,HIGH,true,false,false,false,false,false,false,thiscall,uint32_t,,const void*; observed PE32 leaf contract,UNKNOWN,LeafRecovery,decomp/leaf323d1aab/generated/src/leaves_002.cpp,coordinator,CANONICAL-1000-00567060,,,decomp/leaf323d1aab/tests/properties.cpp,decomp/evidence/canonical_1000.md,Returns original constant 0x016936F4; frozen-V6 member and locally byte-identical I386 body; CI pending
FUN_00567070,0x00567070,0x00167070,.text,6,FUN_00567070,,ACTIVE,HIGH,true,false,false,false,false,false,false,thiscall,uint32_t,,const void*; observed PE32 leaf contract,UNKNOWN,LeafRecovery,decomp/leaf323d1aab/generated/src/leaves_002.cpp,coordinator,CANONICAL-1000-00567070,,,decomp/leaf323d1aab/tests/properties.cpp,decomp/evidence/canonical_1000.md,Returns original constant 0x0137F4B8; frozen-V6 member and locally byte-identical I386 body; CI pending
FUN_00567080,0x00567080,0x00167080,.text,6,FUN_00567080,,ACTIVE,HIGH,true,false,false,false,false,false,false,thiscall,uint32_t,,const void*; observed PE32 leaf contract,UNKNOWN,LeafRecovery,decomp/leaf323d1aab/generated/src/leaves_002.cpp,coordinator,CANONICAL-1000-00567080,,,decomp/leaf323d1aab/tests/properties.cpp,decomp/evidence/canonical_1000.md,Returns original constant 0x01693718; frozen-V6 member and locally byte-identical I386 body; CI pending
FUN_00567090,0x00567090,0x00167090,.text,6,FUN_00567090,,ACTIVE,HIGH,true,false,false,false,false,false,false,thiscall,uint32_t,,const void*; observed PE32 leaf contract,UNKNOWN,LeafRecovery,decomp/leaf323d1aab/generated/src/leaves_002.cpp,coordinator,CANONICAL-1000-00567090,,,decomp/leaf323d1aab/tests/properties.cpp,decomp/evidence/canonical_1000.md,Returns original constant 0x013A8104; frozen-V6 member and locally byte-identical I386 body; CI pending
FUN_005670D0,0x005670D0,0x001670D0,.text,7,FUN_005670D0,,ACTIVE,HIGH,true,false,false,false,false,false,false,thiscall,uint32_t,,const void*; observed PE32 leaf contract,UNKNOWN,LeafRecovery,decomp/leaf323d1aab/generated/src/leaves_002.cpp,coordinator,CANONICAL-1000-005670D0,,,decomp/leaf323d1aab/tests/properties.cpp,decomp/evidence/canonical_1000.md,Unsigned 32-bit load at this+0x140; frozen-V6 member and locally byte-identical I386 body; CI pending
FUN_005670E0,0x005670E0,0x001670E0,.text,7,FUN_005670E0,,ACTIVE,HIGH,true,false,false,false,false,false,false,thiscall,uint32_t,,const void*; observed PE32 leaf contract,UNKNOWN,LeafRecovery,decomp/leaf323d1aab/generated/src/leaves_002.cpp,coordinator,CANONICAL-1000-005670E0,,,decomp/leaf323d1aab/tests/properties.cpp,decomp/evidence/canonical_1000.md,Unsigned 32-bit load at this+0x144; frozen-V6 member and locally byte-identical I386 body; CI pending
FUN_005670F0,0x005670F0,0x001670F0,.text,7,FUN_005670F0,,ACTIVE,HIGH,true,false,false,false,false,false,false,thiscall,uint32_t,,const void*; observed PE32 leaf contract,UNKNOWN,LeafRecovery,decomp/leaf323d1aab/generated/src/leaves_002.cpp,coordinator,CANONICAL-1000-005670F0,,,decomp/leaf323d1aab/tests/properties.cpp,decomp/evidence/canonical_1000.md,Unsigned 32-bit load at this+0x148; frozen-V6 member and locally byte-identical I386 body; CI pending
FUN_00569FB0,0x00569FB0,0x00169FB0,.text,6,FUN_00569FB0,,ACTIVE,HIGH,true,false,false,false,false,false,false,thiscall,uint32_t,,const void*; observed PE32 leaf contract,UNKNOWN,LeafRecovery,decomp/leaf323d1aab/generated/src/leaves_002.cpp,coordinator,CANONICAL-1000-00569FB0,,,decomp/leaf323d1aab/tests/properties.cpp,decomp/evidence/canonical_1000.md,Returns original constant 0x01693840; frozen-V6 member and locally byte-identical I386 body; CI pending
FUN_00569FC0,0x00569FC0,0x00169FC0,.text,6,FUN_00569FC0,,ACTIVE,HIGH,true,false,false,false,false,false,false,thiscall,uint32_t,,const void*; observed PE32 leaf contract,UNKNOWN,LeafRecovery,decomp/leaf323d1aab/generated/src/leaves_002.cpp,coordinator,CANONICAL-1000-00569FC0,,,decomp/leaf323d1aab/tests/properties.cpp,decomp/evidence/canonical_1000.md,Returns original constant 0x01693864; frozen-V6 member and locally byte-identical I386 body; CI pending
FUN_00569FD0,0x00569FD0,0x00169FD0,.text,6,FUN_00569FD0,,ACTIVE,HIGH,true,false,false,false,false,false,false,thiscall,uint32_t,,const void*; observed PE32 leaf contract,UNKNOWN,LeafRecovery,decomp/leaf323d1aab/generated/src/leaves_002.cpp,coordinator,CANONICAL-1000-00569FD0,,,decomp/leaf323d1aab/tests/properties.cpp,decomp/evidence/canonical_1000.md,Returns original constant 0x01693888; frozen-V6 member and locally byte-identical I386 body; CI pending
FUN_00569FE0,0x00569FE0,0x00169FE0,.text,6,FUN_00569FE0,,ACTIVE,HIGH,true,false,false,false,false,false,false,thiscall,uint32_t,,const void*; observed PE32 leaf contract,UNKNOWN,LeafRecovery,decomp/leaf323d1aab/generated/src/leaves_002.cpp,coordinator,CANONICAL-1000-00569FE0,,,decomp/leaf323d1aab/tests/properties.cpp,decomp/evidence/canonical_1000.md,Returns original constant 0x0137F5A4; frozen-V6 member and locally byte-identical I386 body; CI pending
FUN_00569FF0,0x00569FF0,0x00169FF0,.text,6,FUN_00569FF0,,ACTIVE,HIGH,true,false,false,false,false,false,false,thiscall,uint32_t,,const void*; observed PE32 leaf contract,UNKNOWN,LeafRecovery,decomp/leaf323d1aab/generated/src/leaves_002.cpp,coordinator,CANONICAL-1000-00569FF0,,,decomp/leaf323d1aab/tests/properties.cpp,decomp/evidence/canonical_1000.md,Returns original constant 0x016938AC; frozen-V6 member and locally byte-identical I386 body; CI pending
FUN_0056A000,0x0056A000,0x0016A000,.text,6,FUN_0056A000,,ACTIVE,HIGH,true,false,false,false,false,false,false,thiscall,uint32_t,,const void*; observed PE32 leaf contract,UNKNOWN,LeafRecovery,decomp/leaf323d1aab/generated/src/leaves_002.cpp,coordinator,CANONICAL-1000-0056A000,,,decomp/leaf323d1aab/tests/properties.cpp,decomp/evidence/canonical_1000.md,Returns original constant 0x013A82F4; frozen-V6 member and locally byte-identical I386 body; CI pending
FUN_0056A910,0x0056A910,0x0016A910,.text,6,FUN_0056A910,,ACTIVE,HIGH,true,false,false,false,false,false,false,thiscall,uint32_t,,const void*; observed PE32 leaf contract,UNKNOWN,LeafRecovery,decomp/leaf323d1aab/generated/src/leaves_002.cpp,coordinator,CANONICAL-1000-0056A910,,,decomp/leaf323d1aab/tests/properties.cpp,decomp/evidence/canonical_1000.md,Returns original constant 0x016938F4; frozen-V6 member and locally byte-identical I386 body; CI pending
FUN_0056A920,0x0056A920,0x0016A920,.text,6,FUN_0056A920,,ACTIVE,HIGH,true,false,false,false,false,false,false,thiscall,uint32_t,,const void*; observed PE32 leaf contract,UNKNOWN,LeafRecovery,decomp/leaf323d1aab/generated/src/leaves_002.cpp,coordinator,CANONICAL-1000-0056A920,,,decomp/leaf323d1aab/tests/properties.cpp,decomp/evidence/canonical_1000.md,Returns original constant 0x016938D0; frozen-V6 member and locally byte-identical I386 body; CI pending
FUN_0056A930,0x0056A930,0x0016A930,.text,6,FUN_0056A930,,ACTIVE,HIGH,true,false,false,false,false,false,false,thiscall,uint32_t,,const void*; observed PE32 leaf contract,UNKNOWN,LeafRecovery,decomp/leaf323d1aab/generated/src/leaves_002.cpp,coordinator,CANONICAL-1000-0056A930,,,decomp/leaf323d1aab/tests/properties.cpp,decomp/evidence/canonical_1000.md,Returns original constant 0x013A8610; frozen-V6 member and locally byte-identical I386 body; CI pending
FUN_0056A940,0x0056A940,0x0016A940,.text,6,FUN_0056A940,,ACTIVE,HIGH,true,false,false,false,false,false,false,thiscall,uint32_t,,const void*; observed PE32 leaf contract,UNKNOWN,LeafRecovery,decomp/leaf323d1aab/generated/src/leaves_002.cpp,coordinator,CANONICAL-1000-0056A940,,,decomp/leaf323d1aab/tests/properties.cpp,decomp/evidence/canonical_1000.md,Returns original constant 0x013A8614; frozen-V6 member and locally byte-identical I386 body; CI pending
FUN_0056A950,0x0056A950,0x0016A950,.text,6,FUN_0056A950,,ACTIVE,HIGH,true,false,false,false,false,false,false,thiscall,uint32_t,,const void*; observed PE32 leaf contract,UNKNOWN,LeafRecovery,decomp/leaf323d1aab/generated/src/leaves_002.cpp,coordinator,CANONICAL-1000-0056A950,,,decomp/leaf323d1aab/tests/properties.cpp,decomp/evidence/canonical_1000.md,Returns original constant 0x01693918; frozen-V6 member and locally byte-identical I386 body; CI pending
FUN_0056A960,0x0056A960,0x0016A960,.text,6,FUN_0056A960,,ACTIVE,HIGH,true,false,false,false,false,false,false,thiscall,uint32_t,,const void*; observed PE32 leaf contract,UNKNOWN,LeafRecovery,decomp/leaf323d1aab/generated/src/leaves_002.cpp,coordinator,CANONICAL-1000-0056A960,,,decomp/leaf323d1aab/tests/properties.cpp,decomp/evidence/canonical_1000.md,Returns original constant 0x013A8680; frozen-V6 member and locally byte-identical I386 body; CI pending
FUN_0056A970,0x0056A970,0x0016A970,.text,6,FUN_0056A970,,ACTIVE,HIGH,true,false,false,false,false,false,false,thiscall,uint32_t,,const void*; observed PE32 leaf contract,UNKNOWN,LeafRecovery,decomp/leaf323d1aab/generated/src/leaves_002.cpp,coordinator,CANONICAL-1000-0056A970,,,decomp/leaf323d1aab/tests/properties.cpp,decomp/evidence/canonical_1000.md,Returns original constant 0x013A8688; frozen-V6 member and locally byte-identical I386 body; CI pending
FUN_0056AF80,0x0056AF80,0x0016AF80,.text,6,FUN_0056AF80,,ACTIVE,HIGH,true,false,false,false,false,false,false,thiscall,uint32_t,,const void*; observed PE32 leaf contract,UNKNOWN,LeafRecovery,decomp/leaf323d1aab/generated/src/leaves_002.cpp,coordinator,CANONICAL-1000-0056AF80,,,decomp/leaf323d1aab/tests/properties.cpp,decomp/evidence/canonical_1000.md,Returns original constant 0x01693960; frozen-V6 member and locally byte-identical I386 body; CI pending
FUN_00572E90,0x00572E90,0x00172E90,.text,6,FUN_00572E90,,ACTIVE,HIGH,true,false,false,false,false,false,false,thiscall,uint32_t,,const void*; observed PE32 leaf contract,UNKNOWN,LeafRecovery,decomp/leaf323d1aab/generated/src/leaves_002.cpp,coordinator,CANONICAL-1000-00572E90,,,decomp/leaf323d1aab/tests/properties.cpp,decomp/evidence/canonical_1000.md,Returns original constant 0x01693984; frozen-V6 member and locally byte-identical I386 body; CI pending
FUN_00573250,0x00573250,0x00173250,.text,6,FUN_00573250,,ACTIVE,HIGH,true,false,false,false,false,false,false,thiscall,uint32_t,,const void*; observed PE32 leaf contract,UNKNOWN,LeafRecovery,decomp/leaf323d1aab/generated/src/leaves_002.cpp,coordinator,CANONICAL-1000-00573250,,,decomp/leaf323d1aab/tests/properties.cpp,decomp/evidence/canonical_1000.md,Returns original constant 0x0169393C; frozen-V6 member and locally byte-identical I386 body; CI pending
FUN_00573360,0x00573360,0x00173360,.text,6,FUN_00573360,,ACTIVE,HIGH,true,false,false,false,false,false,false,thiscall,uint32_t,,const void*; observed PE32 leaf contract,UNKNOWN,LeafRecovery,decomp/leaf323d1aab/generated/src/leaves_002.cpp,coordinator,CANONICAL-1000-00573360,,,decomp/leaf323d1aab/tests/properties.cpp,decomp/evidence/canonical_1000.md,Returns original constant 0x01693A14; frozen-V6 member and locally byte-identical I386 body; CI pending
FUN_00576CA0,0x00576CA0,0x00176CA0,.text,6,FUN_00576CA0,,ACTIVE,HIGH,true,false,false,false,false,false,false,thiscall,uint32_t,,const void*; observed PE32 leaf contract,UNKNOWN,LeafRecovery,decomp/leaf323d1aab/generated/src/leaves_002.cpp,coordinator,CANONICAL-1000-00576CA0,,,decomp/leaf323d1aab/tests/properties.cpp,decomp/evidence/canonical_1000.md,Returns original constant 0x016939F0; frozen-V6 member and locally byte-identical I386 body; CI pending
FUN_00576E80,0x00576E80,0x00176E80,.text,6,FUN_00576E80,,ACTIVE,HIGH,true,false,false,false,false,false,false,thiscall,uint32_t,,const void*; observed PE32 leaf contract,UNKNOWN,LeafRecovery,decomp/leaf323d1aab/generated/src/leaves_002.cpp,coordinator,CANONICAL-1000-00576E80,,,decomp/leaf323d1aab/tests/properties.cpp,decomp/evidence/canonical_1000.md,Returns original constant 0x016939A8; frozen-V6 member and locally byte-identical I386 body; CI pending
FUN_00576EF0,0x00576EF0,0x00176EF0,.text,6,FUN_00576EF0,,ACTIVE,HIGH,true,false,false,false,false,false,false,thiscall,uint32_t,,const void*; observed PE32 leaf contract,UNKNOWN,LeafRecovery,decomp/leaf323d1aab/generated/src/leaves_002.cpp,coordinator,CANONICAL-1000-00576EF0,,,decomp/leaf323d1aab/tests/properties.cpp,decomp/evidence/canonical_1000.md,Returns original constant 0x01693A38; frozen-V6 member and locally byte-identical I386 body; CI pending
FUN_00576FD0,0x00576FD0,0x00176FD0,.text,6,FUN_00576FD0,,ACTIVE,HIGH,true,false,false,false,false,false,false,thiscall,uint32_t,,const void*; observed PE32 leaf contract,UNKNOWN,LeafRecovery,decomp/leaf323d1aab/generated/src/leaves_002.cpp,coordinator,CANONICAL-1000-00576FD0,,,decomp/leaf323d1aab/tests/properties.cpp,decomp/evidence/canonical_1000.md,Returns original constant 0x016939CC; frozen-V6 member and locally byte-identical I386 body; CI pending
FUN_00577020,0x00577020,0x00177020,.text,5,FUN_00577020,,ACTIVE,HIGH,true,false,false,false,false,false,false,thiscall,uint32_t,,const void*; observed PE32 leaf contract,UNKNOWN,LeafRecovery,decomp/leaf323d1aab/generated/src/leaves_002.cpp,coordinator,CANONICAL-1000-00577020,,,decomp/leaf323d1aab/tests/properties.cpp,decomp/evidence/canonical_1000.md,Unsigned 16-bit load at this+0x1C; frozen-V6 member and locally byte-identical I386 body; CI pending
FUN_00577030,0x00577030,0x00177030,.text,5,FUN_00577030,,ACTIVE,HIGH,true,false,false,false,false,false,false,thiscall,uint32_t,,const void*; observed PE32 leaf contract,UNKNOWN,LeafRecovery,decomp/leaf323d1aab/generated/src/leaves_002.cpp,coordinator,CANONICAL-1000-00577030,,,decomp/leaf323d1aab/tests/properties.cpp,decomp/evidence/canonical_1000.md,Unsigned 16-bit load at this+0x1E; frozen-V6 member and locally byte-identical I386 body; CI pending
FUN_00577040,0x00577040,0x00177040,.text,6,FUN_00577040,,ACTIVE,HIGH,true,false,false,false,false,false,false,thiscall,uint32_t,,const void*; observed PE32 leaf contract,UNKNOWN,LeafRecovery,decomp/leaf323d1aab/generated/src/leaves_002.cpp,coordinator,CANONICAL-1000-00577040,,,decomp/leaf323d1aab/tests/properties.cpp,decomp/evidence/canonical_1000.md,Returns original constant 0x01693A80; frozen-V6 member and locally byte-identical I386 body; CI pending
FUN_0057B050,0x0057B050,0x0017B050,.text,6,FUN_0057B050,,ACTIVE,HIGH,true,false,false,false,false,false,false,thiscall,uint32_t,,const void*; observed PE32 leaf contract,UNKNOWN,LeafRecovery,decomp/leaf323d1aab/generated/src/leaves_002.cpp,coordinator,CANONICAL-1000-0057B050,,,decomp/leaf323d1aab/tests/properties.cpp,decomp/evidence/canonical_1000.md,Returns original constant 0x01693A5C; frozen-V6 member and locally byte-identical I386 body; CI pending
FUN_0057B060,0x0057B060,0x0017B060,.text,6,FUN_0057B060,,ACTIVE,HIGH,true,false,false,false,false,false,false,thiscall,uint32_t,,const void*; observed PE32 leaf contract,UNKNOWN,LeafRecovery,decomp/leaf323d1aab/generated/src/leaves_002.cpp,coordinator,CANONICAL-1000-0057B060,,,decomp/leaf323d1aab/tests/properties.cpp,decomp/evidence/canonical_1000.md,Returns original constant 0x01693AA4; frozen-V6 member and locally byte-identical I386 body; CI pending
FUN_0057B080,0x0057B080,0x0017B080,.text,6,FUN_0057B080,,ACTIVE,HIGH,true,false,false,false,false,false,false,thiscall,uint32_t,,const void*; observed PE32 leaf contract,UNKNOWN,LeafRecovery,decomp/leaf323d1aab/generated/src/leaves_002.cpp,coordinator,CANONICAL-1000-0057B080,,,decomp/leaf323d1aab/tests/properties.cpp,decomp/evidence/canonical_1000.md,Returns original constant 0x01693AC8; frozen-V6 member and locally byte-identical I386 body; CI pending
FUN_0057B200,0x0057B200,0x0017B200,.text,6,FUN_0057B200,,ACTIVE,HIGH,true,false,false,false,false,false,false,thiscall,uint32_t,,const void*; observed PE32 leaf contract,UNKNOWN,LeafRecovery,decomp/leaf323d1aab/generated/src/leaves_002.cpp,coordinator,CANONICAL-1000-0057B200,,,decomp/leaf323d1aab/tests/properties.cpp,decomp/evidence/canonical_1000.md,Returns original constant 0x01693AEC; frozen-V6 member and locally byte-identical I386 body; CI pending
FUN_0057B2E0,0x0057B2E0,0x0017B2E0,.text,6,FUN_0057B2E0,,ACTIVE,HIGH,true,false,false,false,false,false,false,thiscall,uint32_t,,const void*; observed PE32 leaf contract,UNKNOWN,LeafRecovery,decomp/leaf323d1aab/generated/src/leaves_002.cpp,coordinator,CANONICAL-1000-0057B2E0,,,decomp/leaf323d1aab/tests/properties.cpp,decomp/evidence/canonical_1000.md,Returns original constant 0x01693C0C; frozen-V6 member and locally byte-identical I386 body; CI pending
FUN_0057B370,0x0057B370,0x0017B370,.text,6,FUN_0057B370,,ACTIVE,HIGH,true,false,false,false,false,false,false,thiscall,uint32_t,,const void*; observed PE32 leaf contract,UNKNOWN,LeafRecovery,decomp/leaf323d1aab/generated/src/leaves_002.cpp,coordinator,CANONICAL-1000-0057B370,,,decomp/leaf323d1aab/tests/properties.cpp,decomp/evidence/canonical_1000.md,Returns original constant 0x01693C78; frozen-V6 member and locally byte-identical I386 body; CI pending
FUN_0057B380,0x0057B380,0x0017B380,.text,6,FUN_0057B380,,ACTIVE,HIGH,true,false,false,false,false,false,false,thiscall,uint32_t,,const void*; observed PE32 leaf contract,UNKNOWN,LeafRecovery,decomp/leaf323d1aab/generated/src/leaves_002.cpp,coordinator,CANONICAL-1000-0057B380,,,decomp/leaf323d1aab/tests/properties.cpp,decomp/evidence/canonical_1000.md,Returns original constant 0x01693D08; frozen-V6 member and locally byte-identical I386 body; CI pending
FUN_0057B390,0x0057B390,0x0017B390,.text,7,FUN_0057B390,,ACTIVE,HIGH,true,false,false,false,false,false,false,thiscall,uint32_t,,const void*; observed PE32 leaf contract,UNKNOWN,LeafRecovery,decomp/leaf323d1aab/generated/src/leaves_002.cpp,coordinator,CANONICAL-1000-0057B390,,,decomp/leaf323d1aab/tests/properties.cpp,decomp/evidence/canonical_1000.md,Unsigned 32-bit load at this+0x358; frozen-V6 member and locally byte-identical I386 body; CI pending
FUN_0057B3A0,0x0057B3A0,0x0017B3A0,.text,6,FUN_0057B3A0,,ACTIVE,HIGH,true,false,false,false,false,false,false,thiscall,uint32_t,,const void*; observed PE32 leaf contract,UNKNOWN,LeafRecovery,decomp/leaf323d1aab/generated/src/leaves_002.cpp,coordinator,CANONICAL-1000-0057B3A0,,,decomp/leaf323d1aab/tests/properties.cpp,decomp/evidence/canonical_1000.md,Returns original constant 0x01693D74; frozen-V6 member and locally byte-identical I386 body; CI pending
FUN_0057B4E0,0x0057B4E0,0x0017B4E0,.text,7,FUN_0057B4E0,,ACTIVE,HIGH,true,false,false,false,false,false,false,thiscall,uint32_t,,const void*; observed PE32 leaf contract,UNKNOWN,LeafRecovery,decomp/leaf323d1aab/generated/src/leaves_002.cpp,coordinator,CANONICAL-1000-0057B4E0,,,decomp/leaf323d1aab/tests/properties.cpp,decomp/evidence/canonical_1000.md,Unsigned 32-bit load at this+0x36C; frozen-V6 member and locally byte-identical I386 body; CI pending
FUN_0058A9F0,0x0058A9F0,0x0018A9F0,.text,6,FUN_0058A9F0,,ACTIVE,HIGH,true,false,false,false,false,false,false,thiscall,uint32_t,,const void*; observed PE32 leaf contract,UNKNOWN,LeafRecovery,decomp/leaf323d1aab/generated/src/leaves_002.cpp,coordinator,CANONICAL-1000-0058A9F0,,,decomp/leaf323d1aab/tests/properties.cpp,decomp/evidence/canonical_1000.md,Returns original constant 0x01693B58; frozen-V6 member and locally byte-identical I386 body; CI pending
FUN_0058AA40,0x0058AA40,0x0018AA40,.text,6,FUN_0058AA40,,ACTIVE,HIGH,true,false,false,false,false,false,false,thiscall,uint32_t,,const void*; observed PE32 leaf contract,UNKNOWN,LeafRecovery,decomp/leaf323d1aab/generated/src/leaves_002.cpp,coordinator,CANONICAL-1000-0058AA40,,,decomp/leaf323d1aab/tests/properties.cpp,decomp/evidence/canonical_1000.md,Returns original constant 0x01693BA0; frozen-V6 member and locally byte-identical I386 body; CI pending
FUN_0058AA50,0x0058AA50,0x0018AA50,.text,6,FUN_0058AA50,,ACTIVE,HIGH,true,false,false,false,false,false,false,thiscall,uint32_t,,const void*; observed PE32 leaf contract,UNKNOWN,LeafRecovery,decomp/leaf323d1aab/generated/src/leaves_002.cpp,coordinator,CANONICAL-1000-0058AA50,,,decomp/leaf323d1aab/tests/properties.cpp,decomp/evidence/canonical_1000.md,Returns original constant 0x01693BC4; frozen-V6 member and locally byte-identical I386 body; CI pending
FUN_0058AAC0,0x0058AAC0,0x0018AAC0,.text,6,FUN_0058AAC0,,ACTIVE,HIGH,true,false,false,false,false,false,false,thiscall,uint32_t,,const void*; observed PE32 leaf contract,UNKNOWN,LeafRecovery,decomp/leaf323d1aab/generated/src/leaves_002.cpp,coordinator,CANONICAL-1000-0058AAC0,,,decomp/leaf323d1aab/tests/properties.cpp,decomp/evidence/canonical_1000.md,Returns original constant 0x01693E04; frozen-V6 member and locally byte-identical I386 body; CI pending
FUN_0058AB30,0x0058AB30,0x0018AB30,.text,6,FUN_0058AB30,,ACTIVE,HIGH,true,false,false,false,false,false,false,thiscall,uint32_t,,const void*; observed PE32 leaf contract,UNKNOWN,LeafRecovery,decomp/leaf323d1aab/generated/src/leaves_002.cpp,coordinator,CANONICAL-1000-0058AB30,,,decomp/leaf323d1aab/tests/properties.cpp,decomp/evidence/canonical_1000.md,Returns original constant 0x016B160C; frozen-V6 member and locally byte-identical I386 body; CI pending
FUN_0058AB40,0x0058AB40,0x0018AB40,.text,6,FUN_0058AB40,,ACTIVE,HIGH,true,false,false,false,false,false,false,thiscall,uint32_t,,const void*; observed PE32 leaf contract,UNKNOWN,LeafRecovery,decomp/leaf323d1aab/generated/src/leaves_002.cpp,coordinator,CANONICAL-1000-0058AB40,,,decomp/leaf323d1aab/tests/properties.cpp,decomp/evidence/canonical_1000.md,Returns original constant 0x013A4E00; frozen-V6 member and locally byte-identical I386 body; CI pending
FUN_0058ABF0,0x0058ABF0,0x0018ABF0,.text,6,FUN_0058ABF0,,ACTIVE,HIGH,true,false,false,false,false,false,false,thiscall,uint32_t,,const void*; observed PE32 leaf contract,UNKNOWN,LeafRecovery,decomp/leaf323d1aab/generated/src/leaves_002.cpp,coordinator,CANONICAL-1000-0058ABF0,,,decomp/leaf323d1aab/tests/properties.cpp,decomp/evidence/canonical_1000.md,Returns original constant 0x016B1678; frozen-V6 member and locally byte-identical I386 body; CI pending
FUN_0058AC00,0x0058AC00,0x0018AC00,.text,6,FUN_0058AC00,,ACTIVE,HIGH,true,false,false,false,false,false,false,thiscall,uint32_t,,const void*; observed PE32 leaf contract,UNKNOWN,LeafRecovery,decomp/leaf323d1aab/generated/src/leaves_002.cpp,coordinator,CANONICAL-1000-0058AC00,,,decomp/leaf323d1aab/tests/properties.cpp,decomp/evidence/canonical_1000.md,Returns original constant 0x013A4E20; frozen-V6 member and locally byte-identical I386 body; CI pending
FUN_0058AD10,0x0058AD10,0x0018AD10,.text,6,FUN_0058AD10,,ACTIVE,HIGH,true,false,false,false,false,false,false,thiscall,uint32_t,,const void*; observed PE32 leaf contract,UNKNOWN,LeafRecovery,decomp/leaf323d1aab/generated/src/leaves_002.cpp,coordinator,CANONICAL-1000-0058AD10,,,decomp/leaf323d1aab/tests/properties.cpp,decomp/evidence/canonical_1000.md,Returns original constant 0x016B169C; frozen-V6 member and locally byte-identical I386 body; CI pending
FUN_0058AD20,0x0058AD20,0x0018AD20,.text,6,FUN_0058AD20,,ACTIVE,HIGH,true,false,false,false,false,false,false,thiscall,uint32_t,,const void*; observed PE32 leaf contract,UNKNOWN,LeafRecovery,decomp/leaf323d1aab/generated/src/leaves_002.cpp,coordinator,CANONICAL-1000-0058AD20,,,decomp/leaf323d1aab/tests/properties.cpp,decomp/evidence/canonical_1000.md,Returns original constant 0x013A4E38; frozen-V6 member and locally byte-identical I386 body; CI pending
FUN_0058AD60,0x0058AD60,0x0018AD60,.text,6,FUN_0058AD60,,ACTIVE,HIGH,true,false,false,false,false,false,false,thiscall,uint32_t,,const void*; observed PE32 leaf contract,UNKNOWN,LeafRecovery,decomp/leaf323d1aab/generated/src/leaves_002.cpp,coordinator,CANONICAL-1000-0058AD60,,,decomp/leaf323d1aab/tests/properties.cpp,decomp/evidence/canonical_1000.md,Returns original constant 0x016B16C0; frozen-V6 member and locally byte-identical I386 body; CI pending
FUN_0058AD70,0x0058AD70,0x0018AD70,.text,6,FUN_0058AD70,,ACTIVE,HIGH,true,false,false,false,false,false,false,thiscall,uint32_t,,const void*; observed PE32 leaf contract,UNKNOWN,LeafRecovery,decomp/leaf323d1aab/generated/src/leaves_002.cpp,coordinator,CANONICAL-1000-0058AD70,,,decomp/leaf323d1aab/tests/properties.cpp,decomp/evidence/canonical_1000.md,Returns original constant 0x013A4E54; frozen-V6 member and locally byte-identical I386 body; CI pending
FUN_0058ADE0,0x0058ADE0,0x0018ADE0,.text,6,FUN_0058ADE0,,ACTIVE,HIGH,true,false,false,false,false,false,false,thiscall,uint32_t,,const void*; observed PE32 leaf contract,UNKNOWN,LeafRecovery,decomp/leaf323d1aab/generated/src/leaves_002.cpp,coordinator,CANONICAL-1000-0058ADE0,,,decomp/leaf323d1aab/tests/properties.cpp,decomp/evidence/canonical_1000.md,Returns original constant 0x016B16E4; frozen-V6 member and locally byte-identical I386 body; CI pending
FUN_0058ADF0,0x0058ADF0,0x0018ADF0,.text,6,FUN_0058ADF0,,ACTIVE,HIGH,true,false,false,false,false,false,false,thiscall,uint32_t,,const void*; observed PE32 leaf contract,UNKNOWN,LeafRecovery,decomp/leaf323d1aab/generated/src/leaves_002.cpp,coordinator,CANONICAL-1000-0058ADF0,,,decomp/leaf323d1aab/tests/properties.cpp,decomp/evidence/canonical_1000.md,Returns original constant 0x013A4E6C; frozen-V6 member and locally byte-identical I386 body; CI pending
FUN_0058AE70,0x0058AE70,0x0018AE70,.text,6,FUN_0058AE70,,ACTIVE,HIGH,true,false,false,false,false,false,false,thiscall,uint32_t,,const void*; observed PE32 leaf contract,UNKNOWN,LeafRecovery,decomp/leaf323d1aab/generated/src/leaves_002.cpp,coordinator,CANONICAL-1000-0058AE70,,,decomp/leaf323d1aab/tests/properties.cpp,decomp/evidence/canonical_1000.md,Returns original constant 0x016B1708; frozen-V6 member and locally byte-identical I386 body; CI pending
FUN_0058AE80,0x0058AE80,0x0018AE80,.text,6,FUN_0058AE80,,ACTIVE,HIGH,true,false,false,false,false,false,false,thiscall,uint32_t,,const void*; observed PE32 leaf contract,UNKNOWN,LeafRecovery,decomp/leaf323d1aab/generated/src/leaves_002.cpp,coordinator,CANONICAL-1000-0058AE80,,,decomp/leaf323d1aab/tests/properties.cpp,decomp/evidence/canonical_1000.md,Returns original constant 0x013A4E84; frozen-V6 member and locally byte-identical I386 body; CI pending
FUN_0058AF20,0x0058AF20,0x0018AF20,.text,6,FUN_0058AF20,,ACTIVE,HIGH,true,false,false,false,false,false,false,thiscall,uint32_t,,const void*; observed PE32 leaf contract,UNKNOWN,LeafRecovery,decomp/leaf323d1aab/generated/src/leaves_002.cpp,coordinator,CANONICAL-1000-0058AF20,,,decomp/leaf323d1aab/tests/properties.cpp,decomp/evidence/canonical_1000.md,Returns original constant 0x016B172C; frozen-V6 member and locally byte-identical I386 body; CI pending
FUN_0058AF30,0x0058AF30,0x0018AF30,.text,6,FUN_0058AF30,,ACTIVE,HIGH,true,false,false,false,false,false,false,thiscall,uint32_t,,const void*; observed PE32 leaf contract,UNKNOWN,LeafRecovery,decomp/leaf323d1aab/generated/src/leaves_002.cpp,coordinator,CANONICAL-1000-0058AF30,,,decomp/leaf323d1aab/tests/properties.cpp,decomp/evidence/canonical_1000.md,Returns original constant 0x013A4E9C; frozen-V6 member and locally byte-identical I386 body; CI pending
FUN_0058AFA0,0x0058AFA0,0x0018AFA0,.text,6,FUN_0058AFA0,,ACTIVE,HIGH,true,false,false,false,false,false,false,thiscall,uint32_t,,const void*; observed PE32 leaf contract,UNKNOWN,LeafRecovery,decomp/leaf323d1aab/generated/src/leaves_002.cpp,coordinator,CANONICAL-1000-0058AFA0,,,decomp/leaf323d1aab/tests/properties.cpp,decomp/evidence/canonical_1000.md,Returns original constant 0x016B1750; frozen-V6 member and locally byte-identical I386 body; CI pending
FUN_0058AFB0,0x0058AFB0,0x0018AFB0,.text,6,FUN_0058AFB0,,ACTIVE,HIGH,true,false,false,false,false,false,false,thiscall,uint32_t,,const void*; observed PE32 leaf contract,UNKNOWN,LeafRecovery,decomp/leaf323d1aab/generated/src/leaves_002.cpp,coordinator,CANONICAL-1000-0058AFB0,,,decomp/leaf323d1aab/tests/properties.cpp,decomp/evidence/canonical_1000.md,Returns original constant 0x013A4EB4; frozen-V6 member and locally byte-identical I386 body; CI pending
FUN_0058AFC0,0x0058AFC0,0x0018AFC0,.text,6,FUN_0058AFC0,,ACTIVE,HIGH,true,false,false,false,false,false,false,thiscall,uint32_t,,const void*; observed PE32 leaf contract,UNKNOWN,LeafRecovery,decomp/leaf323d1aab/generated/src/leaves_002.cpp,coordinator,CANONICAL-1000-0058AFC0,,,decomp/leaf323d1aab/tests/properties.cpp,decomp/evidence/canonical_1000.md,Returns original constant 0x016B1774; frozen-V6 member and locally byte-identical I386 body; CI pending
FUN_0058AFD0,0x0058AFD0,0x0018AFD0,.text,6,FUN_0058AFD0,,ACTIVE,HIGH,true,false,false,false,false,false,false,thiscall,uint32_t,,const void*; observed PE32 leaf contract,UNKNOWN,LeafRecovery,decomp/leaf323d1aab/generated/src/leaves_003.cpp,coordinator,CANONICAL-1000-0058AFD0,,,decomp/leaf323d1aab/tests/properties.cpp,decomp/evidence/canonical_1000.md,Returns original constant 0x013A4ED0; frozen-V6 member and locally byte-identical I386 body; CI pending
FUN_0058B1E0,0x0058B1E0,0x0018B1E0,.text,6,FUN_0058B1E0,,ACTIVE,HIGH,true,false,false,false,false,false,false,thiscall,uint32_t,,const void*; observed PE32 leaf contract,UNKNOWN,LeafRecovery,decomp/leaf323d1aab/generated/src/leaves_003.cpp,coordinator,CANONICAL-1000-0058B1E0,,,decomp/leaf323d1aab/tests/properties.cpp,decomp/evidence/canonical_1000.md,Returns original constant 0x01693BE8; frozen-V6 member and locally byte-identical I386 body; CI pending
FUN_0058B1F0,0x0058B1F0,0x0018B1F0,.text,6,FUN_0058B1F0,,ACTIVE,HIGH,true,false,false,false,false,false,false,thiscall,uint32_t,,const void*; observed PE32 leaf contract,UNKNOWN,LeafRecovery,decomp/leaf323d1aab/generated/src/leaves_003.cpp,coordinator,CANONICAL-1000-0058B1F0,,,decomp/leaf323d1aab/tests/properties.cpp,decomp/evidence/canonical_1000.md,Returns original constant 0x01693C30; frozen-V6 member and locally byte-identical I386 body; CI pending
FUN_0058B3D0,0x0058B3D0,0x0018B3D0,.text,6,FUN_0058B3D0,,ACTIVE,HIGH,true,false,false,false,false,false,false,thiscall,uint32_t,,const void*; observed PE32 leaf contract,UNKNOWN,LeafRecovery,decomp/leaf323d1aab/generated/src/leaves_003.cpp,coordinator,CANONICAL-1000-0058B3D0,,,decomp/leaf323d1aab/tests/properties.cpp,decomp/evidence/canonical_1000.md,Returns original constant 0x01693C9C; frozen-V6 member and locally byte-identical I386 body; CI pending
FUN_0058B440,0x0058B440,0x0018B440,.text,6,FUN_0058B440,,ACTIVE,HIGH,true,false,false,false,false,false,false,thiscall,uint32_t,,const void*; observed PE32 leaf contract,UNKNOWN,LeafRecovery,decomp/leaf323d1aab/generated/src/leaves_003.cpp,coordinator,CANONICAL-1000-0058B440,,,decomp/leaf323d1aab/tests/properties.cpp,decomp/evidence/canonical_1000.md,Returns original constant 0x01693CE4; frozen-V6 member and locally byte-identical I386 body; CI pending
FUN_0058B530,0x0058B530,0x0018B530,.text,6,FUN_0058B530,,ACTIVE,HIGH,true,false,false,false,false,false,false,thiscall,uint32_t,,const void*; observed PE32 leaf contract,UNKNOWN,LeafRecovery,decomp/leaf323d1aab/generated/src/leaves_003.cpp,coordinator,CANONICAL-1000-0058B530,,,decomp/leaf323d1aab/tests/properties.cpp,decomp/evidence/canonical_1000.md,Returns original constant 0x01693D50; frozen-V6 member and locally byte-identical I386 body; CI pending
FUN_0058B5A0,0x0058B5A0,0x0018B5A0,.text,6,FUN_0058B5A0,,ACTIVE,HIGH,true,false,false,false,false,false,false,thiscall,uint32_t,,const void*; observed PE32 leaf contract,UNKNOWN,LeafRecovery,decomp/leaf323d1aab/generated/src/leaves_003.cpp,coordinator,CANONICAL-1000-0058B5A0,,,decomp/leaf323d1aab/tests/properties.cpp,decomp/evidence/canonical_1000.md,Returns original constant 0x01693DBC; frozen-V6 member and locally byte-identical I386 body; CI pending
FUN_0058B5B0,0x0058B5B0,0x0018B5B0,.text,6,FUN_0058B5B0,,ACTIVE,HIGH,true,false,false,false,false,false,false,thiscall,uint32_t,,const void*; observed PE32 leaf contract,UNKNOWN,LeafRecovery,decomp/leaf323d1aab/generated/src/leaves_003.cpp,coordinator,CANONICAL-1000-0058B5B0,,,decomp/leaf323d1aab/tests/properties.cpp,decomp/evidence/canonical_1000.md,Returns original constant 0x01693B10; frozen-V6 member and locally byte-identical I386 body; CI pending
FUN_0058B600,0x0058B600,0x0018B600,.text,6,FUN_0058B600,,ACTIVE,HIGH,true,false,false,false,false,false,false,thiscall,uint32_t,,const void*; observed PE32 leaf contract,UNKNOWN,LeafRecovery,decomp/leaf323d1aab/generated/src/leaves_003.cpp,coordinator,CANONICAL-1000-0058B600,,,decomp/leaf323d1aab/tests/properties.cpp,decomp/evidence/canonical_1000.md,Returns original constant 0x01693C54; frozen-V6 member and locally byte-identical I386 body; CI pending
FUN_0058B610,0x0058B610,0x0018B610,.text,6,FUN_0058B610,,ACTIVE,HIGH,true,false,false,false,false,false,false,thiscall,uint32_t,,const void*; observed PE32 leaf contract,UNKNOWN,LeafRecovery,decomp/leaf323d1aab/generated/src/leaves_003.cpp,coordinator,CANONICAL-1000-0058B610,,,decomp/leaf323d1aab/tests/properties.cpp,decomp/evidence/canonical_1000.md,Returns original constant 0x01693CC0; frozen-V6 member and locally byte-identical I386 body; CI pending
FUN_0058B6E0,0x0058B6E0,0x0018B6E0,.text,6,FUN_0058B6E0,,ACTIVE,HIGH,true,false,false,false,false,false,false,thiscall,uint32_t,,const void*; observed PE32 leaf contract,UNKNOWN,LeafRecovery,decomp/leaf323d1aab/generated/src/leaves_003.cpp,coordinator,CANONICAL-1000-0058B6E0,,,decomp/leaf323d1aab/tests/properties.cpp,decomp/evidence/canonical_1000.md,Returns original constant 0x01693D98; frozen-V6 member and locally byte-identical I386 body; CI pending
FUN_0058B820,0x0058B820,0x0018B820,.text,6,FUN_0058B820,,ACTIVE,HIGH,true,false,false,false,false,false,false,thiscall,uint32_t,,const void*; observed PE32 leaf contract,UNKNOWN,LeafRecovery,decomp/leaf323d1aab/generated/src/leaves_003.cpp,coordinator,CANONICAL-1000-0058B820,,,decomp/leaf323d1aab/tests/properties.cpp,decomp/evidence/canonical_1000.md,Returns original constant 0x01693DE0; frozen-V6 member and locally byte-identical I386 body; CI pending
FUN_0058B910,0x0058B910,0x0018B910,.text,6,FUN_0058B910,,ACTIVE,HIGH,true,false,false,false,false,false,false,thiscall,uint32_t,,const void*; observed PE32 leaf contract,UNKNOWN,LeafRecovery,decomp/leaf323d1aab/generated/src/leaves_003.cpp,coordinator,CANONICAL-1000-0058B910,,,decomp/leaf323d1aab/tests/properties.cpp,decomp/evidence/canonical_1000.md,Returns original constant 0x01693E28; frozen-V6 member and locally byte-identical I386 body; CI pending
FUN_0058BBA0,0x0058BBA0,0x0018BBA0,.text,6,FUN_0058BBA0,,ACTIVE,HIGH,true,false,false,false,false,false,false,thiscall,uint32_t,,const void*; observed PE32 leaf contract,UNKNOWN,LeafRecovery,decomp/leaf323d1aab/generated/src/leaves_003.cpp,coordinator,CANONICAL-1000-0058BBA0,,,decomp/leaf323d1aab/tests/properties.cpp,decomp/evidence/canonical_1000.md,Returns original constant 0x01693E94; frozen-V6 member and locally byte-identical I386 body; CI pending
FUN_0058BBB0,0x0058BBB0,0x0018BBB0,.text,6,FUN_0058BBB0,,ACTIVE,HIGH,true,false,false,false,false,false,false,thiscall,uint32_t,,const void*; observed PE32 leaf contract,UNKNOWN,LeafRecovery,decomp/leaf323d1aab/generated/src/leaves_003.cpp,coordinator,CANONICAL-1000-0058BBB0,,,decomp/leaf323d1aab/tests/properties.cpp,decomp/evidence/canonical_1000.md,Returns original constant 0x01693EB8; frozen-V6 member and locally byte-identical I386 body; CI pending
FUN_0058EBA0,0x0058EBA0,0x0018EBA0,.text,6,FUN_0058EBA0,,ACTIVE,HIGH,true,false,false,false,false,false,false,thiscall,uint32_t,,const void*; observed PE32 leaf contract,UNKNOWN,LeafRecovery,decomp/leaf323d1aab/generated/src/leaves_003.cpp,coordinator,CANONICAL-1000-0058EBA0,,,decomp/leaf323d1aab/tests/properties.cpp,decomp/evidence/canonical_1000.md,Returns original constant 0x01693E70; frozen-V6 member and locally byte-identical I386 body; CI pending
FUN_0058EC60,0x0058EC60,0x0018EC60,.text,6,FUN_0058EC60,,ACTIVE,HIGH,true,false,false,false,false,false,false,thiscall,uint32_t,,const void*; observed PE32 leaf contract,UNKNOWN,LeafRecovery,decomp/leaf323d1aab/generated/src/leaves_003.cpp,coordinator,CANONICAL-1000-0058EC60,,,decomp/leaf323d1aab/tests/properties.cpp,decomp/evidence/canonical_1000.md,Returns original constant 0x01693E4C; frozen-V6 member and locally byte-identical I386 body; CI pending
FUN_0058ECA0,0x0058ECA0,0x0018ECA0,.text,6,FUN_0058ECA0,,ACTIVE,HIGH,true,false,false,false,false,false,false,thiscall,uint32_t,,const void*; observed PE32 leaf contract,UNKNOWN,LeafRecovery,decomp/leaf323d1aab/generated/src/leaves_003.cpp,coordinator,CANONICAL-1000-0058ECA0,,,decomp/leaf323d1aab/tests/properties.cpp,decomp/evidence/canonical_1000.md,Returns original constant 0x01693EDC; frozen-V6 member and locally byte-identical I386 body; CI pending
FUN_0058ED90,0x0058ED90,0x0018ED90,.text,6,FUN_0058ED90,,ACTIVE,HIGH,true,false,false,false,false,false,false,thiscall,uint32_t,,const void*; observed PE32 leaf contract,UNKNOWN,LeafRecovery,decomp/leaf323d1aab/generated/src/leaves_003.cpp,coordinator,CANONICAL-1000-0058ED90,,,decomp/leaf323d1aab/tests/properties.cpp,decomp/evidence/canonical_1000.md,Returns original constant 0x01760A0C; frozen-V6 member and locally byte-identical I386 body; CI pending
FUN_0058EE70,0x0058EE70,0x0018EE70,.text,6,FUN_0058EE70,,ACTIVE,HIGH,true,false,false,false,false,false,false,thiscall,uint32_t,,const void*; observed PE32 leaf contract,UNKNOWN,LeafRecovery,decomp/leaf323d1aab/generated/src/leaves_003.cpp,coordinator,CANONICAL-1000-0058EE70,,,decomp/leaf323d1aab/tests/properties.cpp,decomp/evidence/canonical_1000.md,Returns original constant 0x017609E8; frozen-V6 member and locally byte-identical I386 body; CI pending
FUN_0058EEB0,0x0058EEB0,0x0018EEB0,.text,6,FUN_0058EEB0,,ACTIVE,HIGH,true,false,false,false,false,false,false,thiscall,uint32_t,,const void*; observed PE32 leaf contract,UNKNOWN,LeafRecovery,decomp/leaf323d1aab/generated/src/leaves_003.cpp,coordinator,CANONICAL-1000-0058EEB0,,,decomp/leaf323d1aab/tests/properties.cpp,decomp/evidence/canonical_1000.md,Returns original constant 0x01761864; frozen-V6 member and locally byte-identical I386 body; CI pending
FUN_0058EFD0,0x0058EFD0,0x0018EFD0,.text,6,FUN_0058EFD0,,ACTIVE,HIGH,true,false,false,false,false,false,false,thiscall,uint32_t,,const void*; observed PE32 leaf contract,UNKNOWN,LeafRecovery,decomp/leaf323d1aab/generated/src/leaves_003.cpp,coordinator,CANONICAL-1000-0058EFD0,,,decomp/leaf323d1aab/tests/properties.cpp,decomp/evidence/canonical_1000.md,Returns original constant 0x01761888; frozen-V6 member and locally byte-identical I386 body; CI pending
FUN_0058F470,0x0058F470,0x0018F470,.text,6,FUN_0058F470,,ACTIVE,HIGH,true,false,false,false,false,false,false,thiscall,uint32_t,,const void*; observed PE32 leaf contract,UNKNOWN,LeafRecovery,decomp/leaf323d1aab/generated/src/leaves_003.cpp,coordinator,CANONICAL-1000-0058F470,,,decomp/leaf323d1aab/tests/properties.cpp,decomp/evidence/canonical_1000.md,Returns original constant 0x01693F00; frozen-V6 member and locally byte-identical I386 body; CI pending
FUN_0058F5D0,0x0058F5D0,0x0018F5D0,.text,6,FUN_0058F5D0,,ACTIVE,HIGH,true,false,false,false,false,false,false,thiscall,uint32_t,,const void*; observed PE32 leaf contract,UNKNOWN,LeafRecovery,decomp/leaf323d1aab/generated/src/leaves_003.cpp,coordinator,CANONICAL-1000-0058F5D0,,,decomp/leaf323d1aab/tests/properties.cpp,decomp/evidence/canonical_1000.md,Returns original constant 0x01694020; frozen-V6 member and locally byte-identical I386 body; CI pending
FUN_0058F5E0,0x0058F5E0,0x0018F5E0,.text,6,FUN_0058F5E0,,ACTIVE,HIGH,true,false,false,false,false,false,false,thiscall,uint32_t,,const void*; observed PE32 leaf contract,UNKNOWN,LeafRecovery,decomp/leaf323d1aab/generated/src/leaves_003.cpp,coordinator,CANONICAL-1000-0058F5E0,,,decomp/leaf323d1aab/tests/properties.cpp,decomp/evidence/canonical_1000.md,Returns original constant 0x01694068; frozen-V6 member and locally byte-identical I386 body; CI pending
FUN_0058F5F0,0x0058F5F0,0x0018F5F0,.text,7,FUN_0058F5F0,,ACTIVE,HIGH,true,false,false,false,false,false,false,thiscall,uint32_t,,const void*; observed PE32 leaf contract,UNKNOWN,LeafRecovery,decomp/leaf323d1aab/generated/src/leaves_003.cpp,coordinator,CANONICAL-1000-0058F5F0,,,decomp/leaf323d1aab/tests/properties.cpp,decomp/evidence/canonical_1000.md,Unsigned 32-bit load at this+0x4B4; frozen-V6 member and locally byte-identical I386 body; CI pending
FUN_0058F600,0x0058F600,0x0018F600,.text,7,FUN_0058F600,,ACTIVE,HIGH,true,false,false,false,false,false,false,thiscall,uint32_t,,const void*; observed PE32 leaf contract,UNKNOWN,LeafRecovery,decomp/leaf323d1aab/generated/src/leaves_003.cpp,coordinator,CANONICAL-1000-0058F600,,,decomp/leaf323d1aab/tests/properties.cpp,decomp/evidence/canonical_1000.md,Unsigned 32-bit load at this+0x514; frozen-V6 member and locally byte-identical I386 body; CI pending
FUN_0058F610,0x0058F610,0x0018F610,.text,7,FUN_0058F610,,ACTIVE,HIGH,true,false,false,false,false,false,false,thiscall,uint32_t,,const void*; observed PE32 leaf contract,UNKNOWN,LeafRecovery,decomp/leaf323d1aab/generated/src/leaves_003.cpp,coordinator,CANONICAL-1000-0058F610,,,decomp/leaf323d1aab/tests/properties.cpp,decomp/evidence/canonical_1000.md,Unsigned 32-bit load at this+0x528; frozen-V6 member and locally byte-identical I386 body; CI pending
FUN_00593EB0,0x00593EB0,0x00193EB0,.text,7,FUN_00593EB0,,ACTIVE,HIGH,true,false,false,false,false,false,false,thiscall,uint32_t,,const void*; observed PE32 leaf contract,UNKNOWN,LeafRecovery,decomp/leaf323d1aab/generated/src/leaves_003.cpp,coordinator,CANONICAL-1000-00593EB0,,,decomp/leaf323d1aab/tests/properties.cpp,decomp/evidence/canonical_1000.md,Unsigned 32-bit load at this+0xDC; frozen-V6 member and locally byte-identical I386 body; CI pending
FUN_005AFDC0,0x005AFDC0,0x001AFDC0,.text,6,FUN_005AFDC0,,ACTIVE,HIGH,true,false,false,false,false,false,false,thiscall,uint32_t,,const void*; observed PE32 leaf contract,UNKNOWN,LeafRecovery,decomp/leaf323d1aab/generated/src/leaves_003.cpp,coordinator,CANONICAL-1000-005AFDC0,,,decomp/leaf323d1aab/tests/properties.cpp,decomp/evidence/canonical_1000.md,Returns original constant 0x01693F6C; frozen-V6 member and locally byte-identical I386 body; CI pending
FUN_005AFDD0,0x005AFDD0,0x001AFDD0,.text,6,FUN_005AFDD0,,ACTIVE,HIGH,true,false,false,false,false,false,false,thiscall,uint32_t,,const void*; observed PE32 leaf contract,UNKNOWN,LeafRecovery,decomp/leaf323d1aab/generated/src/leaves_003.cpp,coordinator,CANONICAL-1000-005AFDD0,,,decomp/leaf323d1aab/tests/properties.cpp,decomp/evidence/canonical_1000.md,Returns original constant 0x01693F90; frozen-V6 member and locally byte-identical I386 body; CI pending
FUN_005AFDE0,0x005AFDE0,0x001AFDE0,.text,6,FUN_005AFDE0,,ACTIVE,HIGH,true,false,false,false,false,false,false,thiscall,uint32_t,,const void*; observed PE32 leaf contract,UNKNOWN,LeafRecovery,decomp/leaf323d1aab/generated/src/leaves_003.cpp,coordinator,CANONICAL-1000-005AFDE0,,,decomp/leaf323d1aab/tests/properties.cpp,decomp/evidence/canonical_1000.md,Returns original constant 0x01693FB4; frozen-V6 member and locally byte-identical I386 body; CI pending
FUN_005AFDF0,0x005AFDF0,0x001AFDF0,.text,6,FUN_005AFDF0,,ACTIVE,HIGH,true,false,false,false,false,false,false,thiscall,uint32_t,,const void*; observed PE32 leaf contract,UNKNOWN,LeafRecovery,decomp/leaf323d1aab/generated/src/leaves_003.cpp,coordinator,CANONICAL-1000-005AFDF0,,,decomp/leaf323d1aab/tests/properties.cpp,decomp/evidence/canonical_1000.md,Returns original constant 0x01760808; frozen-V6 member and locally byte-identical I386 body; CI pending
FUN_005AFE30,0x005AFE30,0x001AFE30,.text,6,FUN_005AFE30,,ACTIVE,HIGH,true,false,false,false,false,false,false,thiscall,uint32_t,,const void*; observed PE32 leaf contract,UNKNOWN,LeafRecovery,decomp/leaf323d1aab/generated/src/leaves_003.cpp,coordinator,CANONICAL-1000-005AFE30,,,decomp/leaf323d1aab/tests/properties.cpp,decomp/evidence/canonical_1000.md,Returns original constant 0x016940B0; frozen-V6 member and locally byte-identical I386 body; CI pending
FUN_005AFE40,0x005AFE40,0x001AFE40,.text,6,FUN_005AFE40,,ACTIVE,HIGH,true,false,false,false,false,false,false,thiscall,uint32_t,,const void*; observed PE32 leaf contract,UNKNOWN,LeafRecovery,decomp/leaf323d1aab/generated/src/leaves_003.cpp,coordinator,CANONICAL-1000-005AFE40,,,decomp/leaf323d1aab/tests/properties.cpp,decomp/evidence/canonical_1000.md,Returns original constant 0x01694140; frozen-V6 member and locally byte-identical I386 body; CI pending
FUN_005AFE50,0x005AFE50,0x001AFE50,.text,6,FUN_005AFE50,,ACTIVE,HIGH,true,false,false,false,false,false,false,thiscall,uint32_t,,const void*; observed PE32 leaf contract,UNKNOWN,LeafRecovery,decomp/leaf323d1aab/generated/src/leaves_003.cpp,coordinator,CANONICAL-1000-005AFE50,,,decomp/leaf323d1aab/tests/properties.cpp,decomp/evidence/canonical_1000.md,Returns original constant 0x01694164; frozen-V6 member and locally byte-identical I386 body; CI pending
FUN_005B0280,0x005B0280,0x001B0280,.text,6,FUN_005B0280,,ACTIVE,HIGH,true,false,false,false,false,false,false,thiscall,uint32_t,,const void*; observed PE32 leaf contract,UNKNOWN,LeafRecovery,decomp/leaf323d1aab/generated/src/leaves_003.cpp,coordinator,CANONICAL-1000-005B0280,,,decomp/leaf323d1aab/tests/properties.cpp,decomp/evidence/canonical_1000.md,Returns original constant 0x01761240; frozen-V6 member and locally byte-identical I386 body; CI pending
FUN_005B0530,0x005B0530,0x001B0530,.text,6,FUN_005B0530,,ACTIVE,HIGH,true,false,false,false,false,false,false,thiscall,uint32_t,,const void*; observed PE32 leaf contract,UNKNOWN,LeafRecovery,decomp/leaf323d1aab/generated/src/leaves_003.cpp,coordinator,CANONICAL-1000-005B0530,,,decomp/leaf323d1aab/tests/properties.cpp,decomp/evidence/canonical_1000.md,Returns original constant 0x016941AC; frozen-V6 member and locally byte-identical I386 body; CI pending
FUN_005B0660,0x005B0660,0x001B0660,.text,6,FUN_005B0660,,ACTIVE,HIGH,true,false,false,false,false,false,false,thiscall,uint32_t,,const void*; observed PE32 leaf contract,UNKNOWN,LeafRecovery,decomp/leaf323d1aab/generated/src/leaves_003.cpp,coordinator,CANONICAL-1000-005B0660,,,decomp/leaf323d1aab/tests/properties.cpp,decomp/evidence/canonical_1000.md,Returns original constant 0x01693F48; frozen-V6 member and locally byte-identical I386 body; CI pending
FUN_005B06E0,0x005B06E0,0x001B06E0,.text,6,FUN_005B06E0,,ACTIVE,HIGH,true,false,false,false,false,false,false,thiscall,uint32_t,,const void*; observed PE32 leaf contract,UNKNOWN,LeafRecovery,decomp/leaf323d1aab/generated/src/leaves_003.cpp,coordinator,CANONICAL-1000-005B06E0,,,decomp/leaf323d1aab/tests/properties.cpp,decomp/evidence/canonical_1000.md,Returns original constant 0x01693FFC; frozen-V6 member and locally byte-identical I386 body; CI pending
FUN_005B07B0,0x005B07B0,0x001B07B0,.text,6,FUN_005B07B0,,ACTIVE,HIGH,true,false,false,false,false,false,false,thiscall,uint32_t,,const void*; observed PE32 leaf contract,UNKNOWN,LeafRecovery,decomp/leaf323d1aab/generated/src/leaves_003.cpp,coordinator,CANONICAL-1000-005B07B0,,,decomp/leaf323d1aab/tests/properties.cpp,decomp/evidence/canonical_1000.md,Returns original constant 0x01694044; frozen-V6 member and locally byte-identical I386 body; CI pending
FUN_005B0960,0x005B0960,0x001B0960,.text,6,FUN_005B0960,,ACTIVE,HIGH,true,false,false,false,false,false,false,thiscall,uint32_t,,const void*; observed PE32 leaf contract,UNKNOWN,LeafRecovery,decomp/leaf323d1aab/generated/src/leaves_003.cpp,coordinator,CANONICAL-1000-005B0960,,,decomp/leaf323d1aab/tests/properties.cpp,decomp/evidence/canonical_1000.md,Returns original constant 0x0169408C; frozen-V6 member and locally byte-identical I386 body; CI pending
FUN_005B0B70,0x005B0B70,0x001B0B70,.text,6,FUN_005B0B70,,ACTIVE,HIGH,true,false,false,false,false,false,false,thiscall,uint32_t,,const void*; observed PE32 leaf contract,UNKNOWN,LeafRecovery,decomp/leaf323d1aab/generated/src/leaves_003.cpp,coordinator,CANONICAL-1000-005B0B70,,,decomp/leaf323d1aab/tests/properties.cpp,decomp/evidence/canonical_1000.md,Returns original constant 0x016940D4; frozen-V6 member and locally byte-identical I386 body; CI pending
FUN_005B0B80,0x005B0B80,0x001B0B80,.text,6,FUN_005B0B80,,ACTIVE,HIGH,true,false,false,false,false,false,false,thiscall,uint32_t,,const void*; observed PE32 leaf contract,UNKNOWN,LeafRecovery,decomp/leaf323d1aab/generated/src/leaves_003.cpp,coordinator,CANONICAL-1000-005B0B80,,,decomp/leaf323d1aab/tests/properties.cpp,decomp/evidence/canonical_1000.md,Returns original constant 0x016940F8; frozen-V6 member and locally byte-identical I386 body; CI pending
FUN_005B1040,0x005B1040,0x001B1040,.text,6,FUN_005B1040,,ACTIVE,HIGH,true,false,false,false,false,false,false,thiscall,uint32_t,,const void*; observed PE32 leaf contract,UNKNOWN,LeafRecovery,decomp/leaf323d1aab/generated/src/leaves_003.cpp,coordinator,CANONICAL-1000-005B1040,,,decomp/leaf323d1aab/tests/properties.cpp,decomp/evidence/canonical_1000.md,Returns original constant 0x0169411C; frozen-V6 member and locally byte-identical I386 body; CI pending
FUN_005B11B0,0x005B11B0,0x001B11B0,.text,6,FUN_005B11B0,,ACTIVE,HIGH,true,false,false,false,false,false,false,thiscall,uint32_t,,const void*; observed PE32 leaf contract,UNKNOWN,LeafRecovery,decomp/leaf323d1aab/generated/src/leaves_003.cpp,coordinator,CANONICAL-1000-005B11B0,,,decomp/leaf323d1aab/tests/properties.cpp,decomp/evidence/canonical_1000.md,Returns original constant 0x01693F24; frozen-V6 member and locally byte-identical I386 body; CI pending
FUN_005B3E40,0x005B3E40,0x001B3E40,.text,6,FUN_005B3E40,,ACTIVE,HIGH,true,false,false,false,false,false,false,thiscall,uint32_t,,const void*; observed PE32 leaf contract,UNKNOWN,LeafRecovery,decomp/leaf323d1aab/generated/src/leaves_003.cpp,coordinator,CANONICAL-1000-005B3E40,,,decomp/leaf323d1aab/tests/properties.cpp,decomp/evidence/canonical_1000.md,Returns original constant 0x01694188; frozen-V6 member and locally byte-identical I386 body; CI pending
FUN_005B3ED0,0x005B3ED0,0x001B3ED0,.text,6,FUN_005B3ED0,,ACTIVE,HIGH,true,false,false,false,false,false,false,thiscall,uint32_t,,const void*; observed PE32 leaf contract,UNKNOWN,LeafRecovery,decomp/leaf323d1aab/generated/src/leaves_003.cpp,coordinator,CANONICAL-1000-005B3ED0,,,decomp/leaf323d1aab/tests/properties.cpp,decomp/evidence/canonical_1000.md,Returns original constant 0x016941D0; frozen-V6 member and locally byte-identical I386 body; CI pending
FUN_005B3F70,0x005B3F70,0x001B3F70,.text,6,FUN_005B3F70,,ACTIVE,HIGH,true,false,false,false,false,false,false,thiscall,uint32_t,,const void*; observed PE32 leaf contract,UNKNOWN,LeafRecovery,decomp/leaf323d1aab/generated/src/leaves_003.cpp,coordinator,CANONICAL-1000-005B3F70,,,decomp/leaf323d1aab/tests/properties.cpp,decomp/evidence/canonical_1000.md,Returns original constant 0x016941F4; frozen-V6 member and locally byte-identical I386 body; CI pending
FUN_005B6670,0x005B6670,0x001B6670,.text,6,FUN_005B6670,,ACTIVE,HIGH,true,false,false,false,false,false,false,thiscall,uint32_t,,const void*; observed PE32 leaf contract,UNKNOWN,LeafRecovery,decomp/leaf323d1aab/generated/src/leaves_003.cpp,coordinator,CANONICAL-1000-005B6670,,,decomp/leaf323d1aab/tests/properties.cpp,decomp/evidence/canonical_1000.md,Returns original constant 0x0169423C; frozen-V6 member and locally byte-identical I386 body; CI pending
FUN_005B6760,0x005B6760,0x001B6760,.text,6,FUN_005B6760,,ACTIVE,HIGH,true,false,false,false,false,false,false,thiscall,uint32_t,,const void*; observed PE32 leaf contract,UNKNOWN,LeafRecovery,decomp/leaf323d1aab/generated/src/leaves_003.cpp,coordinator,CANONICAL-1000-005B6760,,,decomp/leaf323d1aab/tests/properties.cpp,decomp/evidence/canonical_1000.md,Returns original constant 0x01694260; frozen-V6 member and locally byte-identical I386 body; CI pending
FUN_005B6A00,0x005B6A00,0x001B6A00,.text,6,FUN_005B6A00,,ACTIVE,HIGH,true,false,false,false,false,false,false,thiscall,uint32_t,,const void*; observed PE32 leaf contract,UNKNOWN,LeafRecovery,decomp/leaf323d1aab/generated/src/leaves_003.cpp,coordinator,CANONICAL-1000-005B6A00,,,decomp/leaf323d1aab/tests/properties.cpp,decomp/evidence/canonical_1000.md,Returns original constant 0x01694294; frozen-V6 member and locally byte-identical I386 body; CI pending
FUN_005B6A90,0x005B6A90,0x001B6A90,.text,4,FUN_005B6A90,,ACTIVE,HIGH,true,false,false,false,false,false,false,thiscall,uint32_t,,const void*; observed PE32 leaf contract,UNKNOWN,LeafRecovery,decomp/leaf323d1aab/generated/src/leaves_003.cpp,coordinator,CANONICAL-1000-005B6A90,,,decomp/leaf323d1aab/tests/properties.cpp,decomp/evidence/canonical_1000.md,Unsigned 32-bit load at this+0x2C; frozen-V6 member and locally byte-identical I386 body; CI pending
FUN_005B6FA0,0x005B6FA0,0x001B6FA0,.text,4,FUN_005B6FA0,,ACTIVE,HIGH,true,false,false,false,false,false,false,thiscall,uint32_t,,const void*; observed PE32 leaf contract,UNKNOWN,LeafRecovery,decomp/leaf323d1aab/generated/src/leaves_003.cpp,coordinator,CANONICAL-1000-005B6FA0,,,decomp/leaf323d1aab/tests/properties.cpp,decomp/evidence/canonical_1000.md,Unsigned 32-bit load at this+0xC; frozen-V6 member and locally byte-identical I386 body; CI pending
FUN_005B74D0,0x005B74D0,0x001B74D0,.text,4,FUN_005B74D0,,ACTIVE,HIGH,true,false,false,false,false,false,false,thiscall,uint32_t,,const void*; observed PE32 leaf contract,UNKNOWN,LeafRecovery,decomp/leaf323d1aab/generated/src/leaves_003.cpp,coordinator,CANONICAL-1000-005B74D0,,,decomp/leaf323d1aab/tests/properties.cpp,decomp/evidence/canonical_1000.md,Unsigned 32-bit load at this+0xC; frozen-V6 member and locally byte-identical I386 body; CI pending
FUN_005BD820,0x005BD820,0x001BD820,.text,6,FUN_005BD820,,ACTIVE,HIGH,true,false,false,false,false,false,false,thiscall,uint32_t,,const void*; observed PE32 leaf contract,UNKNOWN,LeafRecovery,decomp/leaf323d1aab/generated/src/leaves_003.cpp,coordinator,CANONICAL-1000-005BD820,,,decomp/leaf323d1aab/tests/properties.cpp,decomp/evidence/canonical_1000.md,Returns original constant 0x016942DC; frozen-V6 member and locally byte-identical I386 body; CI pending
FUN_005BD830,0x005BD830,0x001BD830,.text,6,FUN_005BD830,,ACTIVE,HIGH,true,false,false,false,false,false,false,thiscall,uint32_t,,const void*; observed PE32 leaf contract,UNKNOWN,LeafRecovery,decomp/leaf323d1aab/generated/src/leaves_003.cpp,coordinator,CANONICAL-1000-005BD830,,,decomp/leaf323d1aab/tests/properties.cpp,decomp/evidence/canonical_1000.md,Returns original constant 0x01694444; frozen-V6 member and locally byte-identical I386 body; CI pending
FUN_005BD840,0x005BD840,0x001BD840,.text,6,FUN_005BD840,,ACTIVE,HIGH,true,false,false,false,false,false,false,thiscall,uint32_t,,const void*; observed PE32 leaf contract,UNKNOWN,LeafRecovery,decomp/leaf323d1aab/generated/src/leaves_003.cpp,coordinator,CANONICAL-1000-005BD840,,,decomp/leaf323d1aab/tests/properties.cpp,decomp/evidence/canonical_1000.md,Returns original constant 0x01694420; frozen-V6 member and locally byte-identical I386 body; CI pending
FUN_005BD980,0x005BD980,0x001BD980,.text,6,FUN_005BD980,,ACTIVE,HIGH,true,false,false,false,false,false,false,thiscall,uint32_t,,const void*; observed PE32 leaf contract,UNKNOWN,LeafRecovery,decomp/leaf323d1aab/generated/src/leaves_003.cpp,coordinator,CANONICAL-1000-005BD980,,,decomp/leaf323d1aab/tests/properties.cpp,decomp/evidence/canonical_1000.md,Returns original constant 0x01694324; frozen-V6 member and locally byte-identical I386 body; CI pending
FUN_005BDA40,0x005BDA40,0x001BDA40,.text,6,FUN_005BDA40,,ACTIVE,HIGH,true,false,false,false,false,false,false,thiscall,uint32_t,,const void*; observed PE32 leaf contract,UNKNOWN,LeafRecovery,decomp/leaf323d1aab/generated/src/leaves_003.cpp,coordinator,CANONICAL-1000-005BDA40,,,decomp/leaf323d1aab/tests/properties.cpp,decomp/evidence/canonical_1000.md,Returns original constant 0x01694348; frozen-V6 member and locally byte-identical I386 body; CI pending
FUN_005BDB00,0x005BDB00,0x001BDB00,.text,6,FUN_005BDB00,,ACTIVE,HIGH,true,false,false,false,false,false,false,thiscall,uint32_t,,const void*; observed PE32 leaf contract,UNKNOWN,LeafRecovery,decomp/leaf323d1aab/generated/src/leaves_003.cpp,coordinator,CANONICAL-1000-005BDB00,,,decomp/leaf323d1aab/tests/properties.cpp,decomp/evidence/canonical_1000.md,Returns original constant 0x016943B4; frozen-V6 member and locally byte-identical I386 body; CI pending
FUN_005BDC10,0x005BDC10,0x001BDC10,.text,6,FUN_005BDC10,,ACTIVE,HIGH,true,false,false,false,false,false,false,thiscall,uint32_t,,const void*; observed PE32 leaf contract,UNKNOWN,LeafRecovery,decomp/leaf323d1aab/generated/src/leaves_003.cpp,coordinator,CANONICAL-1000-005BDC10,,,decomp/leaf323d1aab/tests/properties.cpp,decomp/evidence/canonical_1000.md,Returns original constant 0x0169436C; frozen-V6 member and locally byte-identical I386 body; CI pending
FUN_005BDDD0,0x005BDDD0,0x001BDDD0,.text,6,FUN_005BDDD0,,ACTIVE,HIGH,true,false,false,false,false,false,false,thiscall,uint32_t,,const void*; observed PE32 leaf contract,UNKNOWN,LeafRecovery,decomp/leaf323d1aab/generated/src/leaves_003.cpp,coordinator,CANONICAL-1000-005BDDD0,,,decomp/leaf323d1aab/tests/properties.cpp,decomp/evidence/canonical_1000.md,Returns original constant 0x016942B8; frozen-V6 member and locally byte-identical I386 body; CI pending
FUN_005BDF50,0x005BDF50,0x001BDF50,.text,6,FUN_005BDF50,,ACTIVE,HIGH,true,false,false,false,false,false,false,thiscall,uint32_t,,const void*; observed PE32 leaf contract,UNKNOWN,LeafRecovery,decomp/leaf323d1aab/generated/src/leaves_003.cpp,coordinator,CANONICAL-1000-005BDF50,,,decomp/leaf323d1aab/tests/properties.cpp,decomp/evidence/canonical_1000.md,Returns original constant 0x01694300; frozen-V6 member and locally byte-identical I386 body; CI pending
